{
"type": "FeatureCollection",
"name": "CRS84",
"crs": { "type": "name", "properties": { "name": "urn:ogc:def:crs:OGC::CRS84" } },
"features": [
{ "type": "Feature", "properties": { "fid": 1, "STATEFP10": "41", "COUNTYFP10": "005", "TRACTCE10": "022208", "BLOCKCE10": "1000", "GEOID10": "410050222081000", "NAME10": "Block 1000", "MTFCC10": "G5040", "UR10": null, "UACE10": null, "FUNCSTAT10": "S", "ALAND10": 272317, "AWATER10": 0, "INTPTLAT10": "+45.4593435", "INTPTLON10": "-122.4915370", "CNTY_NAME": "Clackamas", "BLKGRP10": "1", "LOGRECNO": 24479, "HU10": 22, "HU10_OCC": 22, "POP10": 67, "P10_017": 20, "P10_18PLS": 47, "P10_HISP": 0, "P10_NH1WH": 66, "P10_NH1BL": 0, "P10_NH1NAT": 0, "P10_NH1ASN": 1, "P10_NH1PI": 0, "P10_NH1OTH": 0, "P10_NH2": 0, "P10_WHAOIC": 66, "P10_BLAOIC": 0, "P10_NAAOIC": 0, "P10_ASAOIC": 1, "P10_PIAOIC": 0, "P10_OTAOIC": 0 }, "geometry": { "type": "MultiPolygon", "coordinates": [ [ [ [ -123.115984927463742, 45.444816474164227 ], [ -123.116188931884594, 45.445309474600023 ], [ -123.116265934486009, 45.445611474947093 ], [ -123.116273935653709, 45.445754475158665 ], [ -123.116262936497051, 45.445862475346686 ], [ -123.116260936532711, 45.445867475357865 ], [ -123.116216937582607, 45.446010475655498 ], [ -123.116132938501352, 45.446148476011324 ], [ -123.1160189399301, 45.44635847652966 ], [ -123.115720944127247, 45.446965477974238 ], [ -123.11561294524553, 45.447135478418865 ], [ -123.115575945618588, 45.447192478569157 ], [ -123.115452946444918, 45.447330478987958 ], [ -123.115411946736302, 45.447378479130656 ], [ -123.1151939475848, 45.447546479752411 ], [ -123.115005948019814, 45.447654480230511 ], [ -123.114821948295059, 45.447741480668995 ], [ -123.114756948402274, 45.447773480825788 ], [ -123.114600948757115, 45.447862481221101 ], [ -123.114601956882652, 45.448876482802888 ], [ -123.114607981274503, 45.45191948754502 ], [ -123.114609989410596, 45.452934489126811 ], [ -123.114531989216701, 45.452933489250846 ], [ -123.114299988655887, 45.452932489622782 ], [ -123.114222988472434, 45.45293248974675 ], [ -123.114242991802087, 45.453342490353869 ], [ -123.114244992343203, 45.45340949045513 ], [ -123.114250993806479, 45.453590490727734 ], [ -123.114321996858749, 45.453950491175227 ], [ -123.114330000584985, 45.454413491884608 ], [ -123.114314002243759, 45.454625492240879 ], [ -123.114369003961798, 45.454823492461806 ], [ -123.114369003993829, 45.454827492468048 ], [ -123.114393005389047, 45.454994492690254 ], [ -123.114494006674448, 45.455124492731869 ], [ -123.114556006968641, 45.455142492661032 ], [ -123.114636007122215, 45.455137492525566 ], [ -123.114637007517217, 45.455186492600504 ], [ -123.114642008731096, 45.455336492826788 ], [ -123.114644009136526, 45.455386492901695 ], [ -123.114488008494007, 45.455353493098876 ], [ -123.114124006883458, 45.45526249353744 ], [ -123.113733005032742, 45.455149493985289 ], [ -123.113687004841438, 45.455139494043152 ], [ -123.113395003671272, 45.455081494418991 ], [ -123.11320800311502, 45.455068494697301 ], [ -123.112485001461764, 45.455080495870021 ], [ -123.110730997210467, 45.455079498668226 ], [ -123.110233996008105, 45.455079499461547 ], [ -123.109743994783059, 45.455074500236066 ], [ -123.110244998677913, 45.45541249995469 ], [ -123.110838002086837, 45.45566049939066 ], [ -123.11087700231667, 45.455677499354707 ], [ -123.111446005091551, 45.455852498718357 ], [ -123.11182100639391, 45.455901498197278 ], [ -123.112366007353174, 45.455855497259044 ], [ -123.112990008152408, 45.455765496126489 ], [ -123.113598008327301, 45.4556024949052 ], [ -123.113762008613563, 45.45558849462217 ], [ -123.113817009682805, 45.455705494716661 ], [ -123.113918013136043, 45.456106495180286 ], [ -123.114133013595918, 45.456098494826051 ], [ -123.114207013760165, 45.456096494705299 ], [ -123.114565014776588, 45.456114494164282 ], [ -123.114682015454306, 45.456163494054856 ], [ -123.114839018433884, 45.456487494311773 ], [ -123.114823018867668, 45.456546494429375 ], [ -123.115091019490592, 45.456542493997858 ], [ -123.115096019647154, 45.456560494018085 ], [ -123.115102020856725, 45.456709494241743 ], [ -123.115095021505198, 45.456792494382682 ], [ -123.115057022639064, 45.456945494682294 ], [ -123.114893025523685, 45.457355495583109 ], [ -123.11474802830864, 45.45774749642495 ], [ -123.114736028455354, 45.457769496478278 ], [ -123.114576030584374, 45.45808449722275 ], [ -123.114400032391785, 45.458364497937168 ], [ -123.114160034591109, 45.458713498859204 ], [ -123.113728038029421, 45.459277500416228 ], [ -123.113499039593137, 45.459544501190621 ], [ -123.113317041440069, 45.45983250192328 ], [ -123.113174042879706, 45.460057502496447 ], [ -123.112979045106016, 45.460397503328871 ], [ -123.112815048006595, 45.46081250422835 ], [ -123.112731049790099, 45.461062504746728 ], [ -123.112689050721499, 45.461192505013557 ], [ -123.112545054258675, 45.461681505994896 ], [ -123.112469056347209, 45.461967506555666 ], [ -123.11240305893088, 45.462312507191974 ], [ -123.112479061715973, 45.462637507577263 ], [ -123.112511062579074, 45.462735507679461 ], [ -123.112533063169579, 45.462802507749167 ], [ -123.112825070298911, 45.463602508537669 ], [ -123.112868071335029, 45.463718508651226 ], [ -123.113033074776425, 45.464096508983481 ], [ -123.11311407588714, 45.464209509034248 ], [ -123.113248077302416, 45.464343509036283 ], [ -123.113452079058547, 45.464497508962154 ], [ -123.113893082371334, 45.464769508708407 ], [ -123.114710088279679, 45.465243508195641 ], [ -123.115079091088148, 45.465474507992127 ], [ -123.115286093398225, 45.465695508021618 ], [ -123.115386094741368, 45.465830508080288 ], [ -123.115628097771264, 45.466129508179591 ], [ -123.115747099334115, 45.466285508242834 ], [ -123.115752099395337, 45.466291508244623 ], [ -123.116099103932939, 45.4667435084259 ], [ -123.116370107223091, 45.467064508518547 ], [ -123.116645109939327, 45.467312508491261 ], [ -123.116926111393695, 45.467401508205093 ], [ -123.116933111428153, 45.467403508197634 ], [ -123.117450113882555, 45.467539507628139 ], [ -123.117810115651878, 45.467641507243698 ], [ -123.118102117090061, 45.467724506932662 ], [ -123.118373118570673, 45.467819506672718 ], [ -123.11863712041341, 45.467961506498327 ], [ -123.118861122062924, 45.468092506367455 ], [ -123.119224125164479, 45.468357506240046 ], [ -123.119499127995851, 45.468617506238708 ], [ -123.119597129040585, 45.468714506245377 ], [ -123.119810131297612, 45.468923506257426 ], [ -123.120125135253502, 45.469308506397439 ], [ -123.121611156529426, 45.471439507584883 ], [ -123.121828159481083, 45.471730507729205 ], [ -123.122107163750059, 45.472162508009092 ], [ -123.122401168153417, 45.47260550828603 ], [ -123.122504169402276, 45.472724508325093 ], [ -123.122621170746655, 45.472850508354831 ], [ -123.122801172727506, 45.473033508383459 ], [ -123.122839173083634, 45.47306450837722 ], [ -123.123021174810319, 45.4732155083517 ], [ -123.123340177621543, 45.473453508264662 ], [ -123.123806181849773, 45.47381550816251 ], [ -123.124159185169148, 45.474103508108904 ], [ -123.124250186219584, 45.474201508133874 ], [ -123.124442187490217, 45.474292507998847 ], [ -123.124461187615935, 45.47430150798548 ], [ -123.124721189523925, 45.474447507840033 ], [ -123.124967191615724, 45.474620507759624 ], [ -123.124981191768825, 45.474634507761827 ], [ -123.125103193103257, 45.474756507781152 ], [ -123.125130193439588, 45.474788507793583 ], [ -123.125298192804266, 45.474654507328246 ], [ -123.125525193166226, 45.474622506942218 ], [ -123.126004195689049, 45.474769506478054 ], [ -123.126094196166463, 45.474797506391567 ], [ -123.126217197284674, 45.474892506366253 ], [ -123.126513198723941, 45.474968506055951 ], [ -123.126941201226458, 45.475129505691569 ], [ -123.127050202118994, 45.475201505649828 ], [ -123.127206202664553, 45.475215505443948 ], [ -123.127308202608731, 45.475174505226967 ], [ -123.127222200192108, 45.474909504917846 ], [ -123.126942194094696, 45.474261504265883 ], [ -123.126818190237515, 45.473833503746611 ], [ -123.126771188777838, 45.473671503550349 ], [ -123.126655186283898, 45.473406503287322 ], [ -123.126499183755939, 45.473150503098644 ], [ -123.126468182152351, 45.472965502841546 ], [ -123.126570180951546, 45.472785502395539 ], [ -123.126640180583266, 45.472717502180323 ], [ -123.126881180391578, 45.472614501653958 ], [ -123.127701180683587, 45.472379500050685 ], [ -123.127857180060744, 45.472252499609873 ], [ -123.127889177676806, 45.471952499068244 ], [ -123.127904176597298, 45.471816498821923 ], [ -123.127966175801106, 45.471699498536879 ], [ -123.128170175239475, 45.471564498010444 ], [ -123.128419175383556, 45.471500497533739 ], [ -123.128786176224665, 45.471482496956874 ], [ -123.128918176729115, 45.471500496789851 ], [ -123.129129177215532, 45.471490496458749 ], [ -123.129542177139214, 45.471346495604365 ], [ -123.130320178448855, 45.471251494285831 ], [ -123.130400178581453, 45.471241494149822 ], [ -123.131679181302715, 45.471154492095621 ], [ -123.132171182776077, 45.471172491391179 ], [ -123.132560183631654, 45.4711494907719 ], [ -123.132810184562189, 45.471180490450671 ], [ -123.133177185358363, 45.471157489864147 ], [ -123.13337018566115, 45.47113148953224 ], [ -123.133730186246325, 45.471085488917247 ], [ -123.134089186944976, 45.471053488327144 ], [ -123.134175186834227, 45.47101248812951 ], [ -123.13435518521527, 45.470760487435108 ], [ -123.134441183526505, 45.470530486918051 ], [ -123.134706180812984, 45.470120485828154 ], [ -123.13476018073186, 45.47009348570154 ], [ -123.134860180573128, 45.470042485465285 ], [ -123.134902180509911, 45.470021485366715 ], [ -123.135026180648993, 45.469998485141765 ], [ -123.135190181220821, 45.470014484922821 ], [ -123.135303181623001, 45.470026484773598 ], [ -123.13547718223009, 45.470043484541392 ], [ -123.135703182992913, 45.470062484234617 ], [ -123.13598518395581, 45.470087483854073 ], [ -123.13608718419492, 45.470083483694317 ], [ -123.136438184412341, 45.469997483021494 ], [ -123.136765183164314, 45.469744482099756 ], [ -123.136788182890243, 45.469704481997049 ], [ -123.136906181502127, 45.469501481473721 ], [ -123.137035180956289, 45.469395481098942 ], [ -123.13800218657255, 45.469757480264001 ], [ -123.140903203492329, 45.470843477786111 ], [ -123.141871209167036, 45.471206476969364 ], [ -123.141844209407807, 45.471243477073912 ], [ -123.141655211193793, 45.471514477826247 ], [ -123.141540212204376, 45.471670478268265 ], [ -123.143949221429438, 45.471990475239672 ], [ -123.144363223017521, 45.47204547472019 ], [ -123.149352242345984, 45.47272346851026 ], [ -123.149512242797954, 45.472725468276565 ], [ -123.149529242852751, 45.472726468253171 ], [ -123.149849243532927, 45.472704467739298 ], [ -123.149977243372803, 45.472645467443918 ], [ -123.150141242147612, 45.472451466853464 ], [ -123.150250240961824, 45.472279466383618 ], [ -123.150309239674542, 45.472111465995091 ], [ -123.150312238726471, 45.472000465791858 ], [ -123.150293237744791, 45.471892465626723 ], [ -123.150120233238582, 45.471423465044843 ], [ -123.150046231541069, 45.471249464843858 ], [ -123.150007230394365, 45.471128464685584 ], [ -123.149999229004024, 45.470969464413123 ], [ -123.150012227566819, 45.470798464087771 ], [ -123.150100225882923, 45.470575463557111 ], [ -123.149954225259066, 45.470548463727347 ], [ -123.149105221900527, 45.470422464773527 ], [ -123.149009221523116, 45.470408464892358 ], [ -123.148463219485805, 45.470341465590948 ], [ -123.148009217858828, 45.470293466185879 ], [ -123.147558216060716, 45.470224466739346 ], [ -123.146613212506608, 45.470104467943827 ], [ -123.146401211572368, 45.470061468185847 ], [ -123.146224210526867, 45.469994468333105 ], [ -123.146134209936179, 45.469953468395808 ], [ -123.146027209231889, 45.469904468469991 ], [ -123.145876207821161, 45.469786468488671 ], [ -123.145711205861517, 45.46960846842294 ], [ -123.145534203503971, 45.469387468299949 ], [ -123.145413202158224, 45.469267468270843 ], [ -123.145502201917026, 45.469211468038345 ], [ -123.145762201728758, 45.469108467465432 ], [ -123.146313201141083, 45.468868466211916 ], [ -123.146823200611479, 45.46864846505396 ], [ -123.146995200356699, 45.468565464647504 ], [ -123.147130199986407, 45.468480464293243 ], [ -123.147240199481132, 45.468387463962387 ], [ -123.147569197369407, 45.468039462848246 ], [ -123.147643196767675, 45.467946462571312 ], [ -123.147810195433607, 45.467739461951183 ], [ -123.148098193627476, 45.467440460983639 ], [ -123.148244192526946, 45.467267460454636 ], [ -123.148452191056009, 45.467032459720862 ], [ -123.14850319056309, 45.466959459513482 ], [ -123.148810187674172, 45.466529458280917 ], [ -123.149018185914855, 45.466261457486468 ], [ -123.149085185256027, 45.466164457211399 ], [ -123.1493221833977, 45.465876456336019 ], [ -123.149644181146954, 45.465517455202956 ], [ -123.149874179721323, 45.465282454431048 ], [ -123.150070178292012, 45.465057453728427 ], [ -123.1501041780528, 45.465019453608299 ], [ -123.15032717681207, 45.464808452888711 ], [ -123.150498176202532, 45.464686452407797 ], [ -123.15064117579594, 45.464596452026989 ], [ -123.150809175453361, 45.464506451607605 ], [ -123.151303175052675, 45.464312450500337 ], [ -123.151628174594151, 45.464162449730935 ], [ -123.15192117428505, 45.46403944905876 ], [ -123.152097174097776, 45.463965448654584 ], [ -123.152294173756459, 45.463867448174618 ], [ -123.152473173212613, 45.463751447689646 ], [ -123.152649172608406, 45.463629447198194 ], [ -123.152978171313009, 45.463382446244495 ], [ -123.153838168075765, 45.462755443780523 ], [ -123.154011167432088, 45.462630443286074 ], [ -123.154469165706629, 45.462297441971948 ], [ -123.154889164331593, 45.462016440809506 ], [ -123.155051163751367, 45.461902440350492 ], [ -123.155234163284575, 45.461795439871423 ], [ -123.155331163043073, 45.461739439618661 ], [ -123.155621162645772, 45.461609438930907 ], [ -123.155807162306516, 45.461516438471989 ], [ -123.155998161970587, 45.461422438003211 ], [ -123.156174162789881, 45.461465437808073 ], [ -123.156451164030429, 45.461527437490766 ], [ -123.156630164831796, 45.461567437285716 ], [ -123.157052166178232, 45.461599436688381 ], [ -123.15724016666249, 45.461600436398008 ], [ -123.157560167349558, 45.461586435874885 ], [ -123.157840167795456, 45.461556435384459 ], [ -123.158014168078068, 45.461538435080811 ], [ -123.158156168270892, 45.461519434825071 ], [ -123.15830316847628, 45.461500434561493 ], [ -123.158828169295347, 45.461442433638119 ], [ -123.159152169667053, 45.4613914330399 ], [ -123.159405169972928, 45.461353432576061 ], [ -123.15987317011917, 45.461235431629312 ], [ -123.160204169891813, 45.461114430889666 ], [ -123.160775169661122, 45.460924429647299 ], [ -123.161546169401518, 45.460674427979804 ], [ -123.161608169381253, 45.460654427845796 ], [ -123.162202169234618, 45.460468426571602 ], [ -123.162424169121664, 45.460392426082898 ], [ -123.163001168812471, 45.460193424808942 ], [ -123.163178168761391, 45.46013742442733 ], [ -123.163495168751226, 45.460046423760936 ], [ -123.163635168801122, 45.460012423478112 ], [ -123.164001169425163, 45.45997942284351 ], [ -123.164595170831632, 45.45997042189709 ], [ -123.16508717223094, 45.459989421163037 ], [ -123.165401173052103, 45.459993420679282 ], [ -123.165875174371308, 45.460008419966009 ], [ -123.165897174426391, 45.460008419931576 ], [ -123.166567176236356, 45.460023418911746 ], [ -123.167144177529153, 45.460006417976736 ], [ -123.167492178008217, 45.459962417348628 ], [ -123.167858178309018, 45.45989341664454 ], [ -123.16905717841361, 45.459569414148469 ], [ -123.170050178537991, 45.459306412087727 ], [ -123.170421178629326, 45.459213411326999 ], [ -123.170770178852877, 45.459141410640797 ], [ -123.171193179394137, 45.459084409866911 ], [ -123.171467179887131, 45.45906340939613 ], [ -123.171838180657019, 45.459046408780615 ], [ -123.172095181403733, 45.459058408400104 ], [ -123.172541182872266, 45.459098407776949 ], [ -123.172941184325936, 45.45914940724753 ], [ -123.173468186933846, 45.459293406699395 ], [ -123.173908189183237, 45.459421406257597 ], [ -123.174314191349737, 45.459549405869808 ], [ -123.175052194961111, 45.459745405095134 ], [ -123.17560719779415, 45.459905404538404 ], [ -123.175683198192189, 45.459928404464378 ], [ -123.176249201164794, 45.460100403915234 ], [ -123.176539202697057, 45.460189403636036 ], [ -123.176922204780539, 45.460313403280523 ], [ -123.17734620763072, 45.460510403004989 ], [ -123.177746210232741, 45.460686402726665 ], [ -123.178084212653843, 45.460859402539995 ], [ -123.178479215393281, 45.461051402302743 ], [ -123.178937218958339, 45.461316402112516 ], [ -123.17930422224272, 45.461575402053491 ], [ -123.179401223243786, 45.461658402066853 ], [ -123.179558225089252, 45.461817402137484 ], [ -123.17973822834233, 45.462124402465783 ], [ -123.17985623013638, 45.462288402607577 ], [ -123.179962231882357, 45.462450402764254 ], [ -123.180037232966512, 45.462548402842302 ], [ -123.180152234626959, 45.462698402961657 ], [ -123.180236235634382, 45.462785403004204 ], [ -123.180439237739321, 45.462959403035498 ], [ -123.180755241138286, 45.463243403111214 ], [ -123.181053244274977, 45.463503403168154 ], [ -123.181292246961362, 45.463730403251262 ], [ -123.181558250276595, 45.464018403415032 ], [ -123.181807253523203, 45.464303403599892 ], [ -123.182096257131633, 45.46461640378017 ], [ -123.182272259206016, 45.464793403863339 ], [ -123.182373260126127, 45.464865403852194 ], [ -123.182611262307589, 45.465036403828968 ], [ -123.182890264715681, 45.465220403769479 ], [ -123.18290826486313, 45.465231403763923 ], [ -123.183138266715076, 45.465368403686007 ], [ -123.183303267894971, 45.465450403597785 ], [ -123.183778271770962, 45.465738403448867 ], [ -123.185034282064876, 45.466502403068603 ], [ -123.185206283434511, 45.466602403008174 ], [ -123.185686287286813, 45.46688440284661 ], [ -123.185776288010814, 45.466937402816761 ], [ -123.18598828978277, 45.46706940276114 ], [ -123.186158291113514, 45.467165402696907 ], [ -123.186334292497477, 45.467265402631853 ], [ -123.1873523008245, 45.467877402328185 ], [ -123.187574302620433, 45.468008402258029 ], [ -123.18804830647035, 45.468289402112113 ], [ -123.188292308494141, 45.468438402046495 ], [ -123.188867313267053, 45.468789401893517 ], [ -123.18903231452002, 45.468877401824166 ], [ -123.189054314689599, 45.468889401815474 ], [ -123.189150315342857, 45.468932401758501 ], [ -123.189298316226967, 45.468985401643607 ], [ -123.189452317359169, 45.46906340157085 ], [ -123.189695318728212, 45.469141401364183 ], [ -123.18995931988448, 45.469190401066854 ], [ -123.189997320050495, 45.469197401023969 ], [ -123.190755322725067, 45.469268400028348 ], [ -123.191175324269793, 45.469314399490692 ], [ -123.19149132597606, 45.469407399206304 ], [ -123.191779327850895, 45.469526399017894 ], [ -123.19196932952164, 45.469651398989534 ], [ -123.192022329989058, 45.469686398981963 ], [ -123.192288332907779, 45.469923399070645 ], [ -123.192470335352183, 45.470133399230434 ], [ -123.192517335981506, 45.470187399271303 ], [ -123.192680338591245, 45.470420399507603 ], [ -123.192879342213487, 45.470751399892826 ], [ -123.193109346817678, 45.471178400430937 ], [ -123.193116346948571, 45.471190400445266 ], [ -123.193220348535874, 45.471330400579333 ], [ -123.193397350946441, 45.471537400743252 ], [ -123.193656354205885, 45.471811400924217 ], [ -123.193818356569423, 45.47201740110949 ], [ -123.19400335997841, 45.472328401478556 ], [ -123.194063361497243, 45.472473401689868 ], [ -123.194122363200734, 45.472638401944195 ], [ -123.194167365502608, 45.47287140236034 ], [ -123.194212368918173, 45.473223403023297 ], [ -123.194228371338184, 45.473477403526132 ], [ -123.194221373929338, 45.473756404114809 ], [ -123.194163375763267, 45.473969404641913 ], [ -123.193981379426447, 45.474414405832079 ], [ -123.193961379913887, 45.474472405981665 ], [ -123.193944380344107, 45.474523406112304 ], [ -123.193890382327567, 45.474751406663877 ], [ -123.193872383390669, 45.474870406936745 ], [ -123.19387338653496, 45.475206407630999 ], [ -123.193918388791076, 45.475434408037174 ], [ -123.194014390992265, 45.475641408325302 ], [ -123.194027391205907, 45.475660408345632 ], [ -123.194125392852115, 45.475807408506782 ], [ -123.194273394562543, 45.475946408578388 ], [ -123.194598397251497, 45.476137408499582 ], [ -123.195134401447078, 45.47642640831728 ], [ -123.195718406025506, 45.476741408121136 ], [ -123.196059408608519, 45.476915407986979 ], [ -123.197041416301943, 45.477442407659154 ], [ -123.197637421169446, 45.477782407505643 ], [ -123.198044424448554, 45.478009407391447 ], [ -123.198477427813259, 45.478237407242901 ], [ -123.198730429986227, 45.478392407202442 ], [ -123.19879343053131, 45.47843140719332 ], [ -123.199081432738453, 45.478579407088205 ], [ -123.199275434125028, 45.478668406995183 ], [ -123.199441435877134, 45.478804407041835 ], [ -123.199613437864187, 45.478963407128603 ], [ -123.19978044016878, 45.479157407296697 ], [ -123.199810440650467, 45.479199407342008 ], [ -123.200028444159557, 45.47950540767355 ], [ -123.20015844616357, 45.479678407851651 ], [ -123.200314448809635, 45.479911408119364 ], [ -123.200957458986977, 45.480793409061981 ], [ -123.201008459833304, 45.480867409145638 ], [ -123.201292464519412, 45.481276409605712 ], [ -123.201442466711512, 45.481462409785713 ], [ -123.201470466981306, 45.481482409788129 ], [ -123.201636468632572, 45.481606409814255 ], [ -123.201836469898382, 45.48167940968397 ], [ -123.202096471118608, 45.48172940941955 ], [ -123.202350471999296, 45.48174540909158 ], [ -123.202616472639164, 45.481732408684891 ], [ -123.202820472929957, 45.481701408328199 ], [ -123.203097472831104, 45.481607407733215 ], [ -123.203660472513775, 45.481404406497333 ], [ -123.20394847262456, 45.481329405926175 ], [ -123.204268472978612, 45.481270405343217 ], [ -123.204462473419412, 45.481258405040535 ], [ -123.204655473971627, 45.481258404764915 ], [ -123.204871474808996, 45.481281404505687 ], [ -123.205142476099724, 45.481335404234414 ], [ -123.205453478059098, 45.481447404030689 ], [ -123.205708479935524, 45.481567403924423 ], [ -123.205990482865005, 45.481789403999223 ], [ -123.206151485104755, 45.481975404169653 ], [ -123.206285487908403, 45.482228404522949 ], [ -123.206310488745089, 45.482308404659435 ], [ -123.206352490108927, 45.482438404879339 ], [ -123.206352492116636, 45.482648405331034 ], [ -123.206279495318739, 45.483005406202274 ], [ -123.206222497161249, 45.483215406734537 ], [ -123.206123499216133, 45.483460407401253 ], [ -123.206099501153403, 45.483670407886535 ], [ -123.206108503578193, 45.483921408413259 ], [ -123.206142505741326, 45.484137408829568 ], [ -123.206200507554072, 45.484309409117593 ], [ -123.206209507838366, 45.484336409162957 ], [ -123.206291509119268, 45.484445409281868 ], [ -123.206560513317839, 45.484802409671545 ], [ -123.206591513771869, 45.484840409709776 ], [ -123.20669651530315, 45.484968409837812 ], [ -123.206924519070611, 45.485292410215671 ], [ -123.207125522378377, 45.485576410546081 ], [ -123.207420527487329, 45.486019411088826 ], [ -123.207598530435135, 45.48627241138626 ], [ -123.207697532078043, 45.486413411552526 ], [ -123.207823534242038, 45.486600411780721 ], [ -123.208007536971323, 45.48682841201709 ], [ -123.20819154031588, 45.487120412392358 ], [ -123.208288543375517, 45.487409412882656 ], [ -123.208304545955656, 45.487673413431558 ], [ -123.208265547720075, 45.487869413909621 ], [ -123.208159549351933, 45.488072414495484 ], [ -123.207901551392936, 45.48836541548571 ], [ -123.207755552088599, 45.488483415942412 ], [ -123.207507552996518, 45.488655416656293 ], [ -123.207495553008556, 45.488660416683658 ], [ -123.207158553601047, 45.488827417508958 ], [ -123.206839553747912, 45.488942418196693 ], [ -123.206388553727919, 45.489081419117525 ], [ -123.206256553820324, 45.489132419409046 ], [ -123.206104554215685, 45.489221419809716 ], [ -123.206023554727864, 45.489300420091013 ], [ -123.205991555157468, 45.489355420253219 ], [ -123.2059355562984, 45.489492420624558 ], [ -123.205913557025312, 45.489575420833098 ], [ -123.205898558403689, 45.489724421173761 ], [ -123.205919559832878, 45.48986742145209 ], [ -123.205960561437053, 45.490022421728774 ], [ -123.205991562332898, 45.49010642186672 ], [ -123.206024562976907, 45.490163421943969 ], [ -123.206073563936741, 45.490248422059445 ], [ -123.206164565405615, 45.490373422203419 ], [ -123.20634756718114, 45.490501422228114 ], [ -123.206550568577953, 45.490583422126718 ], [ -123.206779569977286, 45.490657421972763 ], [ -123.206957570926434, 45.490700421821948 ], [ -123.207190572271784, 45.490767421647796 ], [ -123.207424574137946, 45.490888421588991 ], [ -123.207576576025218, 45.491037421702956 ], [ -123.207689578044281, 45.491212421926612 ], [ -123.207740579876003, 45.491387422234965 ], [ -123.207725581536423, 45.491565422639809 ], [ -123.207708582069415, 45.491626422794688 ], [ -123.207645583190924, 45.491763423176259 ], [ -123.207423585888023, 45.492115424237831 ], [ -123.207247589316509, 45.492529425369739 ], [ -123.206819595933084, 45.493357427733329 ], [ -123.20660860040347, 45.493892429169811 ], [ -123.206589600957201, 45.493956429333153 ], [ -123.206573601491414, 45.494017429485972 ], [ -123.20656960325806, 45.494203429891677 ], [ -123.20659060515915, 45.494395430276704 ], [ -123.206636606869736, 45.494559430567904 ], [ -123.206657607326719, 45.494600430627948 ], [ -123.206733608977245, 45.494748430844616 ], [ -123.206876611093648, 45.494923431029747 ], [ -123.207074613199268, 45.495079431100621 ], [ -123.207445615985449, 45.495250430972732 ], [ -123.207714617700418, 45.495342430811405 ], [ -123.20799361914041, 45.495402430567886 ], [ -123.20823962020043, 45.495433430305972 ], [ -123.20860062091667, 45.495391429732358 ], [ -123.208913621445191, 45.495345429214083 ], [ -123.209153621478052, 45.495271428732543 ], [ -123.20952262061185, 45.495062427785051 ], [ -123.210099618846158, 45.494693426209643 ], [ -123.210876616822347, 45.494234424166486 ], [ -123.211517615246535, 45.493866422500801 ], [ -123.211990613581847, 45.493543421157213 ], [ -123.212004613518602, 45.49353242111426 ], [ -123.212502611596534, 45.493175419660396 ], [ -123.21277461030239, 45.492955418810496 ], [ -123.212931609815442, 45.492855418378788 ], [ -123.213191609158912, 45.492705417697621 ], [ -123.213536608673365, 45.492546416880998 ], [ -123.213752609061387, 45.492518416526643 ], [ -123.213945609592201, 45.492512416251763 ], [ -123.21430761088105, 45.492531415802802 ], [ -123.214475611636161, 45.492556415630112 ], [ -123.214861613736218, 45.492651415316402 ], [ -123.215110615486893, 45.492753415204128 ], [ -123.215376617717766, 45.492899415166356 ], [ -123.215803622746364, 45.493282415435502 ], [ -123.216319628715382, 45.493733415737331 ], [ -123.217069637945713, 45.494444416304518 ], [ -123.217181639323925, 45.494550416389409 ], [ -123.218051649102833, 45.495277416839464 ], [ -123.218374653247437, 45.495599417124694 ], [ -123.21849565504877, 45.495745417288447 ], [ -123.218778660119312, 45.496174417867557 ], [ -123.218899663193227, 45.496450418322219 ], [ -123.219021666828567, 45.496783418903178 ], [ -123.219119671719739, 45.497252419820192 ], [ -123.219144674173748, 45.497495420329649 ], [ -123.219145676718824, 45.497755420908895 ], [ -123.219066684584305, 45.498585422866284 ], [ -123.219007692950825, 45.499460424897038 ], [ -123.218988699236405, 45.500176426776783 ], [ -123.218986699590204, 45.500234426990239 ], [ -123.218969700833895, 45.500443427772169 ], [ -123.218906705539126, 45.501233430726096 ], [ -123.218871709240602, 45.501847433003604 ], [ -123.218804716268366, 45.503013437329244 ], [ -123.218735721806098, 45.503940440788647 ], [ -123.218776723407629, 45.504177441596624 ], [ -123.218898725091776, 45.504386442197301 ], [ -123.219064727057912, 45.504618442824238 ], [ -123.218983727111919, 45.504668443111541 ], [ -123.21873172748775, 45.504857444126891 ], [ -123.218671727850534, 45.504946444528549 ], [ -123.218639728537909, 45.505073445031854 ], [ -123.218608729570022, 45.505255445733731 ], [ -123.21860772963521, 45.505266445775021 ], [ -123.218575732148423, 45.505687447346851 ], [ -123.21853373414568, 45.506030448648147 ], [ -123.218500734904552, 45.506169449196335 ], [ -123.218249736179146, 45.506502450733244 ], [ -123.218123736426833, 45.50660645127514 ], [ -123.217445737912143, 45.507190454279339 ], [ -123.217369738007562, 45.507244454574369 ], [ -123.217362738035135, 45.507252454612555 ], [ -123.217303738302334, 45.507325454954518 ], [ -123.217276738844575, 45.507426455356594 ], [ -123.217277740140148, 45.507634456111028 ], [ -123.217267742053409, 45.507947457261224 ], [ -123.217265742755416, 45.508061457678011 ], [ -123.216829742932532, 45.508311459152928 ], [ -123.216649743091509, 45.508428459811881 ], [ -123.21661074327919, 45.508478460044209 ], [ -123.216641744439812, 45.508649460625101 ], [ -123.216501744588484, 45.50874446115207 ], [ -123.216080743794635, 45.508830462011382 ], [ -123.215760743574577, 45.508957462888311 ], [ -123.215498743251644, 45.509038463522799 ], [ -123.21542574315815, 45.509060463697487 ], [ -123.215034742689667, 45.509183464651969 ], [ -123.214753742033423, 45.50922046515123 ], [ -123.213793740249827, 45.509420467123931 ], [ -123.213489739882306, 45.509515467863473 ], [ -123.213169739713393, 45.509650468768896 ], [ -123.212982739827126, 45.509763469421742 ], [ -123.212896742301055, 45.510204471133768 ], [ -123.212670743275794, 45.510475472410405 ], [ -123.21255374464404, 45.5107544735746 ], [ -123.212397744993112, 45.51088947426679 ], [ -123.212343745694653, 45.511029474844811 ], [ -123.212428747388117, 45.511258475565505 ], [ -123.212343750065344, 45.511731477391962 ], [ -123.212343751161143, 45.511907478030544 ], [ -123.212437752403332, 45.512059478460273 ], [ -123.212569753491081, 45.512167478681093 ], [ -123.212936757079717, 45.512558479624467 ], [ -123.213046758346962, 45.512706480019098 ], [ -123.213155761521705, 45.51316148152921 ], [ -123.213267763510686, 45.513424482338699 ], [ -123.213272763594873, 45.513435482372152 ], [ -123.213530767175143, 45.513880483653324 ], [ -123.213587768219256, 45.514019484084088 ], [ -123.213710770509806, 45.514325485035613 ], [ -123.213725771372083, 45.514456485491714 ], [ -123.213687772061675, 45.514586486012753 ], [ -123.21359377252567, 45.514708486577106 ], [ -123.213226772916698, 45.514956487951807 ], [ -123.212927773422038, 45.515188489180332 ], [ -123.212723771505551, 45.514983488700182 ], [ -123.212636770410654, 45.51485148833369 ], [ -123.212463769300896, 45.514760488227196 ], [ -123.212335768681072, 45.514725488265732 ], [ -123.212196768182324, 45.514715488409223 ], [ -123.211828767219757, 45.514746488997595 ], [ -123.211338766160708, 45.514823489910576 ], [ -123.211064765144613, 45.514798490174208 ], [ -123.210862763438811, 45.514626489811619 ], [ -123.210724762158108, 45.514490489496851 ], [ -123.210673761393579, 45.514393489211031 ], [ -123.210600759176771, 45.514074488148516 ], [ -123.210614758716105, 45.513993487836657 ], [ -123.210542757767101, 45.513877487509134 ], [ -123.210310755617357, 45.513649486982558 ], [ -123.210194754461355, 45.513522486672159 ], [ -123.210006752991703, 45.513381486404214 ], [ -123.209855751981038, 45.513295486287859 ], [ -123.209847751226718, 45.513178485874001 ], [ -123.209897750692122, 45.513067485406758 ], [ -123.209868750058718, 45.51298048512885 ], [ -123.20986374993079, 45.512962485070076 ], [ -123.209773748868685, 45.512837484733403 ], [ -123.20966574784967, 45.512728484478053 ], [ -123.209470746538202, 45.512616484324539 ], [ -123.20893674372995, 45.51243548436014 ], [ -123.208770742577954, 45.512334484209063 ], [ -123.20854574079749, 45.512162483877106 ], [ -123.208184738370548, 45.511955483594662 ], [ -123.207802737330468, 45.511981484183963 ], [ -123.207435736905367, 45.512098485083534 ], [ -123.20724173714963, 45.512235485831326 ], [ -123.207104737510932, 45.512362486468987 ], [ -123.206903737926865, 45.512530487338061 ], [ -123.20618373656697, 45.512675488795978 ], [ -123.205213734277692, 45.512797490494215 ], [ -123.20500073395749, 45.512853490972859 ], [ -123.204817734955768, 45.513105492122342 ], [ -123.204764736050691, 45.513307492922422 ], [ -123.204777737278178, 45.513497493593547 ], [ -123.204834738568991, 45.513675494164296 ], [ -123.205091741368719, 45.513994494986854 ], [ -123.205243743600931, 45.514275495807787 ], [ -123.205287745306407, 45.51452649665984 ], [ -123.205277746461377, 45.514716497360851 ], [ -123.20548474905317, 45.51502749821946 ], [ -123.205722750886622, 45.515201498541941 ], [ -123.206025751550598, 45.515155497983635 ], [ -123.206293752354398, 45.515149497615404 ], [ -123.20638675288977, 45.515188497636451 ], [ -123.206411753217893, 45.515228497749028 ], [ -123.206430753864211, 45.515322498065011 ], [ -123.206394755742139, 45.515641499267119 ], [ -123.206395757168281, 45.515869500091782 ], [ -123.20627775789039, 45.516044500878181 ], [ -123.206094758602177, 45.516250501860739 ], [ -123.205813758295207, 45.516342502556967 ], [ -123.205586757539621, 45.516335502824809 ], [ -123.204438751953106, 45.516017503156277 ], [ -123.203865749355941, 45.515889503433215 ], [ -123.203594748368289, 45.515867503703738 ], [ -123.203356747621598, 45.515867504011268 ], [ -123.203140747231444, 45.515913504456854 ], [ -123.202968747279343, 45.516007505019289 ], [ -123.202849747318567, 45.516073505411882 ], [ -123.202482748167768, 45.516393507044022 ], [ -123.202428748236002, 45.516431507251234 ], [ -123.202298749291231, 45.516665508265902 ], [ -123.202301749825779, 45.516749508565951 ], [ -123.202379750833003, 45.516871508906704 ], [ -123.202476752587316, 45.517103509620981 ], [ -123.202535753447364, 45.517211509935656 ], [ -123.202588754463605, 45.517347510359379 ], [ -123.202617755135776, 45.517440510658489 ], [ -123.202639755786052, 45.517533510966686 ], [ -123.202620756270363, 45.517620511306028 ], [ -123.202453757791346, 45.517947512704822 ], [ -123.202389758497361, 45.518092513312084 ], [ -123.202351759203552, 45.51822451383876 ], [ -123.202294760669247, 45.518487514863914 ], [ -123.202294761632018, 45.518641515421173 ], [ -123.20230176227912, 45.518741515773968 ], [ -123.202412764639504, 45.519063516796074 ], [ -123.202419765255271, 45.519158517130826 ], [ -123.202416765570973, 45.519210517322868 ], [ -123.202390766102269, 45.519308517710975 ], [ -123.202368766314748, 45.519353517902175 ], [ -123.202233767030251, 45.519535518734692 ], [ -123.202137767242661, 45.519617519155105 ], [ -123.201991767967726, 45.519806520027039 ], [ -123.201850770865803, 45.520340522140707 ], [ -123.201707771244202, 45.520472522802407 ], [ -123.201610771516357, 45.520564523260155 ], [ -123.200934770836071, 45.520793524958819 ], [ -123.200895770983195, 45.520836525164555 ], [ -123.200660771431259, 45.521025526150616 ], [ -123.200488771400686, 45.521106526664965 ], [ -123.200208771226784, 45.521218527430349 ], [ -123.200093771462022, 45.521313527921897 ], [ -123.200017771756521, 45.521398528327062 ], [ -123.199973772150983, 45.521483528691043 ], [ -123.199948772636105, 45.521573529048659 ], [ -123.199912773036843, 45.521655529391495 ], [ -123.199910773074393, 45.521662529419388 ], [ -123.199840773362709, 45.521743529802329 ], [ -123.199372774567863, 45.52216953194457 ], [ -123.199107774842489, 45.522345532921634 ], [ -123.199062774795976, 45.522360533033719 ], [ -123.199021774761889, 45.522375533140661 ], [ -123.198965774674804, 45.522389533263265 ], [ -123.198850774428578, 45.522407533476198 ], [ -123.19865377383266, 45.522410533740299 ], [ -123.198355772996621, 45.522425534177671 ], [ -123.198215772797724, 45.522463534495003 ], [ -123.198072772558135, 45.522496534798137 ], [ -123.197983772430717, 45.522520534999281 ], [ -123.197942772377957, 45.52253253509538 ], [ -123.197810772141437, 45.522560535366246 ], [ -123.197624771736471, 45.522588535706547 ], [ -123.194764772338402, 45.52410754486823 ], [ -123.197067785059701, 45.524992545109022 ], [ -123.197209785552005, 45.525000544955709 ], [ -123.197455786531023, 45.525034544762939 ], [ -123.197609787267368, 45.525075544713509 ], [ -123.197859788922599, 45.525215544898728 ], [ -123.198209791577881, 45.525465545353335 ], [ -123.198831795968132, 45.525857545972634 ], [ -123.198940796876983, 45.525948546161843 ], [ -123.199155799035807, 45.526186546746629 ], [ -123.199431801615688, 45.526461547387129 ], [ -123.199920805552068, 45.52684754815624 ], [ -123.200092806762655, 45.526955548326406 ], [ -123.200413808767934, 45.527116548497432 ], [ -123.200813810661913, 45.527220548361193 ], [ -123.201482813385539, 45.527323547876868 ], [ -123.201866814747859, 45.52735054748274 ], [ -123.20212981557151, 45.527351547149514 ], [ -123.202628817434956, 45.527401546691351 ], [ -123.203015819168883, 45.527486546503333 ], [ -123.203142819882316, 45.527537546525288 ], [ -123.203233820465044, 45.527585546582458 ], [ -123.203473822710507, 45.527825547143848 ], [ -123.203749825042507, 45.528061547644803 ], [ -123.203858825762183, 45.528122547726078 ], [ -123.203973826687914, 45.528213547908308 ], [ -123.204107827578824, 45.528289548011955 ], [ -123.204249828844411, 45.52842154830811 ], [ -123.204404830356353, 45.528586548707125 ], [ -123.204638833368818, 45.528952549732942 ], [ -123.20473183786072, 45.529625552050817 ], [ -123.204799838839861, 45.529748552409252 ], [ -123.205081841625415, 45.530054553156859 ], [ -123.205318844452108, 45.530389554067128 ], [ -123.20540984568953, 45.530542554504933 ], [ -123.205518847775565, 45.530822555379729 ], [ -123.205568849141741, 45.531016556018493 ], [ -123.205617850061472, 45.531139556401378 ], [ -123.205601850786095, 45.531263556870925 ], [ -123.20558485092694, 45.531294557004884 ], [ -123.20546985129495, 45.53141055757186 ], [ -123.205144851855579, 45.531661558895742 ], [ -123.205084852487786, 45.531792559446721 ], [ -123.205103853545765, 45.531952560001891 ], [ -123.205152854877667, 45.532141560623749 ], [ -123.205162856357319, 45.532373561451152 ], [ -123.205199857982961, 45.53261556228032 ], [ -123.205197859375474, 45.532839563094036 ], [ -123.205167860481581, 45.533031563827578 ], [ -123.205086860955362, 45.533147564350941 ], [ -123.204996861214042, 45.533233564777134 ], [ -123.204860861380467, 45.533327565290925 ], [ -123.204797861610288, 45.53339556561744 ], [ -123.20473086201514, 45.5334935660577 ], [ -123.204634862211705, 45.533572566466113 ], [ -123.204546862183165, 45.5336115667195 ], [ -123.204339861805494, 45.533653567135403 ], [ -123.204005860847744, 45.533665567604558 ], [ -123.203657859603069, 45.533638567950362 ], [ -123.20340685860829, 45.533603568143576 ], [ -123.202940856661144, 45.533522568444397 ], [ -123.202698855569054, 45.533467568553846 ], [ -123.202541854752226, 45.5334145685622 ], [ -123.201978852448406, 45.533324568954278 ], [ -123.201729850884163, 45.533197568812255 ], [ -123.201569850032826, 45.533140568810026 ], [ -123.201409849406588, 45.533119568938069 ], [ -123.200749847477653, 45.53313756984474 ], [ -123.200560846761633, 45.533116570009781 ], [ -123.200374845710783, 45.53304056997208 ], [ -123.200253845311465, 45.533036570111918 ], [ -123.200147845064876, 45.533049570294096 ], [ -123.200023844868994, 45.533079570560716 ], [ -123.199933844934762, 45.53313457087436 ], [ -123.199861845300319, 45.533228571306076 ], [ -123.199831845645591, 45.533298571597456 ], [ -123.199861846188952, 45.53337057181956 ], [ -123.19991684679708, 45.533440572002561 ], [ -123.200001847460427, 45.533504572125665 ], [ -123.200549851181975, 45.533828572598942 ], [ -123.200822852889218, 45.533966572750181 ], [ -123.201198855496258, 45.534197573106674 ], [ -123.201746859122068, 45.534506573526457 ], [ -123.201812859607372, 45.534551573605214 ], [ -123.201921859894114, 45.534543573437425 ], [ -123.202072860235617, 45.534523573172713 ], [ -123.202141860392516, 45.534514573052284 ], [ -123.202279860781402, 45.534508572854804 ], [ -123.202361861284814, 45.534548572895105 ], [ -123.202492862152141, 45.534622572996028 ], [ -123.202532862632054, 45.534679573151379 ], [ -123.202590864280197, 45.534914573927878 ], [ -123.20260986443887, 45.53493057396161 ], [ -123.202807866131749, 45.535103574335565 ], [ -123.202844866452267, 45.535136574407893 ], [ -123.203072868156355, 45.535296574696709 ], [ -123.203309869675508, 45.53542257485109 ], [ -123.203708871757115, 45.535558574835534 ], [ -123.204311874686752, 45.535729574687196 ], [ -123.20458887586031, 45.535780574519364 ], [ -123.204955877380229, 45.535842574276892 ], [ -123.205142877957357, 45.535842574038952 ], [ -123.205377878476597, 45.535809573620391 ], [ -123.205484878650751, 45.535784573393741 ], [ -123.205634878770368, 45.535729573003657 ], [ -123.205834878944458, 45.535658572492018 ], [ -123.206013879172389, 45.535606572075842 ], [ -123.206200879100493, 45.535502571461159 ], [ -123.206305878713124, 45.535388570914556 ], [ -123.206516878715519, 45.535284570269212 ], [ -123.206760878932272, 45.535198569647036 ], [ -123.206866879116077, 45.535175569428787 ], [ -123.207005879495412, 45.535167569222835 ], [ -123.207216880228074, 45.535180569001341 ], [ -123.207379880906103, 45.535208568895271 ], [ -123.207551881898866, 45.535282568944446 ], [ -123.207755883314732, 45.535408569141403 ], [ -123.208040885548087, 45.535625569565084 ], [ -123.208195886594098, 45.535716569697634 ], [ -123.208407887678717, 45.535785569677941 ], [ -123.208530888020945, 45.535779569499674 ], [ -123.208668888584072, 45.535801569403809 ], [ -123.20887288953169, 45.535852569329109 ], [ -123.209206891229542, 45.535959569292046 ], [ -123.209302891781405, 45.53600056931856 ], [ -123.209418892569474, 45.536069569421144 ], [ -123.209557893777571, 45.536194569697521 ], [ -123.209655895008652, 45.536343570113083 ], [ -123.209746896286575, 45.536503570577452 ], [ -123.209926898300168, 45.536737571197037 ], [ -123.210480901504141, 45.536977571363003 ], [ -123.210567902196061, 45.537045571499 ], [ -123.210630902845139, 45.537118571683692 ], [ -123.210668903435788, 45.537194571910987 ], [ -123.21067790424857, 45.537320572356535 ], [ -123.210653904816311, 45.537423572760581 ], [ -123.210613905546595, 45.537560573308276 ], [ -123.210605906132514, 45.537658573673859 ], [ -123.210646906576613, 45.537709573806715 ], [ -123.210719907088148, 45.537755573880787 ], [ -123.210772907407232, 45.537780573904143 ], [ -123.210923908078115, 45.537813573831968 ], [ -123.211241909219922, 45.53783957352227 ], [ -123.211501910089538, 45.537850573231857 ], [ -123.211990911988565, 45.537913572839237 ], [ -123.212267913371235, 45.537998572795736 ], [ -123.212439914430334, 45.538083572885661 ], [ -123.212569915577859, 45.538203573155961 ], [ -123.212684916965486, 45.538369573612272 ], [ -123.212746917984376, 45.538502574016185 ], [ -123.212775918584114, 45.538584574276918 ], [ -123.21278791922488, 45.538681574613669 ], [ -123.21278991933066, 45.5386975746692 ], [ -123.212783919760369, 45.538769574938094 ], [ -123.212759920190692, 45.538850575262501 ], [ -123.212776920772157, 45.538935575549367 ], [ -123.212858922450067, 45.539164576276285 ], [ -123.212914923319573, 45.539276576611655 ], [ -123.213006924418096, 45.539407576970326 ], [ -123.213128925596422, 45.539536577283691 ], [ -123.213234926134177, 45.539570577272606 ], [ -123.214171929502427, 45.539648576366936 ], [ -123.214570930866856, 45.539670575940633 ], [ -123.214748931420672, 45.539671575718458 ], [ -123.214969931982438, 45.539652575369097 ], [ -123.215140932234888, 45.539608574992378 ], [ -123.214781937493271, 45.540631579162181 ], [ -123.215009946073991, 45.54189858347366 ], [ -123.214683946391546, 45.542110584656228 ], [ -123.213542949602896, 45.543189590017256 ], [ -123.213534952372498, 45.543638591657093 ], [ -123.213707955049784, 45.543983592690559 ], [ -123.214530962039035, 45.544701594256729 ], [ -123.214607963854903, 45.544955595081603 ], [ -123.214492969928514, 45.545988598977218 ], [ -123.214468971864335, 45.546311600180175 ], [ -123.21559498249097, 45.547466602953591 ], [ -123.216139984219026, 45.547476602302694 ], [ -123.21618398562785, 45.547681602991837 ], [ -123.21649699560308, 45.549132607867968 ], [ -123.216835997327649, 45.549243607844303 ], [ -123.218054003778207, 45.549683607909586 ], [ -123.218344006911309, 45.550045608860195 ], [ -123.218775010796676, 45.55045960982261 ], [ -123.219172012659072, 45.550564609704864 ], [ -123.219993017135778, 45.550882609828392 ], [ -123.219961019663657, 45.551305611406619 ], [ -123.220129033928472, 45.553521619252976 ], [ -123.219943035280664, 45.553830620609894 ], [ -123.218989035143139, 45.554275623424395 ], [ -123.21883003721203, 45.554686625117718 ], [ -123.218864039302346, 45.555006626238232 ], [ -123.218607040086653, 45.555258627476306 ], [ -123.218046041165792, 45.555706629807432 ], [ -123.218023043400464, 45.556077631184458 ], [ -123.219443062105981, 45.558396637836488 ], [ -123.220838073813624, 45.559602640478474 ], [ -123.220784076386437, 45.560043642149722 ], [ -123.220957081202926, 45.560735644450482 ], [ -123.221541088197043, 45.561578646788121 ], [ -123.222393096642449, 45.56252564917115 ], [ -123.222549099091125, 45.562844650137421 ], [ -123.222418102757089, 45.563499652683731 ], [ -123.222585108053252, 45.56427265528837 ], [ -123.222925111253829, 45.564623656142523 ], [ -123.223332113849821, 45.564844656440478 ], [ -123.2234461214818, 45.56602066057858 ], [ -123.223186122503108, 45.566311661960619 ], [ -123.223525125822306, 45.566682662889725 ], [ -123.223129134604733, 45.568291669236736 ], [ -123.222481131796627, 45.568152669534804 ], [ -123.221945132202052, 45.56847767138202 ], [ -123.221528131650672, 45.568590672310201 ], [ -123.221281130946181, 45.568596672638336 ], [ -123.220765127194142, 45.568241671987209 ], [ -123.220595127645282, 45.56839667276175 ], [ -123.220202129822454, 45.568937675216333 ], [ -123.219259128959735, 45.569254677537792 ], [ -123.219120128840601, 45.569302677884565 ], [ -123.218936129312965, 45.569467678712357 ], [ -123.218988131083336, 45.569727679593008 ], [ -123.219683134012485, 45.56986367922638 ], [ -123.220168138030374, 45.570276680127243 ], [ -123.220324139646195, 45.570461680606762 ], [ -123.221389142628169, 45.570427679164396 ], [ -123.22155914387595, 45.570546679386723 ], [ -123.221636145365849, 45.570749680029799 ], [ -123.221375146438248, 45.571048681440473 ], [ -123.219795146905284, 45.57188668644276 ], [ -123.219665147900258, 45.572109687414269 ], [ -123.21974115153553, 45.572658689316327 ], [ -123.219532152356535, 45.572891690421699 ], [ -123.219206151722702, 45.572946691024534 ], [ -123.218769147807265, 45.572526690037982 ], [ -123.218395145625976, 45.572355689878862 ], [ -123.218199145418168, 45.572416690342877 ], [ -123.218003146632896, 45.572706691639027 ], [ -123.218003148123685, 45.572946692511174 ], [ -123.218170154145085, 45.573835695535564 ], [ -123.218092154775292, 45.573974696137043 ], [ -123.218016154430117, 45.573955696161825 ], [ -123.217454151395799, 45.573737696063702 ], [ -123.216962147973589, 45.573423695530579 ], [ -123.216633144994702, 45.573102694770931 ], [ -123.216023140764165, 45.572715694119061 ], [ -123.215666138284547, 45.572488693735963 ], [ -123.215194134552291, 45.572115692965028 ], [ -123.214909132766167, 45.5719656927728 ], [ -123.2147151309848, 45.571772692312003 ], [ -123.21448612776102, 45.571364691114027 ], [ -123.21420912508971, 45.571068690382219 ], [ -123.21396312305221, 45.570859689928021 ], [ -123.213684121158195, 45.570689689656298 ], [ -123.212970116995081, 45.570364689360844 ], [ -123.212261112715026, 45.570018688983446 ], [ -123.211670109342009, 45.569761688783153 ], [ -123.211176106626738, 45.569563688677015 ], [ -123.210650102606266, 45.569171687907115 ], [ -123.21002609771719, 45.568687686925529 ], [ -123.209858096402556, 45.568557686662473 ], [ -123.209243091968688, 45.56814268592062 ], [ -123.208933089871579, 45.567955685627311 ], [ -123.208712089001835, 45.567922685781909 ], [ -123.208401087699528, 45.567863685953924 ], [ -123.207951086815214, 45.567938686784089 ], [ -123.20791908675028, 45.567943686841929 ], [ -123.207822086620993, 45.567969687056483 ], [ -123.20771808563488, 45.567861686794153 ], [ -123.207658084837021, 45.567762686509852 ], [ -123.207634084571538, 45.567731686427315 ], [ -123.207576083536381, 45.567593685999206 ], [ -123.20753008230642, 45.567418685422126 ], [ -123.207496081779993, 45.567350685217967 ], [ -123.207474081514221, 45.567318685129287 ], [ -123.207393080703028, 45.567227684900118 ], [ -123.207222079377871, 45.567097684641375 ], [ -123.20685107713922, 45.566917684449848 ], [ -123.206760076591024, 45.566873684403426 ], [ -123.206714076359063, 45.56685868440622 ], [ -123.206666076152317, 45.566848684429608 ], [ -123.206576075675713, 45.566815684421798 ], [ -123.206496075166768, 45.566772684365368 ], [ -123.206369074110754, 45.566664684131879 ], [ -123.206279073309531, 45.56657968393575 ], [ -123.206110071702639, 45.566403683508135 ], [ -123.206077071441058, 45.566377683454959 ], [ -123.206037071183388, 45.566355683424952 ], [ -123.205892070541182, 45.566322683485559 ], [ -123.205693069786363, 45.56629768364224 ], [ -123.205490069063245, 45.566279683829229 ], [ -123.205341068471327, 45.566256683931073 ], [ -123.205174067456838, 45.566174683841609 ], [ -123.205096066941124, 45.566129683775578 ], [ -123.205064066669991, 45.56610168371391 ], [ -123.205012066138835, 45.566041683561252 ], [ -123.204973065609309, 45.565975683370731 ], [ -123.204954065121242, 45.565906683144483 ], [ -123.204925064609313, 45.565838682934306 ], [ -123.204891064338341, 45.565811682878774 ], [ -123.204845064112476, 45.565797682885275 ], [ -123.204772063611685, 45.565752682813041 ], [ -123.20473806334698, 45.565726682761174 ], [ -123.204684062572341, 45.565628682473438 ], [ -123.204663062090674, 45.565561682256956 ], [ -123.204588060828073, 45.565395681749123 ], [ -123.204568060567979, 45.565363681658127 ], [ -123.204521059801891, 45.565263681354509 ], [ -123.20449805930788, 45.565195681136892 ], [ -123.204464058793249, 45.565129680940217 ], [ -123.204453058547742, 45.565095680830801 ], [ -123.204403057766285, 45.564994680527292 ], [ -123.204356057231195, 45.56493168035766 ], [ -123.204345056979435, 45.564896680244622 ], [ -123.204433055732906, 45.564654679258958 ], [ -123.204448055116018, 45.564548678856525 ], [ -123.204438054867254, 45.564513678742244 ], [ -123.204355053811355, 45.564384678378481 ], [ -123.204327053533376, 45.56435367830106 ], [ -123.204286053010023, 45.564289678120382 ], [ -123.204049050677739, 45.564030677477668 ], [ -123.204038050563369, 45.564017677444298 ], [ -123.203481044385242, 45.563297675531359 ], [ -123.203423043841624, 45.563238675390032 ], [ -123.203390043579617, 45.563212675337049 ], [ -123.203331043039199, 45.563154675200586 ], [ -123.203300042527005, 45.563087674996673 ], [ -123.2032780420232, 45.563017674770698 ], [ -123.203223041007348, 45.56288167434699 ], [ -123.203182040533662, 45.562825674195373 ], [ -123.203129039930005, 45.562754674004438 ], [ -123.202911037765887, 45.562513673403807 ], [ -123.202825036956284, 45.562425673192521 ], [ -123.202789036691371, 45.562400673146897 ], [ -123.202670035907076, 45.562332673049134 ], [ -123.20245303468316, 45.562241672990275 ], [ -123.202305034086308, 45.562217673087886 ], [ -123.202153033571122, 45.562208673244761 ], [ -123.201639032150695, 45.562229673961404 ], [ -123.201348031353461, 45.562242674371099 ], [ -123.201095030520833, 45.562231674646654 ], [ -123.200742029261207, 45.562200674974491 ], [ -123.200541028516724, 45.562178675145454 ], [ -123.200394027910264, 45.56215267523465 ], [ -123.20001302617797, 45.562059675373241 ], [ -123.19973902476238, 45.561965675374893 ], [ -123.199385022804634, 45.561823675302783 ], [ -123.199218021787004, 45.56174167521452 ], [ -123.199144021256757, 45.561692675129621 ], [ -123.19911102098807, 45.561665675073158 ], [ -123.199035020464294, 45.561618674998023 ], [ -123.19889301939682, 45.561516674806349 ], [ -123.198737018362095, 45.561426674675545 ], [ -123.198555017399045, 45.561360674663931 ], [ -123.198409016776353, 45.56133167474119 ], [ -123.198359016587702, 45.561325674781884 ], [ -123.198262016163142, 45.56130467482695 ], [ -123.198009015254712, 45.561281675059377 ], [ -123.197959015122407, 45.561284675132612 ], [ -123.197908014930732, 45.561278675174542 ], [ -123.197609014115031, 45.561292675598075 ], [ -123.197463013830486, 45.561317675870512 ], [ -123.197317013583586, 45.561348676164641 ], [ -123.1971800134516, 45.561393676498128 ], [ -123.196900013119432, 45.561475677143626 ], [ -123.196660012745312, 45.561531677645256 ], [ -123.196559012653267, 45.561565677894052 ], [ -123.196254012402534, 45.561672678660933 ], [ -123.195920011926489, 45.561757679384435 ], [ -123.195821011727759, 45.561773679565661 ], [ -123.195721011475896, 45.561781679719232 ], [ -123.19541501061444, 45.561791680136892 ], [ -123.195365010438337, 45.561787680184764 ], [ -123.195267010048354, 45.561772680252787 ], [ -123.195217009884772, 45.561770680307916 ], [ -123.195168009674106, 45.561760680332881 ], [ -123.195123009437879, 45.561744680331216 ], [ -123.195083009191649, 45.561724680308842 ], [ -123.194910008217661, 45.561652680264565 ], [ -123.194853007844856, 45.561620680220074 ], [ -123.194792007441109, 45.561585680169742 ], [ -123.194681006660574, 45.561514680051765 ], [ -123.194637006333252, 45.561483679994716 ], [ -123.19425000346439, 45.561212679498901 ], [ -123.194050001837596, 45.561049679159886 ], [ -123.194023001592925, 45.561023679099691 ], [ -123.193837999936008, 45.560848678698697 ], [ -123.19379599948283, 45.560796678563413 ], [ -123.193636997371058, 45.560536677823215 ], [ -123.193603996850939, 45.560469677622528 ], [ -123.193562996325426, 45.560405677442688 ], [ -123.193073989230527, 45.559510674822626 ], [ -123.192958987646264, 45.559313674255229 ], [ -123.192900986843213, 45.559213673966781 ], [ -123.192833986037911, 45.559117673704009 ], [ -123.192731984950953, 45.558993673383924 ], [ -123.192602983342752, 45.558799672844991 ], [ -123.192542982539749, 45.558700672562694 ], [ -123.192519982037027, 45.558631672342422 ], [ -123.19248698154793, 45.558569672159919 ], [ -123.192485981092986, 45.558497671901378 ], [ -123.192501980921733, 45.558462671755031 ], [ -123.192470980689748, 45.558440671714393 ], [ -123.192422980443951, 45.558424671716651 ], [ -123.192360979747747, 45.558343671501859 ], [ -123.192414979233405, 45.558235671044613 ], [ -123.192423978212432, 45.558068670430707 ], [ -123.192368976463968, 45.557816669590082 ], [ -123.192391975742765, 45.557690669106613 ], [ -123.192282975048386, 45.557632669033644 ], [ -123.192211974324692, 45.557551668830179 ], [ -123.192188972698176, 45.557303667964042 ], [ -123.192087971971389, 45.557236667848663 ], [ -123.191994971494793, 45.557205667853175 ], [ -123.191876970728984, 45.557140667766312 ], [ -123.191831970479527, 45.557122667757653 ], [ -123.191754969969779, 45.557078667695251 ], [ -123.191572969003545, 45.557012667684887 ], [ -123.19148196855177, 45.556984667697762 ], [ -123.191433968343404, 45.556974667721782 ], [ -123.191334967992972, 45.556966667816795 ], [ -123.190929966921829, 45.556991668413858 ], [ -123.190779966429304, 45.556985668579976 ], [ -123.190636965895166, 45.556969668701221 ], [ -123.190590965686567, 45.556958668719098 ], [ -123.190540965585228, 45.556966668810539 ], [ -123.190402965399187, 45.55700366911671 ], [ -123.190360965397446, 45.557023669241417 ], [ -123.190312965321027, 45.557034669341157 ], [ -123.190262965207097, 45.557040669425376 ], [ -123.190214965130664, 45.557051669525123 ], [ -123.190170965104031, 45.557068669641502 ], [ -123.190122965021331, 45.557078669737621 ], [ -123.190074964907225, 45.557083669815718 ], [ -123.19002496475558, 45.557083669878303 ], [ -123.189976964691724, 45.55709666998527 ], [ -123.189887964622926, 45.557128670212037 ], [ -123.189681964664459, 45.557234670852061 ], [ -123.189609964754069, 45.55728367111886 ], [ -123.189489964811344, 45.557350671510576 ], [ -123.189444964775475, 45.5573666716246 ], [ -123.18939696469279, 45.557376671720704 ], [ -123.18938296465663, 45.557377671741811 ], [ -123.18934596456333, 45.557380671798938 ], [ -123.189248964149883, 45.557361671851787 ], [ -123.189160963663142, 45.557326671835703 ], [ -123.189128963396413, 45.557299671778388 ], [ -123.189104962889971, 45.557230671559644 ], [ -123.189102962657657, 45.557194671432335 ], [ -123.189116962260115, 45.557124671162434 ], [ -123.189219961076589, 45.556886670175423 ], [ -123.189275960636778, 45.556789669755581 ], [ -123.189320960383583, 45.556727669475713 ], [ -123.189392959778672, 45.556596668913215 ], [ -123.189426959221919, 45.556491668492058 ], [ -123.189431959017142, 45.556456668359587 ], [ -123.189427958778765, 45.556420668234779 ], [ -123.189365957748521, 45.556286667829227 ], [ -123.189348957024464, 45.556179667464725 ], [ -123.189298956005445, 45.556041667029746 ], [ -123.189273955728467, 45.556009666945691 ], [ -123.189196955161663, 45.555956666851039 ], [ -123.189165954935589, 45.555935666814136 ], [ -123.189087954403448, 45.555888666742398 ], [ -123.188926953367911, 45.555801666630408 ], [ -123.188723951745914, 45.55564166630792 ], [ -123.188690951457133, 45.555611666241077 ], [ -123.188441949299175, 45.555388665749184 ], [ -123.188291948252711, 45.555294665598332 ], [ -123.188113947272015, 45.555224665569064 ], [ -123.1879649466686, 45.555200665669297 ], [ -123.187914946516756, 45.555200665731959 ], [ -123.187767946252691, 45.555229666020729 ], [ -123.18759194616473, 45.555300666497168 ], [ -123.187391946563764, 45.555460667324439 ], [ -123.187307946862262, 45.555548667746798 ], [ -123.187273946916264, 45.5555736678795 ], [ -123.187231946927113, 45.555595668011399 ], [ -123.187103946632888, 45.555610668225832 ], [ -123.187081946584982, 45.555613668264193 ], [ -123.186943945882931, 45.555568668274958 ], [ -123.186912945612676, 45.55554066821292 ], [ -123.186833945102293, 45.55549766815696 ], [ -123.186775944555009, 45.555438668017032 ], [ -123.186748944045206, 45.555370667805867 ], [ -123.18674094357425, 45.555299667560057 ], [ -123.186742943032982, 45.555212667244099 ], [ -123.186643942895898, 45.555238667461857 ], [ -123.186592942816517, 45.555250667568991 ], [ -123.186143942182952, 45.555366668549588 ], [ -123.185994941975963, 45.555405668876816 ], [ -123.186205944126897, 45.555645669477045 ], [ -123.186373945838753, 45.55583666995468 ], [ -123.186673949165296, 45.55622067096246 ], [ -123.186793950699581, 45.556406671482357 ], [ -123.186943952614158, 45.556638672130539 ], [ -123.186969952925779, 45.556675672231314 ], [ -123.187208955726476, 45.55700567312131 ], [ -123.187637960165588, 45.55750467438282 ], [ -123.188019963725523, 45.557886675281793 ], [ -123.188147964918201, 45.558014675583095 ], [ -123.188549969317251, 45.558520676904479 ], [ -123.189241977100892, 45.559425679302535 ], [ -123.189529980724942, 45.559863680522149 ], [ -123.190105987612995, 45.5606826827566 ], [ -123.190339990795522, 45.561076683885609 ], [ -123.190573994241447, 45.561512685166321 ], [ -123.190639995452145, 45.561673685664722 ], [ -123.19069699682403, 45.561864686282597 ], [ -123.190712997205253, 45.561917686453839 ], [ -123.190798999022661, 45.56216568724119 ], [ -123.190906003855275, 45.562883689697834 ], [ -123.190976005284952, 45.56307769031045 ], [ -123.191061006068892, 45.563161690507606 ], [ -123.191257007495395, 45.563294690743305 ], [ -123.191263007538609, 45.563298690750258 ], [ -123.191284007689873, 45.563312690774602 ], [ -123.191291007742393, 45.563317690783933 ], [ -123.191324007986339, 45.563340690825832 ], [ -123.191398008473286, 45.563382690885199 ], [ -123.191726010649205, 45.563571691158678 ], [ -123.191836011382748, 45.563635691252642 ], [ -123.191884011703266, 45.563663691293911 ], [ -123.192099013035843, 45.563772691419572 ], [ -123.192392014854533, 45.563921691592519 ], [ -123.192900017885904, 45.564160691822835 ], [ -123.192970018303981, 45.564193691854811 ], [ -123.193140019406187, 45.564287691982543 ], [ -123.193157019582941, 45.564307692033594 ], [ -123.19322602029915, 45.564388692240094 ], [ -123.193350021588884, 45.564534692612817 ], [ -123.193457022394412, 45.564611692757666 ], [ -123.19354502305481, 45.564674692875585 ], [ -123.193604023496079, 45.564716692953816 ], [ -123.193978026504681, 45.5650166935717 ], [ -123.194230028806672, 45.565262694146512 ], [ -123.195686042073604, 45.566679697454276 ], [ -123.196026045509285, 45.567064698422776 ], [ -123.196111046673636, 45.567209698841012 ], [ -123.19626104872269, 45.567464699576007 ], [ -123.196365050345051, 45.567673700201937 ], [ -123.196441051375544, 45.567801700570044 ], [ -123.19652605239547, 45.567923700905332 ], [ -123.196580052914896, 45.567980701044256 ], [ -123.196811055112661, 45.568220701624782 ], [ -123.197033056888415, 45.568397701988985 ], [ -123.197440060146576, 45.568722702658633 ], [ -123.198487068449523, 45.569546704338919 ], [ -123.198525068751394, 45.569576704400255 ], [ -123.198904072549126, 45.570001705467078 ], [ -123.198985074820357, 45.570325706538092 ], [ -123.199038079561603, 45.571057709118833 ], [ -123.199045080189805, 45.57115470946087 ], [ -123.199100084354626, 45.571793711702988 ], [ -123.199152085887491, 45.572013712434057 ], [ -123.199465090079286, 45.572533713927122 ], [ -123.199781094185298, 45.573038715362543 ], [ -123.199979096154266, 45.573258715913454 ], [ -123.200086097112575, 45.573360716150113 ], [ -123.20024409821076, 45.573460716316589 ], [ -123.200521100246547, 45.573653716672425 ], [ -123.200581100638658, 45.573687716721288 ], [ -123.201511106708566, 45.574213717475573 ], [ -123.20179910879483, 45.574409717829198 ], [ -123.202158111399257, 45.574654718272569 ], [ -123.202628115266137, 45.575048719118328 ], [ -123.202712115954512, 45.575118719268019 ], [ -123.202879117534508, 45.575291719688082 ], [ -123.202895117682246, 45.575307719726261 ], [ -123.202944118147315, 45.575358719850399 ], [ -123.202961118310583, 45.575376719894585 ], [ -123.203546123843651, 45.575982721366579 ], [ -123.203718125556506, 45.576174721849561 ], [ -123.204028128642946, 45.576520722720041 ], [ -123.205376141704505, 45.577968726302899 ], [ -123.205704144679345, 45.578288727058187 ], [ -123.205979147339775, 45.578583727788306 ], [ -123.206208149550818, 45.578828728394079 ], [ -123.206629153456234, 45.57925372941591 ], [ -123.206743154569253, 45.57937772972501 ], [ -123.207033157391322, 45.579691730506127 ], [ -123.207164158666956, 45.579833730859598 ], [ -123.207462161287509, 45.580111731500708 ], [ -123.207821164282421, 45.580420732179398 ], [ -123.207989165555233, 45.58054473242241 ], [ -123.20809916638737, 45.58062573258087 ], [ -123.208337168142421, 45.580793732897462 ], [ -123.209163174225282, 45.581375733992992 ], [ -123.209764178652975, 45.581799734792639 ], [ -123.210271182438987, 45.582165735497746 ], [ -123.211084188813913, 45.58280173680734 ], [ -123.211560192891568, 45.583229737776335 ], [ -123.211693194027092, 45.583348738045032 ], [ -123.212260198759196, 45.583838739128034 ], [ -123.212323199288363, 45.583893739250406 ], [ -123.212302199307061, 45.583906739323311 ], [ -123.212296199314181, 45.583910739345157 ], [ -123.212234199435528, 45.583959739598903 ], [ -123.212221199440577, 45.583966739640239 ], [ -123.212195199463139, 45.583982739730111 ], [ -123.211959199953128, 45.584173740712146 ], [ -123.211888200054119, 45.584223740980526 ], [ -123.211793200289534, 45.58430674139796 ], [ -123.21170320055846, 45.58439274182016 ], [ -123.211677200680725, 45.584424741968071 ], [ -123.211615200845813, 45.584480742247159 ], [ -123.21135420170458, 45.584742743517118 ], [ -123.21122620200444, 45.584851744069198 ], [ -123.211054202286221, 45.584978744740368 ], [ -123.211012202292693, 45.584999744867943 ], [ -123.210924202250155, 45.585034745102583 ], [ -123.210563201991292, 45.585164746015863 ], [ -123.210436201982944, 45.585223746385232 ], [ -123.210399202022927, 45.585247746517581 ], [ -123.210316202032701, 45.585288746767809 ], [ -123.210120202138029, 45.585398747406501 ], [ -123.210007202239765, 45.585468747798608 ], [ -123.209951202304637, 45.585505748001275 ], [ -123.209680202643185, 45.58568874899634 ], [ -123.209612202772306, 45.585741749271676 ], [ -123.209219203305068, 45.586013750738474 ], [ -123.209066203419795, 45.586104751255455 ], [ -123.208960203573795, 45.586179751656957 ], [ -123.208893203712307, 45.586233751934635 ], [ -123.208856203746279, 45.586256752063235 ], [ -123.208790203887773, 45.586310752339692 ], [ -123.20867520476358, 45.586505753187126 ], [ -123.208606205619589, 45.586675753887675 ], [ -123.208345209606151, 45.587438756972141 ], [ -123.208305210124067, 45.587540757390705 ], [ -123.208271210441481, 45.587607757675059 ], [ -123.208225210704725, 45.5876717579632 ], [ -123.208195210796973, 45.587700758104944 ], [ -123.208003210959518, 45.587817758763443 ], [ -123.207879211828299, 45.588015759632405 ], [ -123.207747212891874, 45.588248760637931 ], [ -123.207599213870949, 45.588475761641178 ], [ -123.20752121447039, 45.588608762218328 ], [ -123.207469214940758, 45.588708762644139 ], [ -123.207453215330219, 45.588778762917293 ], [ -123.207404216121418, 45.588928763520606 ], [ -123.207371216897471, 45.58906876406818 ], [ -123.207354217508609, 45.589174764473007 ], [ -123.207342218359116, 45.589316765002174 ], [ -123.207330218760433, 45.589386765270469 ], [ -123.207304221123181, 45.589777766718939 ], [ -123.207305222467483, 45.589992767496753 ], [ -123.207317223619626, 45.590171768130716 ], [ -123.207365225969639, 45.590525769354919 ], [ -123.2073692264306, 45.590597769610952 ], [ -123.207364227981813, 45.590848770526513 ], [ -123.207375228900119, 45.590990771027677 ], [ -123.207400230084275, 45.591168771642209 ], [ -123.20741523034053, 45.591202771747135 ], [ -123.207606232475058, 45.591454772427717 ], [ -123.207751233812729, 45.591600772780254 ], [ -123.20819823782918, 45.592033773805419 ], [ -123.208451240232534, 45.592299774461665 ], [ -123.208511240764537, 45.592356774595245 ], [ -123.208729242889916, 45.59259477519273 ], [ -123.208777243417671, 45.592656775359075 ], [ -123.20893724501056, 45.592836775816991 ], [ -123.209055246074556, 45.592951776090359 ], [ -123.209367249011748, 45.593275776885591 ], [ -123.20942024954779, 45.593336777042346 ], [ -123.20990025356393, 45.593754777974489 ], [ -123.210147255417695, 45.59393577833066 ], [ -123.210222255937154, 45.59398377841358 ], [ -123.210327256731688, 45.594061778568864 ], [ -123.210443257764069, 45.594172778830455 ], [ -123.210354257832904, 45.594225779130788 ], [ -123.210319257860959, 45.594246779249467 ], [ -123.210150258143514, 45.594371779908059 ], [ -123.210115258807193, 45.594494780396573 ], [ -123.210265261322775, 45.594827781421969 ], [ -123.210226261949799, 45.594946781900859 ], [ -123.210082261932172, 45.595011782311381 ], [ -123.210038261827933, 45.595015782379321 ], [ -123.209930261579473, 45.595026782550306 ], [ -123.209812261027423, 45.594993782573908 ], [ -123.20963725973462, 45.594868782333144 ], [ -123.209305257064329, 45.594596781750141 ], [ -123.208973254854982, 45.594398781435572 ], [ -123.208336251312829, 45.594130781237936 ], [ -123.20792624921647, 45.593987781217798 ], [ -123.207725248089474, 45.593901781150379 ], [ -123.207641246719803, 45.59372178060017 ], [ -123.207549245613521, 45.5935877802264 ], [ -123.207340244007312, 45.593428779904308 ], [ -123.207093242295414, 45.593270779632071 ], [ -123.206938241228258, 45.593172779465462 ], [ -123.206728240211447, 45.593108779488929 ], [ -123.206475239355242, 45.593090779731327 ], [ -123.206197238843671, 45.593139780246865 ], [ -123.205971238578712, 45.593203780753477 ], [ -123.203853222080539, 45.591559777377228 ], [ -123.203532220641833, 45.591480777482076 ], [ -123.197152192133672, 45.58992877964176 ], [ -123.194758181331594, 45.589331780404372 ], [ -123.194068178223546, 45.589160780628532 ], [ -123.191965166174185, 45.588229779834428 ], [ -123.191957164430377, 45.587955778855545 ], [ -123.191936159226543, 45.587136775925998 ], [ -123.191930157771125, 45.586907775107051 ], [ -123.191928157488974, 45.586863774950722 ], [ -123.191895151653128, 45.585949771693123 ], [ -123.191895151646875, 45.585948771689516 ], [ -123.191890150169243, 45.585715770854925 ], [ -123.191875145095949, 45.584914767983093 ], [ -123.19187614072294, 45.584217765466946 ], [ -123.191849139431227, 45.584024764803658 ], [ -123.191782138385065, 45.583889764398613 ], [ -123.191701137422967, 45.583774764082911 ], [ -123.191558136000722, 45.583615763684456 ], [ -123.191319134067683, 45.583420763273807 ], [ -123.190611128344059, 45.582843762060229 ], [ -123.190395127276133, 45.58277576207977 ], [ -123.190282126639346, 45.582727762045216 ], [ -123.189738123599057, 45.582500761893634 ], [ -123.189314121303951, 45.582335761818698 ], [ -123.189214120762045, 45.582296761800727 ], [ -123.188986119601381, 45.582219761802762 ], [ -123.188878119054564, 45.582183761805467 ], [ -123.187499111854535, 45.581689761716731 ], [ -123.184972098665781, 45.580786761565726 ], [ -123.184395095616068, 45.580574761510924 ], [ -123.183046088487671, 45.580079761386145 ], [ -123.182493085564005, 45.579876761335058 ], [ -123.181568080612749, 45.579527761216127 ], [ -123.181264079021119, 45.579418761197687 ], [ -123.180645075691075, 45.579182761109777 ], [ -123.179802071321319, 45.578887761085447 ], [ -123.17910106769493, 45.578643761070317 ], [ -123.177360059069883, 45.578098761253365 ], [ -123.17618205292645, 45.577681761204985 ], [ -123.174880045835636, 45.57717376098347 ], [ -123.174494043667082, 45.577012760880713 ], [ -123.173285036893503, 45.576511760571421 ], [ -123.172763033919381, 45.576287760410651 ], [ -123.172614033069905, 45.576223760364591 ], [ -123.172444032347613, 45.576189760452081 ], [ -123.172109030936809, 45.576124760631735 ], [ -123.171542028972937, 45.57608176117639 ], [ -123.171448028629158, 45.576071761256358 ], [ -123.171115027420328, 45.576037761544875 ], [ -123.170907026255165, 45.575951761492782 ], [ -123.170702025111524, 45.575867761444158 ], [ -123.170077021080203, 45.575525760988079 ], [ -123.170028020769251, 45.575499760955267 ], [ -123.169303015918587, 45.575075760328957 ], [ -123.1689480136355, 45.574882760074914 ], [ -123.167538004307545, 45.57407575892222 ], [ -123.167054001174108, 45.573809758566561 ], [ -123.166514997685255, 45.573513758171558 ], [ -123.166164995350869, 45.573310757876591 ], [ -123.166045994550856, 45.573240757772815 ], [ -123.165772992795326, 45.5730927575799 ], [ -123.165673992156542, 45.573038757508769 ], [ -123.164967987448691, 45.572629756916278 ], [ -123.164699985669188, 45.572475756696043 ], [ -123.164370983478321, 45.572285756422353 ], [ -123.163963980805988, 45.572056756105631 ], [ -123.162691972449153, 45.571340755115813 ], [ -123.161754966254847, 45.570807754367905 ], [ -123.161019961394743, 45.570389753782266 ], [ -123.160866960421046, 45.570308753681928 ], [ -123.160643958995834, 45.570189753532389 ], [ -123.160288956665852, 45.569990753260242 ], [ -123.159908954177865, 45.569778752972695 ], [ -123.159255950832247, 45.56956075300215 ], [ -123.1580329446234, 45.569161753091251 ], [ -123.15794894425035, 45.569142753127451 ], [ -123.157271941269812, 45.568993753434107 ], [ -123.157134940737578, 45.568974753536033 ], [ -123.156314937530965, 45.568857754134534 ], [ -123.156196937062035, 45.56883975421654 ], [ -123.154881931877924, 45.568645755154016 ], [ -123.153596926769865, 45.56844975604767 ], [ -123.153386925947913, 45.568419756201003 ], [ -123.153034924584688, 45.568371756466249 ], [ -123.152451922227726, 45.568276756850231 ], [ -123.152173921060992, 45.568224757009467 ], [ -123.151224916831964, 45.56800875741596 ], [ -123.150790914902558, 45.567910757604764 ], [ -123.14910090563481, 45.567254757362385 ], [ -123.148158900854071, 45.566949757444462 ], [ -123.147660898404339, 45.566800757531695 ], [ -123.146890894624676, 45.566571757671809 ], [ -123.146554892718882, 45.566431757590266 ], [ -123.146479892199125, 45.566385757519519 ], [ -123.145888888125143, 45.566026756974651 ], [ -123.145746887141357, 45.565939756841146 ], [ -123.145552886096951, 45.565867756825732 ], [ -123.14529088469429, 45.565771756809347 ], [ -123.143681877181947, 45.56535475732435 ], [ -123.142476871350553, 45.565010757598074 ], [ -123.141453866404945, 45.564719757834794 ], [ -123.141572865309143, 45.564492756878977 ], [ -123.141846862842144, 45.563978754708813 ], [ -123.141838861626525, 45.563792754056813 ], [ -123.141835861137039, 45.563717753793647 ], [ -123.141827859959847, 45.563537753163025 ], [ -123.14093185734751, 45.563551754328429 ], [ -123.1408328570554, 45.563552754455245 ], [ -123.139250852438565, 45.563576756510301 ], [ -123.138743850948131, 45.56358275716287 ], [ -123.137850848319431, 45.563592758310229 ], [ -123.136856845398995, 45.563604759590426 ], [ -123.137345852508048, 45.564482762102379 ], [ -123.137479854451925, 45.564722762788769 ], [ -123.13808086318484, 45.565801765877147 ], [ -123.139485870933939, 45.566350766083481 ], [ -123.140423876108187, 45.566717766223789 ], [ -123.140091879379, 45.56738376900514 ], [ -123.140061879558061, 45.567425769191772 ], [ -123.139721881716127, 45.567921771377939 ], [ -123.13855788592889, 45.569123777096031 ], [ -123.138493886333336, 45.569216777506028 ], [ -123.138230888033107, 45.569604779211446 ], [ -123.138188889992037, 45.569929780418953 ], [ -123.1381678899034, 45.569925780430736 ], [ -123.13776888839223, 45.569876780750818 ], [ -123.137471887706752, 45.569908781232485 ], [ -123.136932885396888, 45.569800781516342 ], [ -123.13662088394743, 45.569720781618621 ], [ -123.13647188283278, 45.569616781433652 ], [ -123.136206880278593, 45.569342780788404 ], [ -123.136113879132736, 45.569207780423994 ], [ -123.136105878415307, 45.569099780050166 ], [ -123.13621487787573, 45.568964779435348 ], [ -123.136402877483533, 45.568815778672807 ], [ -123.136473877151019, 45.568730778282728 ], [ -123.136465876574903, 45.568644777987046 ], [ -123.136410875748538, 45.568541777689241 ], [ -123.136388875573331, 45.568524777656108 ], [ -123.13619187402513, 45.568375777370996 ], [ -123.134833865443539, 45.567674776565447 ], [ -123.134454863096721, 45.567486776368085 ], [ -123.133912859732632, 45.567216776082027 ], [ -123.133427857181914, 45.567046776080552 ], [ -123.132599853136412, 45.566804776249562 ], [ -123.132279851190248, 45.566651776103896 ], [ -123.132084849851324, 45.566534775930833 ], [ -123.131951849161865, 45.566489775936311 ], [ -123.131753848424751, 45.566467776104183 ], [ -123.131670848117182, 45.566458776175381 ], [ -123.129925842391543, 45.566384778080526 ], [ -123.129897842275156, 45.566379778097563 ], [ -123.129459840963904, 45.566380778645232 ], [ -123.128975840061528, 45.566466779551448 ], [ -123.128272839196256, 45.566660781112525 ], [ -123.128162838839657, 45.56665678123499 ], [ -123.1279988378826, 45.566584781183401 ], [ -123.127717835794101, 45.566391780848264 ], [ -123.127440834219854, 45.56627678078474 ], [ -123.127381833887725, 45.566252780772977 ], [ -123.126788831813542, 45.566207781350244 ], [ -123.12663783173943, 45.566266781746918 ], [ -123.126219831500237, 45.566424782826125 ], [ -123.125502830536078, 45.566609784372204 ], [ -123.1249638300241, 45.56678178565091 ], [ -123.124721829644571, 45.566835786142718 ], [ -123.124375829274925, 45.566939786940722 ], [ -123.123885828730536, 45.567083788059072 ], [ -123.123846828851981, 45.567120788238519 ], [ -123.12365182840766, 45.567142788558506 ], [ -123.123432827691204, 45.56713378879855 ], [ -123.123135826423962, 45.56707578896193 ], [ -123.122635823823259, 45.566905788980954 ], [ -123.122283822822894, 45.56691478944991 ], [ -123.122143822750544, 45.566968789814894 ], [ -123.122018822929917, 45.567054790274469 ], [ -123.121706822792547, 45.567178791100694 ], [ -123.121542822725701, 45.56724479153786 ], [ -123.120776821236873, 45.567370792934604 ], [ -123.120136820657052, 45.567578794464787 ], [ -123.119933820602668, 45.567664795020924 ], [ -123.119834821003053, 45.567772795525791 ], [ -123.119816821065285, 45.567790795611806 ], [ -123.11967582290994, 45.568141797028247 ], [ -123.119551823500416, 45.568290797709061 ], [ -123.119387823789893, 45.568411798340428 ], [ -123.118918823667784, 45.568610799625802 ], [ -123.117270821002705, 45.568963802917182 ], [ -123.116848820609349, 45.569098803917463 ], [ -123.11627182083177, 45.56940080569985 ], [ -123.115622821771183, 45.569846808079859 ], [ -123.115404821939393, 45.569973808798593 ], [ -123.115060821464411, 45.570059809528509 ], [ -123.11478782076226, 45.57007780993024 ], [ -123.114140818446273, 45.570019810526809 ], [ -123.113443815954213, 45.56995781117125 ], [ -123.113240815403657, 45.569966811454499 ], [ -123.113084815227339, 45.570011811806602 ], [ -123.113035815287731, 45.57004381198027 ], [ -123.11298281532963, 45.570074812155369 ], [ -123.112623817117367, 45.570516814160314 ], [ -123.112303817966321, 45.570795815541302 ], [ -123.112139818174796, 45.570903816125515 ], [ -123.111746818040729, 45.571064817180158 ], [ -123.111716805704901, 45.569175810550796 ], [ -123.111716800933578, 45.568439807953375 ], [ -123.111716771320246, 45.563871791832362 ], [ -123.110384766824552, 45.56379779322932 ], [ -123.10841376087545, 45.563796795679337 ], [ -123.105789752964071, 45.563796798945759 ], [ -123.105871764250921, 45.565495804829851 ], [ -123.105879765288591, 45.565651805369555 ], [ -123.105905766133574, 45.565769805753 ], [ -123.10595576731717, 45.565928806251044 ], [ -123.106116769588425, 45.566203807019974 ], [ -123.107666784900857, 45.567843810875388 ], [ -123.108217790503403, 45.568451812335304 ], [ -123.109000799299139, 45.56944481486596 ], [ -123.109152801007639, 45.569637815358206 ], [ -123.109274803352832, 45.569942816282698 ], [ -123.10932380486895, 45.570153816966126 ], [ -123.109315810756357, 45.571064820188901 ], [ -123.109170810321856, 45.571064820368363 ], [ -123.107835805802139, 45.570984821738605 ], [ -123.107584805225287, 45.571011822144449 ], [ -123.106170800910149, 45.570999823852304 ], [ -123.105905800291467, 45.571026824275421 ], [ -123.105764799635025, 45.570990824323083 ], [ -123.105334798119003, 45.570955824732017 ], [ -123.104881796150451, 45.570861824961618 ], [ -123.104389793414654, 45.570667824887387 ], [ -123.103920790376677, 45.570416824584157 ], [ -123.103459786536078, 45.570038823824113 ], [ -123.103275784865531, 45.569866823446425 ], [ -123.103185784049174, 45.56978282326218 ], [ -123.102716777990693, 45.569067821326264 ], [ -123.102278773253403, 45.568541820017799 ], [ -123.102179772253351, 45.56843381976045 ], [ -123.101606766523261, 45.567817818303311 ], [ -123.101215764085538, 45.567623818105858 ], [ -123.100488760324978, 45.56738181815674 ], [ -123.100277759690726, 45.567381818418667 ], [ -123.099949758971846, 45.567422818970016 ], [ -123.099574758489538, 45.567521819783686 ], [ -123.099036758664198, 45.567796821418462 ], [ -123.098786759411666, 45.568026822537462 ], [ -123.098614760334996, 45.568247823527926 ], [ -123.098310762882392, 45.568778825771957 ], [ -123.098230763320018, 45.568882826236809 ], [ -123.098154763763134, 45.568985826693137 ], [ -123.098060765240731, 45.569255827758901 ], [ -123.098013765920939, 45.569381828260113 ], [ -123.097943766362647, 45.569481828698414 ], [ -123.097568767668989, 45.569854830474277 ], [ -123.097334767879829, 45.569994831256253 ], [ -123.097068767877516, 45.570116832014563 ], [ -123.096124766546751, 45.570346833991948 ], [ -123.095990766144965, 45.570346834157881 ], [ -123.095693764876088, 45.570288834321893 ], [ -123.095514764313293, 45.570284834529517 ], [ -123.095358764080387, 45.570320834849191 ], [ -123.095186764034494, 45.570392835315097 ], [ -123.095053764281758, 45.570491835827561 ], [ -123.09496776496357, 45.570635836439855 ], [ -123.09492076573629, 45.57077583698981 ], [ -123.094936766665199, 45.570910837444174 ], [ -123.095014767838606, 45.571054837853474 ], [ -123.095194769904822, 45.571288838452688 ], [ -123.095186770526794, 45.571387838810345 ], [ -123.095272772748359, 45.571688839761315 ], [ -123.095241775474236, 45.572120841317208 ], [ -123.09514077699238, 45.572399842422165 ], [ -123.095132778645379, 45.572656843334855 ], [ -123.095171779962655, 45.572840843932987 ], [ -123.095234780888475, 45.572953844252076 ], [ -123.095351781649526, 45.573016844328798 ], [ -123.095555782664292, 45.57307884429455 ], [ -123.09590678380556, 45.573092843910011 ], [ -123.097398789076962, 45.573216842502298 ], [ -123.097641790305744, 45.573293842472744 ], [ -123.097703792133814, 45.57354584328197 ], [ -123.097672793683813, 45.573797844206098 ], [ -123.097540797102766, 45.574382846425451 ], [ -123.097360797503725, 45.574526847153813 ], [ -123.097188797257175, 45.57456784751021 ], [ -123.096259795512267, 45.574725849211944 ], [ -123.095626794065055, 45.574793850232041 ], [ -123.0953267931298, 45.574787850581153 ], [ -123.094970792020774, 45.574780850995857 ], [ -123.09491579200656, 45.574803851144495 ], [ -123.094891792195895, 45.574843851314611 ], [ -123.094969793133629, 45.574951851597739 ], [ -123.095313795570334, 45.575167851932072 ], [ -123.095501797625715, 45.575396852504682 ], [ -123.095618800121358, 45.575725853516232 ], [ -123.095665801872983, 45.575972854326032 ], [ -123.095603802660037, 45.576121854925958 ], [ -123.095470802674271, 45.576184855311233 ], [ -123.095291802433849, 45.576229855689931 ], [ -123.095111801870743, 45.576225855897739 ], [ -123.094954801076071, 45.576175855915636 ], [ -123.094814800129825, 45.576094855803696 ], [ -123.09455679774797, 45.575847855254203 ], [ -123.094134794288792, 45.575510854591073 ], [ -123.094025792964629, 45.575357854188205 ], [ -123.094001792338119, 45.575272853919301 ], [ -123.094095790027296, 45.574875852409193 ], [ -123.094055789411669, 45.57479985219166 ], [ -123.094008789036309, 45.574763852123226 ], [ -123.093946788909861, 45.574772852231341 ], [ -123.093876788909654, 45.574804852430091 ], [ -123.093766789286207, 45.57491285294504 ], [ -123.093431792281677, 45.575524855507197 ], [ -123.093111795734345, 45.5761998582716 ], [ -123.09306579556447, 45.576194858310728 ], [ -123.092927795074402, 45.576182858438678 ], [ -123.092882794914019, 45.576178858480155 ], [ -123.092439793324559, 45.576137858882262 ], [ -123.092236792483703, 45.576101859006137 ], [ -123.092017791216193, 45.576007858946177 ], [ -123.09136078617145, 45.575535858099876 ], [ -123.091001783099884, 45.575229857468933 ], [ -123.090899782030633, 45.575112857184244 ], [ -123.09087578110929, 45.574982856757742 ], [ -123.090915780522877, 45.57487485632948 ], [ -123.091016780288641, 45.574792855917146 ], [ -123.091235780354637, 45.574702855331083 ], [ -123.091782781191512, 45.574580854227911 ], [ -123.091954780973637, 45.574468853622534 ], [ -123.091993780678592, 45.574405853353298 ], [ -123.092023773562303, 45.573302849445085 ], [ -123.091992772411231, 45.573140848914818 ], [ -123.091843771057384, 45.573001848611113 ], [ -123.091672770219148, 45.572951848646959 ], [ -123.091320768930828, 45.572915848955631 ], [ -123.090671767433662, 45.572983849996255 ], [ -123.090344766958793, 45.573060850670437 ], [ -123.090195766748437, 45.573096850980853 ], [ -123.089984766679564, 45.573182851543251 ], [ -123.089875766765473, 45.573245851898882 ], [ -123.089812767080531, 45.573322852246804 ], [ -123.089789767508663, 45.573398852541793 ], [ -123.089875771270485, 45.573934854315617 ], [ -123.09000877431599, 45.574339855571992 ], [ -123.089969775343647, 45.574514856233989 ], [ -123.089907775367649, 45.574546856422728 ], [ -123.089844775264424, 45.574559856546109 ], [ -123.089797775182873, 45.574568856635679 ], [ -123.089531774067737, 45.574519856792129 ], [ -123.089266771510225, 45.574249856172301 ], [ -123.089070769923779, 45.574096855877748 ], [ -123.088765768076811, 45.57395385575289 ], [ -123.088297765997496, 45.573849855966138 ], [ -123.088241765803929, 45.573845856021272 ], [ -123.087992764882927, 45.573818856234105 ], [ -123.087773764287107, 45.57382785653612 ], [ -123.087609764065149, 45.573868856882363 ], [ -123.087406764315716, 45.573999857592241 ], [ -123.087351764504717, 45.574053857849414 ], [ -123.087156767515324, 45.574602860014352 ], [ -123.087008768192561, 45.57477386079632 ], [ -123.086883768146464, 45.574823861125807 ], [ -123.086672767693003, 45.57485086148079 ], [ -123.085821764915451, 45.574814862404708 ], [ -123.085461763460287, 45.574756862645742 ], [ -123.085375763000343, 45.574725862643277 ], [ -123.08533676258908, 45.574680862533747 ], [ -123.085383761255756, 45.574455861687561 ], [ -123.085555760558009, 45.574270860827149 ], [ -123.085570759718664, 45.57413586033568 ], [ -123.085406757931651, 45.573937859844548 ], [ -123.084867754440282, 45.573650859504838 ], [ -123.084726753750076, 45.573609859535388 ], [ -123.08424275088754, 45.573393859376779 ], [ -123.08397674909591, 45.573241859173116 ], [ -123.08397674832915, 45.573124858763407 ], [ -123.084124747677464, 45.572957857995718 ], [ -123.084179747134286, 45.572849857549542 ], [ -123.084179746511765, 45.572754857216843 ], [ -123.084116745589284, 45.572642856902512 ], [ -123.083718742838386, 45.572404856561128 ], [ -123.083421741031756, 45.572264856438132 ], [ -123.083288740640199, 45.572265856606094 ], [ -123.083163740410214, 45.572287856837683 ], [ -123.082858740769211, 45.572481857893926 ], [ -123.0828197411508, 45.572557858208171 ], [ -123.082773743616102, 45.572954859654743 ], [ -123.08274174393344, 45.573017859914835 ], [ -123.082585743788044, 45.573066860279141 ], [ -123.082499743504584, 45.573062860371408 ], [ -123.082367742781827, 45.573012860359491 ], [ -123.082226741684565, 45.572909860173233 ], [ -123.082140740364849, 45.572747859712521 ], [ -123.082155739019385, 45.572535858952001 ], [ -123.082218737201146, 45.572229857803116 ], [ -123.082413735220896, 45.57183885619343 ], [ -123.082483733804295, 45.57159085523876 ], [ -123.082483733096097, 45.571482854860754 ], [ -123.082444732421891, 45.571397854611476 ], [ -123.08237473200235, 45.571365854586077 ], [ -123.08198373053591, 45.571320854912422 ], [ -123.081624729703123, 45.571357855486099 ], [ -123.081038727829522, 45.571339856148199 ], [ -123.080632726199823, 45.571276856430217 ], [ -123.080210723668856, 45.571083856277269 ], [ -123.080147723421007, 45.571074856323783 ], [ -123.080061723314259, 45.571097856510647 ], [ -123.080053723644752, 45.571151856709427 ], [ -123.080092724588582, 45.571277857101911 ], [ -123.080311728106096, 45.571713858356098 ], [ -123.080280728485789, 45.571785858646287 ], [ -123.080225728353923, 45.571790858731831 ], [ -123.080179728098017, 45.571772858725765 ], [ -123.080132727839143, 45.571754858720944 ], [ -123.078952720201428, 45.571129857995068 ], [ -123.078788718823489, 45.570994857725999 ], [ -123.078717717697927, 45.570855857327857 ], [ -123.078710716993982, 45.570751856972869 ], [ -123.079078715043778, 45.570286854891236 ], [ -123.079131714769332, 45.570220854594808 ], [ -123.07926471386817, 45.570022853737655 ], [ -123.079278713345545, 45.56993685341957 ], [ -123.079248712191927, 45.569774852890198 ], [ -123.079061709976301, 45.569522852240667 ], [ -123.078920708935996, 45.569428852086681 ], [ -123.078623707453758, 45.569338852140078 ], [ -123.078248706091983, 45.56930285247897 ], [ -123.0780067057796, 45.569365852999134 ], [ -123.077969705793365, 45.569384853111409 ], [ -123.077584705938918, 45.569582854280647 ], [ -123.077420705801671, 45.569636854672609 ], [ -123.077217705225493, 45.569641854941608 ], [ -123.076936703166751, 45.569456854643249 ], [ -123.076826701804904, 45.569299854230898 ], [ -123.076553699565963, 45.569083853814462 ], [ -123.076443699176636, 45.569074853919375 ], [ -123.076397699216074, 45.569101854070745 ], [ -123.076209700518618, 45.569385855296112 ], [ -123.076131700843305, 45.569470855689758 ], [ -123.075905700579355, 45.569533856189935 ], [ -123.075600699637945, 45.569529856553906 ], [ -123.075451698776646, 45.569466856518474 ], [ -123.075295697716754, 45.569376856397383 ], [ -123.075107695672955, 45.569151855844467 ], [ -123.074772693194248, 45.568927855477341 ], [ -123.074647692463827, 45.568873855443719 ], [ -123.07445169184254, 45.568868855669258 ], [ -123.074318691772206, 45.568918856008779 ], [ -123.074147691883809, 45.569013856552495 ], [ -123.07397869182391, 45.569081856999475 ], [ -123.073709691720552, 45.569188857706528 ], [ -123.073638691770626, 45.569228857934199 ], [ -123.073358692002955, 45.569391858850302 ], [ -123.07315569257841, 45.569571859730289 ], [ -123.072912693896257, 45.569882861117044 ], [ -123.072797693821201, 45.569923861402636 ], [ -123.072748693792718, 45.569941861526154 ], [ -123.072569693045168, 45.569909861636205 ], [ -123.072467692146773, 45.569819861448423 ], [ -123.072444690181896, 45.569531860471699 ], [ -123.072334689259378, 45.569441860293885 ], [ -123.072292689021424, 45.569424860286588 ], [ -123.072154688245234, 45.56936986026566 ], [ -123.0719126872293, 45.569325860412022 ], [ -123.071553686092727, 45.569316860825545 ], [ -123.071092685242817, 45.569397861679526 ], [ -123.070886684723476, 45.569412861987132 ], [ -123.070663684166277, 45.569429862322799 ], [ -123.070420683008919, 45.569364862397201 ], [ -123.069474681132363, 45.569510864078779 ], [ -123.068075678372296, 45.569728866572369 ], [ -123.068128688099151, 45.57117987156505 ], [ -123.068163694507746, 45.572135874854496 ], [ -123.068077695588897, 45.572338875668493 ], [ -123.068108696657575, 45.572486876146122 ], [ -123.068169697229209, 45.572545876276386 ], [ -123.068475698857029, 45.572653876274657 ], [ -123.068663699386605, 45.57264887602485 ], [ -123.068936700407903, 45.572679875795465 ], [ -123.069132701501928, 45.572756875821703 ], [ -123.06924170310019, 45.572949876360006 ], [ -123.069514709044256, 45.573727878735909 ], [ -123.069707711993644, 45.574087879753108 ], [ -123.069765712878706, 45.574195880058184 ], [ -123.069968715027272, 45.574429880623747 ], [ -123.07011671633262, 45.574560880897991 ], [ -123.07025771722823, 45.574632880975116 ], [ -123.071171721763307, 45.57490688080312 ], [ -123.071382722564721, 45.574932880633504 ], [ -123.071499722828534, 45.57491988044378 ], [ -123.071577722791517, 45.57487888020448 ], [ -123.071663722192312, 45.574748879644723 ], [ -123.071804719024883, 45.574203877568806 ], [ -123.071976717728276, 45.573928876396742 ], [ -123.072171717277513, 45.573771875607996 ], [ -123.072374717054913, 45.573645874917517 ], [ -123.072843717180277, 45.573451873661035 ], [ -123.073054718252195, 45.573518873634292 ], [ -123.073085718792427, 45.573586873833385 ], [ -123.073061719549912, 45.573712874302913 ], [ -123.072944720621749, 45.573928875201425 ], [ -123.072882721647503, 45.574112875920285 ], [ -123.072851725115683, 45.574653877847069 ], [ -123.072906727412473, 45.574977878910239 ], [ -123.072960728547812, 45.575125879360257 ], [ -123.073343732297445, 45.575521880270315 ], [ -123.073370732818958, 45.575588880470931 ], [ -123.073343733067389, 45.575638880678788 ], [ -123.073156732417075, 45.575624880860531 ], [ -123.072835731110104, 45.575571881071326 ], [ -123.072546730392261, 45.575593881504524 ], [ -123.072335730032378, 45.575634881907824 ], [ -123.072171730286811, 45.575747882504423 ], [ -123.072015730947101, 45.575918883293568 ], [ -123.071929732053434, 45.576125884122014 ], [ -123.07196173401222, 45.576408885070194 ], [ -123.071984735384476, 45.576606885732858 ], [ -123.072031736801947, 45.57680088635199 ], [ -123.07222673936505, 45.577101887162279 ], [ -123.072250740443863, 45.577254887666712 ], [ -123.072187741059295, 45.5773768881701 ], [ -123.072054741341049, 45.577479888693382 ], [ -123.071406742083695, 45.577885890907915 ], [ -123.071218743091123, 45.578123891969767 ], [ -123.071148743890333, 45.578276892589741 ], [ -123.071117744693737, 45.578412893102374 ], [ -123.071156745817575, 45.578565893588248 ], [ -123.071140746659083, 45.578700894078963 ], [ -123.071125746726409, 45.578717894156725 ], [ -123.070283742085167, 45.578393894062295 ], [ -123.069148735759029, 45.577946893900069 ], [ -123.069027735134938, 45.577906893909535 ], [ -123.068720733554542, 45.577805893935263 ], [ -123.068310732300063, 45.577800894422552 ], [ -123.067309730181876, 45.577931896111352 ], [ -123.065823725992757, 45.577967898065843 ], [ -123.064891723269284, 45.577975899240862 ], [ -123.062305715777498, 45.57800790253517 ], [ -123.061748714164594, 45.578014903245091 ], [ -123.060830711344167, 45.578001904329732 ], [ -123.060057709001867, 45.577995905260266 ], [ -123.059601707683242, 45.578001905842385 ], [ -123.059142706322589, 45.578002906410809 ], [ -123.056399698204842, 45.578010909814722 ], [ -123.055781696377224, 45.578012910582302 ], [ -123.055485695515387, 45.578015910957028 ], [ -123.054674693152649, 45.57802391198301 ], [ -123.053153688622047, 45.578023913855041 ], [ -123.052193685769112, 45.578024915040032 ], [ -123.047608672350975, 45.578060920807964 ], [ -123.046160668051229, 45.578062922597006 ], [ -123.044849664166222, 45.57806592422093 ], [ -123.043829661034891, 45.578051925427843 ], [ -123.043540666344811, 45.578978928992647 ], [ -123.043230671247443, 45.579853932402756 ], [ -123.043082674116278, 45.580350934304953 ], [ -123.042762680343017, 45.58142893842912 ], [ -123.042749681602857, 45.581623939119986 ], [ -123.042794682355733, 45.581716939386638 ], [ -123.042937683299698, 45.581794939481142 ], [ -123.04480769108082, 45.582129938346675 ], [ -123.045125692383948, 45.582183938143594 ], [ -123.045303693397898, 45.582256938178062 ], [ -123.045371694657391, 45.582415938645383 ], [ -123.044532707325828, 45.584693947562727 ], [ -123.044298710685553, 45.585302949957892 ], [ -123.043517722000075, 45.587349957999876 ], [ -123.043446723228158, 45.587565958834354 ], [ -123.043637723972196, 45.587592958694543 ], [ -123.044213726219553, 45.587674958274981 ], [ -123.044405726973068, 45.587702958137456 ], [ -123.044369727891549, 45.587856958714667 ], [ -123.04418073131302, 45.588454961016005 ], [ -123.043926736613244, 45.589363964473193 ], [ -123.043611742573546, 45.590398968440446 ], [ -123.043426746182291, 45.591022970826003 ], [ -123.043354747594549, 45.591266971758365 ], [ -123.043097752470246, 45.592112974999658 ], [ -123.042820757967405, 45.593060978617913 ], [ -123.042573763054563, 45.593933981939578 ], [ -123.042329767565548, 45.594718984952699 ], [ -123.042104770461563, 45.595252987073785 ], [ -123.041766775131677, 45.596102990425116 ], [ -123.04160677753363, 45.596533992110452 ], [ -123.041538778460151, 45.596702992777601 ], [ -123.041489779722184, 45.596913993567057 ], [ -123.041398783865858, 45.597575995967674 ], [ -123.04123278865643, 45.598367998908792 ], [ -123.041092793343836, 45.599133001724731 ], [ -123.04090779907969, 45.600075005207195 ], [ -123.040771804646297, 45.600970008467549 ], [ -123.040576811400868, 45.602069012504494 ], [ -123.040566811758239, 45.602127012717169 ], [ -123.040019809662581, 45.602052013118033 ], [ -123.034025787592427, 45.601366017984887 ], [ -123.032897783557715, 45.601255018964146 ], [ -123.030752776486096, 45.601134021137646 ], [ -123.030758776129005, 45.601078020937237 ], [ -123.030781775747968, 45.601011020678371 ], [ -123.030871774378667, 45.600767019727968 ], [ -123.030889774029902, 45.600707019499275 ], [ -123.030901773870994, 45.600678019384752 ], [ -123.030901773757265, 45.600661019326104 ], [ -123.030895773599269, 45.600640019260908 ], [ -123.030876773389949, 45.600617019204527 ], [ -123.024061743175054, 45.599080022149124 ], [ -123.022932738524162, 45.598879022823461 ], [ -123.0211367308261, 45.59851502374493 ], [ -123.019800725310972, 45.598276024540482 ], [ -123.0184137193895, 45.597999025267796 ], [ -123.018095717873692, 45.597912025353921 ], [ -123.01792671696208, 45.597850025345551 ], [ -123.015726704842038, 45.597006025111625 ], [ -123.015521703555066, 45.596904025009806 ], [ -123.015326701826254, 45.596732024655488 ], [ -123.014939698928814, 45.596470024225077 ], [ -123.014694697355793, 45.596343024086089 ], [ -123.014512696263509, 45.596260024021873 ], [ -123.014252694922249, 45.596174024041957 ], [ -123.014058693996574, 45.596121024095332 ], [ -123.013995694989902, 45.596296024772464 ], [ -123.013830697629999, 45.596760026565256 ], [ -123.013802697958624, 45.596821026808591 ], [ -123.013726698887211, 45.59699202748768 ], [ -123.012755693596958, 45.59662902741897 ], [ -123.009845677737786, 45.595542027220269 ], [ -123.008875672450003, 45.59518002715653 ], [ -123.008845672989253, 45.595273027511709 ], [ -123.008759674618844, 45.595552028572385 ], [ -123.008730675161104, 45.59564502892632 ], [ -123.00870867506282, 45.595640028935875 ], [ -123.008642674768012, 45.595625028964555 ], [ -123.008620674676479, 45.595621028977568 ], [ -123.008417673905527, 45.595595029134785 ], [ -123.008218673152982, 45.59557002929057 ], [ -123.007809671683091, 45.595530029649822 ], [ -123.007606670959291, 45.595511029831066 ], [ -123.007641669611075, 45.595296029051887 ], [ -123.007546669237811, 45.595282029119232 ], [ -123.00661566563474, 45.595153029807392 ], [ -123.006305664434564, 45.595110030036402 ], [ -123.006159663391585, 45.595019029901962 ], [ -123.00614966332175, 45.595013029893543 ], [ -123.005683660008927, 45.594725029473047 ], [ -123.005528658905448, 45.594629029332523 ], [ -123.005458658335186, 45.594575029232594 ], [ -123.005323657236346, 45.594471029040456 ], [ -123.005266656778502, 45.594428028962461 ], [ -123.005247656621378, 45.59441302893417 ], [ -123.005178656060778, 45.594360028836498 ], [ -123.005099655984125, 45.594383029011198 ], [ -123.004862655754138, 45.594452029535312 ], [ -123.004783655677514, 45.594475029709997 ], [ -123.004783654542592, 45.594307029134839 ], [ -123.00473965425121, 45.594283029106137 ], [ -123.004542652956431, 45.59417702898255 ], [ -123.004127651041344, 45.594074029134148 ], [ -123.00391865003543, 45.594016029189532 ], [ -123.003634649559288, 45.59406902971601 ], [ -123.003600649777013, 45.594116029918169 ], [ -123.003480650607315, 45.594291030662873 ], [ -123.003436651877152, 45.594498031424727 ], [ -123.003699654102576, 45.594713031841145 ], [ -123.00396765538278, 45.59478603176558 ], [ -123.004006655571601, 45.594797031755881 ], [ -123.004310656754669, 45.594840031533941 ], [ -123.004303657193589, 45.594908031775226 ], [ -123.004286658522076, 45.595112032494171 ], [ -123.004280658970657, 45.595181032737635 ], [ -123.004066658200685, 45.59516003292552 ], [ -123.003557656389134, 45.595113033382553 ], [ -123.003465656044739, 45.59510203345657 ], [ -123.003424655890583, 45.595097033489232 ], [ -123.003211655096408, 45.595072033662255 ], [ -123.002841653780536, 45.595038033995074 ], [ -123.001732649835404, 45.594936034992521 ], [ -123.001363648522201, 45.594902035324225 ], [ -123.001003647221836, 45.594866035638212 ], [ -122.999926643476769, 45.594758036607104 ], [ -122.999567642912254, 45.594723037073479 ], [ -122.999204642378047, 45.594693037563772 ], [ -122.998557641429329, 45.594640038439991 ], [ -122.998116640736413, 45.594597039014417 ], [ -122.99775464017651, 45.594563039490744 ], [ -122.997709640101704, 45.594558039547358 ], [ -122.997577639893507, 45.594545039719122 ], [ -122.997533639826358, 45.594541039777496 ], [ -122.997224639362244, 45.594514040191363 ], [ -122.99665763851452, 45.594465040953217 ], [ -122.996299637951992, 45.594430041420942 ], [ -122.995991637475626, 45.594401041827382 ], [ -122.995788637135476, 45.594378042082297 ], [ -122.99517963611531, 45.594309042847918 ], [ -122.994977635776266, 45.594286043101725 ], [ -122.994521635044222, 45.594239043691609 ], [ -122.99340463324603, 45.594123045136158 ], [ -122.993154632850221, 45.59409804546317 ], [ -122.992699632126659, 45.594052046057058 ], [ -122.992560632235879, 45.594087046401334 ], [ -122.992324632155814, 45.594107046854909 ], [ -122.991282631429854, 45.59414004867341 ], [ -122.990730630954545, 45.594144049592032 ], [ -122.990726631051714, 45.594159049647999 ], [ -122.990642631916444, 45.594299050246455 ], [ -122.990525632744223, 45.594438050895313 ], [ -122.990356633316082, 45.594546051526862 ], [ -122.990314633459278, 45.59457305168425 ], [ -122.989959634224022, 45.594735052796047 ], [ -122.989935634175254, 45.594731052822105 ], [ -122.989886634076768, 45.594723052875857 ], [ -122.98988363422184, 45.594745052952881 ], [ -122.989881634387984, 45.594770053038168 ], [ -122.989825635559612, 45.594952053726466 ], [ -122.989661639091025, 45.595500055789735 ], [ -122.989606640269912, 45.595683056478585 ], [ -122.989446644193421, 45.596289058722022 ], [ -122.985857640890615, 45.596289064503509 ], [ -122.985884641598787, 45.596391064789053 ], [ -122.985732641170799, 45.596348064895082 ], [ -122.98545964063149, 45.596305065196169 ], [ -122.985110640176416, 45.596285065693991 ], [ -122.981949637113885, 45.596262070713216 ], [ -122.980855636120609, 45.596264072482263 ], [ -122.979230634652041, 45.596268075113059 ], [ -122.979157634584865, 45.596268075230675 ], [ -122.979046634482756, 45.596268075409519 ], [ -122.978584634064276, 45.596269076157 ], [ -122.97831663381767, 45.59626907658879 ], [ -122.977515633087279, 45.596270077882444 ], [ -122.97750063308014, 45.596271077909712 ], [ -122.977249632809233, 45.596265078295446 ], [ -122.976624632234163, 45.596265079302455 ], [ -122.974749630515561, 45.596266082326586 ], [ -122.974644630418936, 45.596266082495781 ], [ -122.97437163017436, 45.596267082938702 ], [ -122.974124629947099, 45.596267083336649 ], [ -122.973072628992369, 45.59626908503774 ], [ -122.972679628637366, 45.596270085673957 ], [ -122.972531628474641, 45.596266085900254 ], [ -122.97244862838501, 45.596264086027887 ], [ -122.97230462825253, 45.596264086259914 ], [ -122.972141628102506, 45.596264086522538 ], [ -122.971764627642941, 45.59624708707841 ], [ -122.97150462705234, 45.596194087336855 ], [ -122.971198626002007, 45.596078087479277 ], [ -122.970580623439744, 45.595777087568607 ], [ -122.970066621378592, 45.595537087677911 ], [ -122.969368618594174, 45.595213087837486 ], [ -122.969103617722979, 45.5951180879836 ], [ -122.969070618268532, 45.595205088297959 ], [ -122.968873625280821, 45.596292091871859 ], [ -122.968862625680913, 45.596354092075131 ], [ -122.968375641967128, 45.598884100414843 ], [ -122.968205648012102, 45.599822103481706 ], [ -122.968138650442512, 45.600199104711052 ], [ -122.968039654290749, 45.600795106642416 ], [ -122.968019655263817, 45.600945107120637 ], [ -122.968007655642666, 45.601004107315106 ], [ -122.964174648862539, 45.600524111836599 ], [ -122.962340645629112, 45.600295114019744 ], [ -122.96230564556987, 45.600291114062621 ], [ -122.954878632533209, 45.599366123028503 ], [ -122.952677628663736, 45.599089125713697 ], [ -122.94884562195584, 45.598609130434625 ], [ -122.948901621590707, 45.598545130172091 ], [ -122.948911621534847, 45.598535130129108 ], [ -122.949056620867779, 45.598412129565141 ], [ -122.949090620651631, 45.598374129407901 ], [ -122.949149620308745, 45.598313129148387 ], [ -122.94846561917069, 45.598236130022329 ], [ -122.946416615762402, 45.598005132647998 ], [ -122.945733614627343, 45.597928133526089 ], [ -122.945769615051034, 45.597988133629563 ], [ -122.945874616273954, 45.598161133926247 ], [ -122.945877616354778, 45.598173133953637 ], [ -122.945896616821315, 45.598242134108389 ], [ -122.9425526117396, 45.59793813860535 ], [ -122.93849460559197, 45.597570144102228 ], [ -122.935331600686553, 45.597264148366499 ], [ -122.932525596384281, 45.596999152187756 ], [ -122.931344594579116, 45.596888153803484 ], [ -122.92918259132405, 45.596692156788222 ], [ -122.926750587696105, 45.59647616017039 ], [ -122.919536576975531, 45.595837170291382 ], [ -122.919456576851076, 45.595829170402212 ], [ -122.91702657322621, 45.595610173831716 ], [ -122.916972573787788, 45.595706174138428 ], [ -122.91690657443371, 45.595817174498649 ], [ -122.916286580449096, 45.596852177855048 ], [ -122.916253581239303, 45.596981178201226 ], [ -122.916290582978476, 45.597249178751476 ], [ -122.916529589988897, 45.598316180799571 ], [ -122.916590591496472, 45.598544181222408 ], [ -122.916633592268326, 45.598659181416551 ], [ -122.916683592957654, 45.59876018156784 ], [ -122.916767594105124, 45.598928181818529 ], [ -122.916780594282756, 45.598954181857358 ], [ -122.917176599356864, 45.599693182923417 ], [ -122.917425602652855, 45.60017418363519 ], [ -122.917487603787208, 45.600343183925695 ], [ -122.917532604676452, 45.600476184160449 ], [ -122.917844610778801, 45.601388185769103 ], [ -122.917948612819899, 45.601693186309319 ], [ -122.918018614185684, 45.601897186670477 ], [ -122.918088615022853, 45.602018186841249 ], [ -122.918116615355189, 45.602066186908658 ], [ -122.918267616613406, 45.602241187080068 ], [ -122.918379618019571, 45.602445187378507 ], [ -122.918592621274627, 45.602924188157708 ], [ -122.918604621419888, 45.602945188187881 ], [ -122.918738622994411, 45.603172188508047 ], [ -122.918780623563492, 45.603255188635934 ], [ -122.91891662542713, 45.603527189058134 ], [ -122.919001627306102, 45.603809189581369 ], [ -122.919019628649338, 45.604017190035009 ], [ -122.919020628694938, 45.604024190049692 ], [ -122.918996629915057, 45.604219190536476 ], [ -122.918957630272928, 45.604281190738341 ], [ -122.918896630851847, 45.604381191060909 ], [ -122.91881863114034, 45.604438191309519 ], [ -122.918620631619518, 45.604543191848535 ], [ -122.917951632805242, 45.604830193509898 ], [ -122.917740633430299, 45.60496019412335 ], [ -122.91768863405531, 45.605066194444056 ], [ -122.917659635269246, 45.6052611949344 ], [ -122.917663636330303, 45.605427195309048 ], [ -122.917706637174234, 45.605553195534135 ], [ -122.917762637909775, 45.605660195696501 ], [ -122.917932640112312, 45.605980196179345 ], [ -122.918065642203047, 45.606288196690628 ], [ -122.918071642310778, 45.606304196718568 ], [ -122.918104642903373, 45.606392196872221 ], [ -122.918265643072175, 45.606394196639719 ], [ -122.918318643129922, 45.60639519656398 ], [ -122.918749643592292, 45.6064021959454 ], [ -122.918911643768453, 45.606405195713783 ], [ -122.919780644546975, 45.606395194410908 ], [ -122.922162646683191, 45.60636819083939 ], [ -122.923013647450375, 45.606359189564536 ], [ -122.925490649645795, 45.606327185838687 ], [ -122.926751651387022, 45.606408184176239 ], [ -122.927118651826177, 45.606421183667322 ], [ -122.927877652587597, 45.606425182559569 ], [ -122.929165654054628, 45.606459180746562 ], [ -122.93162865756257, 45.606633177553718 ], [ -122.931907657936335, 45.606649177183527 ], [ -122.932671658961198, 45.606693176170957 ], [ -122.93282465905817, 45.60668517592628 ], [ -122.933114659114167, 45.606650175412696 ], [ -122.933251659079573, 45.606624175146258 ], [ -122.933582658762646, 45.606525174411289 ], [ -122.933660658748039, 45.606511174261399 ], [ -122.93389365885794, 45.606493173873368 ], [ -122.934360659220545, 45.606479173150944 ], [ -122.935136660121415, 45.606502172067266 ], [ -122.936005661125577, 45.60652717085236 ], [ -122.936049661181173, 45.606529170792733 ], [ -122.937460662685481, 45.606550168771186 ], [ -122.938613663946256, 45.606572167132384 ], [ -122.93917866457204, 45.606584166332738 ], [ -122.939483664984493, 45.606602165930987 ], [ -122.939469665909684, 45.606747166327288 ], [ -122.939459677080947, 45.608474170816542 ], [ -122.939451687632513, 45.61010517505381 ], [ -122.939423689171591, 45.610347175720527 ], [ -122.939352690532104, 45.610568176393528 ], [ -122.939229691912161, 45.610800177168038 ], [ -122.938850695354759, 45.611390179227122 ], [ -122.938330699715593, 45.612144181899332 ], [ -122.937844703576388, 45.612816184303156 ], [ -122.937608704904903, 45.613058185250857 ], [ -122.937324706029571, 45.613276186201674 ], [ -122.937230706277887, 45.613329186466977 ], [ -122.936885707217797, 45.613528187450939 ], [ -122.936559708260077, 45.613740188440097 ], [ -122.936419708739507, 45.613836188876959 ], [ -122.935633710989947, 45.614307191150203 ], [ -122.935410711739905, 45.614458191837358 ], [ -122.934192715012884, 45.615156195255032 ], [ -122.933965715827711, 45.615318195969678 ], [ -122.93372571696429, 45.615532196831531 ], [ -122.933564717813056, 45.615689197442642 ], [ -122.933048721219961, 45.616299199663978 ], [ -122.932784723012801, 45.616619200816899 ], [ -122.932627724141042, 45.616819201525679 ], [ -122.931849729772111, 45.617817205042428 ], [ -122.931351733257912, 45.618438207238185 ], [ -122.931051735291391, 45.618802208531847 ], [ -122.930684737698513, 45.619235210079985 ], [ -122.930231740902485, 45.61980621207492 ], [ -122.92969574460912, 45.620469214395285 ], [ -122.929040749479626, 45.621333217349303 ], [ -122.928950750297972, 45.621475217810946 ], [ -122.928876751197109, 45.621627218276529 ], [ -122.928834751827694, 45.621732218586445 ], [ -122.928785752829825, 45.621896219049283 ], [ -122.928723753445851, 45.622002219386552 ], [ -122.928613753979491, 45.622103219771752 ], [ -122.928521754249303, 45.622160220026657 ], [ -122.928007755059738, 45.622370221183999 ], [ -122.92642475773664, 45.623046224800426 ], [ -122.926319757946928, 45.623096225051711 ], [ -122.926192758242976, 45.623163225371179 ], [ -122.92602275895527, 45.623302225917143 ], [ -122.925937760198906, 45.623510226523116 ], [ -122.925889762333654, 45.62385122740281 ], [ -122.925922763515587, 45.624030227792744 ], [ -122.925973764485832, 45.624173228074078 ], [ -122.926101765236226, 45.624269228147895 ], [ -122.926379765997794, 45.624342227982524 ], [ -122.926709766788804, 45.624411227744261 ], [ -122.926875767368259, 45.624474227693106 ], [ -122.926988768064916, 45.624564227772474 ], [ -122.927044769124691, 45.624720228081593 ], [ -122.927035769942592, 45.624849228404919 ], [ -122.926997770267945, 45.624906228589268 ], [ -122.926916770983865, 45.625031228990487 ], [ -122.925744776271443, 45.626050232866845 ], [ -122.925551777001374, 45.626196233449697 ], [ -122.925423777294213, 45.626263233764291 ], [ -122.925316777430041, 45.626302233986294 ], [ -122.92518677750283, 45.626335234221408 ], [ -122.925058777532939, 45.626361234437255 ], [ -122.924620777488542, 45.62642723512031 ], [ -122.924203777504644, 45.626499235791705 ], [ -122.924076777561169, 45.626529236015244 ], [ -122.923875777730643, 45.626589236398573 ], [ -122.923714778147428, 45.626681236809787 ], [ -122.923636778537556, 45.62675523707874 ], [ -122.923548778987353, 45.626840237385558 ], [ -122.923454779692889, 45.626966237796594 ], [ -122.923450779803758, 45.62698423784407 ], [ -122.923411780958176, 45.627171238333986 ], [ -122.923434783842055, 45.627618239366846 ], [ -122.923500784891544, 45.627771239651842 ], [ -122.923560785390904, 45.627839239742414 ], [ -122.923670786302267, 45.627963239907196 ], [ -122.923782786889618, 45.628036239948777 ], [ -122.924245789319912, 45.628338240123597 ], [ -122.92475079188641, 45.6286542402866 ], [ -122.92491679273121, 45.628758240341433 ], [ -122.925446795621468, 45.629120240591561 ], [ -122.925900798232746, 45.629451240860284 ], [ -122.926513801934462, 45.62992524129502 ], [ -122.926692803757092, 45.630179241702777 ], [ -122.926975806494838, 45.630558242295294 ], [ -122.927254809396047, 45.630963242958373 ], [ -122.927263809489205, 45.630976242979656 ], [ -122.927531811500529, 45.631244243325732 ], [ -122.927701812366038, 45.631350243390727 ], [ -122.92802281331295, 45.631443243253976 ], [ -122.928237813868435, 45.63149324313288 ], [ -122.928402814292426, 45.631531243039241 ], [ -122.928466814458588, 45.631546243003584 ], [ -122.928881815906976, 45.631701242914339 ], [ -122.928890815942495, 45.631705242913981 ], [ -122.929018816698928, 45.631801243004794 ], [ -122.92908881762979, 45.63193424325177 ], [ -122.929112818844473, 45.632119243677948 ], [ -122.929111819228837, 45.632179243826066 ], [ -122.929109820896883, 45.632439244465154 ], [ -122.92910782252639, 45.632693245089534 ], [ -122.929080826845762, 45.633370246777574 ], [ -122.929065829379539, 45.633767247766322 ], [ -122.929064829596854, 45.633801247850684 ], [ -122.929168829968447, 45.633841247834503 ], [ -122.929213830127267, 45.63385824782678 ], [ -122.928571829496562, 45.633870248560449 ], [ -122.927166827800036, 45.633847250045932 ], [ -122.918955818130115, 45.633750258831448 ], [ -122.918720817852019, 45.633747259082689 ], [ -122.915283813785123, 45.633703262759227 ], [ -122.909130806500386, 45.633623269348718 ], [ -122.909147795465401, 45.631876265527758 ], [ -122.909151792249219, 45.631367264415431 ], [ -122.909160784128403, 45.630082261608301 ], [ -122.909226783712754, 45.630005261364815 ], [ -122.909316783215445, 45.629911261056534 ], [ -122.909348782965324, 45.629866260921638 ], [ -122.90939978273579, 45.6298212607648 ], [ -122.909543781809418, 45.62965026022578 ], [ -122.909606781535771, 45.629596260035171 ], [ -122.909707781334887, 45.629547259811439 ], [ -122.909745781274708, 45.629531259732545 ], [ -122.909829781150307, 45.629497259561099 ], [ -122.909950780882269, 45.629434259283329 ], [ -122.910020780786979, 45.629407259143221 ], [ -122.910145780725827, 45.629376258930584 ], [ -122.910481780835568, 45.62933625845357 ], [ -122.910615780752337, 45.629300258219175 ], [ -122.9108807809816, 45.629291257892156 ], [ -122.911240781541608, 45.62931825753423 ], [ -122.911381781808032, 45.629336257410515 ], [ -122.911498782137258, 45.629368257345597 ], [ -122.91158478231894, 45.629382257276895 ], [ -122.911771782521043, 45.629382257060293 ], [ -122.911889782502755, 45.629359256872689 ], [ -122.912237782796367, 45.62934625644062 ], [ -122.912291782911765, 45.629355256398028 ], [ -122.912385783241717, 45.62939125636904 ], [ -122.912483783690178, 45.629445256375526 ], [ -122.912628784278326, 45.629513256358941 ], [ -122.912733784366495, 45.629509256228623 ], [ -122.912851784176809, 45.629459255980777 ], [ -122.913085783630152, 45.629333255428946 ], [ -122.913151783618957, 45.629320255323456 ], [ -122.913320783884046, 45.629333255156588 ], [ -122.913444784437019, 45.629399255160408 ], [ -122.913448784454047, 45.629401255160239 ], [ -122.913589784892125, 45.629446255097648 ], [ -122.91368378508264, 45.629460255020163 ], [ -122.913796785230204, 45.629464254898366 ], [ -122.91396478555788, 45.629487254755524 ], [ -122.914066785928583, 45.629528254729514 ], [ -122.914187786288082, 45.629564254670441 ], [ -122.914316786770641, 45.629618254642651 ], [ -122.914437787270003, 45.629676254633345 ], [ -122.914594788068896, 45.629775254674954 ], [ -122.914621788098131, 45.629775254643818 ], [ -122.914641787980017, 45.62975325457122 ], [ -122.91452378693738, 45.629609254383311 ], [ -122.914476786683252, 45.629577254365643 ], [ -122.914441786416688, 45.629541254325112 ], [ -122.91428178561479, 45.629442254287689 ], [ -122.914168785206826, 45.629397254317453 ], [ -122.914094784841026, 45.629352254302162 ], [ -122.914035784662957, 45.629334254330161 ], [ -122.913707783222804, 45.62916325432748 ], [ -122.913601782822681, 45.629118254349898 ], [ -122.913544782672275, 45.629104254384806 ], [ -122.91344978243005, 45.629082254446033 ], [ -122.913269782146926, 45.629068254624023 ], [ -122.913054781940318, 45.629072254882892 ], [ -122.91288278172928, 45.629068255073953 ], [ -122.912772781610585, 45.629068255201837 ], [ -122.912636781286182, 45.629040255297653 ], [ -122.912549781052718, 45.629018255349948 ], [ -122.912491780818868, 45.628991255357434 ], [ -122.91241378064592, 45.628977255417105 ], [ -122.912315780571944, 45.628982255542255 ], [ -122.912225780531912, 45.628991255666968 ], [ -122.911948780226709, 45.62899025598707 ], [ -122.911928780033961, 45.628963255950566 ], [ -122.911870779946, 45.628959256009246 ], [ -122.911678779992499, 45.628999256321165 ], [ -122.911584779891086, 45.628999256430539 ], [ -122.911479779663708, 45.628981256512965 ], [ -122.911381779386886, 45.62895425656744 ], [ -122.911252778702718, 45.628868256527973 ], [ -122.911216778410392, 45.628828256481711 ], [ -122.911201778166088, 45.62879225641985 ], [ -122.911240777922941, 45.628747256275162 ], [ -122.911264777631928, 45.628697256136853 ], [ -122.91127277735535, 45.628652256028268 ], [ -122.911263777206244, 45.628630255990309 ], [ -122.911232776887687, 45.628585255927284 ], [ -122.911185776919424, 45.628598256010889 ], [ -122.911142777101261, 45.628634256140501 ], [ -122.911107777177605, 45.628652256221045 ], [ -122.911021777116687, 45.628657256332524 ], [ -122.91090877693793, 45.628648256444713 ], [ -122.910822776838941, 45.628647256543019 ], [ -122.910376775820211, 45.628562256877679 ], [ -122.91006677539778, 45.628548257209602 ], [ -122.910048775378399, 45.628548257230641 ], [ -122.909911775256234, 45.628552257399647 ], [ -122.909528774812188, 45.628547257836729 ], [ -122.909345774672119, 45.628556258070411 ], [ -122.909172774270715, 45.628522258198728 ], [ -122.909175771084961, 45.628018257098105 ], [ -122.90903574798763, 45.624391249374504 ], [ -122.908953733856578, 45.622171244649294 ], [ -122.909008729194454, 45.621425242957933 ], [ -122.908989724556378, 45.620695241394799 ], [ -122.891956706559924, 45.620646263052926 ], [ -122.891789706386533, 45.620646263266323 ], [ -122.891508706026087, 45.620635263604107 ], [ -122.891405705887948, 45.620630263726071 ], [ -122.891227705709369, 45.620631263955467 ], [ -122.892561712204341, 45.62144926384542 ], [ -122.893542719584673, 45.622466264599048 ], [ -122.89418872201243, 45.622746264341835 ], [ -122.894705724331601, 45.623030264258063 ], [ -122.895220727006887, 45.623371264294022 ], [ -122.895816729387121, 45.623651264113043 ], [ -122.896981732444118, 45.623943263259171 ], [ -122.897269733374742, 45.624043263105598 ], [ -122.897479735107495, 45.624284263333053 ], [ -122.8976807379413, 45.62470226393043 ], [ -122.89794574024782, 45.625025264260003 ], [ -122.898147740800667, 45.625079264123393 ], [ -122.898333741267649, 45.625122263984217 ], [ -122.898551741686987, 45.625152263779938 ], [ -122.898835741956702, 45.625147263424402 ], [ -122.899018742050274, 45.625131263169223 ], [ -122.899217742085412, 45.625103262869992 ], [ -122.899449742080122, 45.625063262505932 ], [ -122.899599742151167, 45.625049262294695 ], [ -122.899846741935463, 45.624973261838186 ], [ -122.900443742046221, 45.624890260939921 ], [ -122.900893742321543, 45.624858260324999 ], [ -122.901127742607045, 45.624864260051879 ], [ -122.902259745725232, 45.6251692593058 ], [ -122.902701747390154, 45.625359259165101 ], [ -122.903224751195168, 45.625875259611796 ], [ -122.903679753153554, 45.626109259554724 ], [ -122.904177754887755, 45.62630025935831 ], [ -122.904434756239738, 45.626471259410906 ], [ -122.904752759120186, 45.626874259882811 ], [ -122.90518676179174, 45.627224260107994 ], [ -122.905530763914015, 45.627502260290697 ], [ -122.905751764788249, 45.627603260244143 ], [ -122.905873765569112, 45.627706260319421 ], [ -122.90594776675303, 45.627881260605228 ], [ -122.905888767800491, 45.628057261049975 ], [ -122.905742768331521, 45.628166261453906 ], [ -122.905560768451409, 45.628216261774114 ], [ -122.905309767992293, 45.628186262005137 ], [ -122.90511976685454, 45.628038261914369 ], [ -122.905047766121214, 45.627934261778563 ], [ -122.904993765407312, 45.627830261621739 ], [ -122.904923764821305, 45.627749261532692 ], [ -122.904853764311071, 45.62768026146923 ], [ -122.904712762999623, 45.627496261246513 ], [ -122.904541762248911, 45.627406261258777 ], [ -122.904372761866171, 45.627374261391566 ], [ -122.904187761397012, 45.627331261520268 ], [ -122.903953761102329, 45.627324261783137 ], [ -122.903654761046823, 45.627366262226168 ], [ -122.903423761196265, 45.627429262632269 ], [ -122.903196761941956, 45.627586263230214 ], [ -122.903055763138511, 45.627800263844904 ], [ -122.90256676938759, 45.628876266666929 ], [ -122.902353769774749, 45.628974267119311 ], [ -122.902171769754631, 45.629002267389417 ], [ -122.902004769593347, 45.629005267589946 ], [ -122.901851769082199, 45.62895026765375 ], [ -122.901738768658333, 45.628902267685703 ], [ -122.901626767612811, 45.628755267511337 ], [ -122.901552766438527, 45.628581267237074 ], [ -122.901349760943077, 45.627742265737872 ], [ -122.901191759616466, 45.62755826554401 ], [ -122.900967758370385, 45.627398265478703 ], [ -122.900795757475734, 45.627285265449572 ], [ -122.900566757306009, 45.62729726574613 ], [ -122.900460756865712, 45.627245265764941 ], [ -122.900293756781238, 45.627260265994082 ], [ -122.899880756910818, 45.627351266670964 ], [ -122.899466756963605, 45.627430267323483 ], [ -122.897929757719595, 45.627813269919706 ], [ -122.897630757586882, 45.62784327033301 ], [ -122.897081757286017, 45.627889271073002 ], [ -122.89523375556513, 45.627931273334738 ], [ -122.895107755630136, 45.627963273546698 ], [ -122.894989755797596, 45.628010273778855 ], [ -122.894896756041874, 45.628065273997315 ], [ -122.894786756468122, 45.628152274298976 ], [ -122.894683756976903, 45.628251274615899 ], [ -122.894630757508054, 45.628345274864046 ], [ -122.894572758259017, 45.628475275189068 ], [ -122.89454775915182, 45.62862227550891 ], [ -122.894576759814939, 45.628723275674737 ], [ -122.8946117603532, 45.628803275792087 ], [ -122.894665760886937, 45.628879275879456 ], [ -122.895564766721435, 45.629656276378689 ], [ -122.895728767850727, 45.629808276492284 ], [ -122.895828768723021, 45.629930276620343 ], [ -122.895910769663672, 45.630066276797344 ], [ -122.895982771094623, 45.630282277145831 ], [ -122.896013772036468, 45.630427277399846 ], [ -122.8960927734189, 45.63063427772304 ], [ -122.896272775036607, 45.630861277971711 ], [ -122.896416775869938, 45.630969278024075 ], [ -122.896519776383087, 45.631033278035218 ], [ -122.898582784804717, 45.632017277691602 ], [ -122.898701785399325, 45.632091277708561 ], [ -122.898903786769083, 45.632274277854734 ], [ -122.898982787546132, 45.632384277990447 ], [ -122.899044788279539, 45.632490278137247 ], [ -122.899100790180512, 45.632783278672179 ], [ -122.899100791235313, 45.632951279014748 ], [ -122.899082791818273, 45.633047279230432 ], [ -122.899066792667114, 45.633185279529492 ], [ -122.898892795143823, 45.633610280587369 ], [ -122.89832980182139, 45.634773283566112 ], [ -122.898289802630472, 45.6349092838853 ], [ -122.898267803478262, 45.635048284190944 ], [ -122.898273804407268, 45.635195284482535 ], [ -122.898288804938431, 45.635277284632664 ], [ -122.898344805766087, 45.635399284819805 ], [ -122.89872280931769, 45.635898285427956 ], [ -122.898823810402988, 45.63605328563542 ], [ -122.89889281149047, 45.636214285889636 ], [ -122.898927812496225, 45.636368286166018 ], [ -122.898928813470363, 45.636523286480625 ], [ -122.898896814483038, 45.636690286854623 ], [ -122.898851815305349, 45.636829287185201 ], [ -122.898751816379985, 45.637018287675332 ], [ -122.89820082031288, 45.637743289725414 ], [ -122.898137820944925, 45.637855290018074 ], [ -122.898091821621065, 45.637971290300968 ], [ -122.897919824457759, 45.638454291457037 ], [ -122.897879825190586, 45.638578291749155 ], [ -122.89783282566458, 45.638662291967528 ], [ -122.897757826213635, 45.638763292248974 ], [ -122.897583826983421, 45.638917292739023 ], [ -122.897429827474525, 45.639023293111023 ], [ -122.897104827960661, 45.639159293718258 ], [ -122.894386830399426, 45.640039298240794 ], [ -122.89408883051226, 45.640111298684403 ], [ -122.893877830529647, 45.640152298978535 ], [ -122.893673830479827, 45.640181299241746 ], [ -122.893513830411038, 45.640199299438791 ], [ -122.893170830109895, 45.640213299812778 ], [ -122.892951829755447, 45.640196300000753 ], [ -122.892732829344851, 45.640170300171299 ], [ -122.892508828816219, 45.640126300311969 ], [ -122.89227582819629, 45.640069300436721 ], [ -122.889466819580818, 45.639197301616761 ], [ -122.889385819333654, 45.63917230165206 ], [ -122.889133818507318, 45.639085301744664 ], [ -122.888920817662864, 45.638988301778866 ], [ -122.888751816855745, 45.638889301764536 ], [ -122.88863881625511, 45.638813301736661 ], [ -122.888490815384728, 45.638700301675009 ], [ -122.888346814462977, 45.638578301592595 ], [ -122.888222813389561, 45.638428301437109 ], [ -122.888147812570622, 45.638310301291796 ], [ -122.888081811743206, 45.638189301131689 ], [ -122.888014810802702, 45.638050300938865 ], [ -122.887944809385857, 45.637835300606064 ], [ -122.887930808592102, 45.637710300384882 ], [ -122.887916798629973, 45.636112297385516 ], [ -122.887902798047975, 45.636021297228808 ], [ -122.887877797335506, 45.635911297048111 ], [ -122.887782795947771, 45.635705296761515 ], [ -122.887678794824012, 45.635543296567953 ], [ -122.887579793917595, 45.635415296433479 ], [ -122.887417792767152, 45.635259296314608 ], [ -122.887076790945812, 45.635027296247273 ], [ -122.886899790196182, 45.634938296271997 ], [ -122.886677789490108, 45.634864296373934 ], [ -122.886485788910676, 45.634805296471846 ], [ -122.886285788372234, 45.634754296593613 ], [ -122.886100787925088, 45.634715296721723 ], [ -122.885896787568839, 45.634694296904136 ], [ -122.885621787214873, 45.634686297187827 ], [ -122.885221787002095, 45.634723297690591 ], [ -122.885862801917412, 45.637009301242301 ], [ -122.886107807287999, 45.637829302510369 ], [ -122.886354810654765, 45.638326303179582 ], [ -122.886493812290723, 45.638564303479832 ], [ -122.886603813794906, 45.638786303780947 ], [ -122.886678815104389, 45.638983304071957 ], [ -122.886707816299918, 45.639170304391769 ], [ -122.886709817701302, 45.639395304810385 ], [ -122.886642819988538, 45.639775305588913 ], [ -122.886437823679671, 45.640406306974597 ], [ -122.885678835829793, 45.642500311624708 ], [ -122.885573838169961, 45.642896312461708 ], [ -122.885548839377662, 45.643095312854932 ], [ -122.885583840592062, 45.643284313171399 ], [ -122.885658841715809, 45.643451313408598 ], [ -122.88575684294068, 45.643630313646256 ], [ -122.885891844127514, 45.643796313824687 ], [ -122.886070845097962, 45.643919313881511 ], [ -122.88634184637975, 45.644075313912346 ], [ -122.889291858738147, 45.645513313827301 ], [ -122.889485859879102, 45.645660313925788 ], [ -122.88957786051553, 45.64574531400195 ], [ -122.889652861132291, 45.645830314094205 ], [ -122.889720861747278, 45.645916314195034 ], [ -122.88976686248634, 45.64602631436243 ], [ -122.889956866347774, 45.646610315303349 ], [ -122.890000866854081, 45.64668331540252 ], [ -122.890075867527514, 45.646777315513461 ], [ -122.890233868409965, 45.646889315582825 ], [ -122.890323868789267, 45.646933315584555 ], [ -122.890412869036453, 45.646956315546994 ], [ -122.890567869373115, 45.646981315452756 ], [ -122.891900871945168, 45.647144314545834 ], [ -122.892084872390924, 45.647181314449291 ], [ -122.892299873079025, 45.647251314388825 ], [ -122.8926088745892, 45.64743531446527 ], [ -122.895169890901244, 45.649563316355739 ], [ -122.895360891940214, 45.649693316445649 ], [ -122.895796893994941, 45.649939316552199 ], [ -122.895182891936884, 45.649726316667902 ], [ -122.895030891519795, 45.649688316726298 ], [ -122.894857891184387, 45.649667316837053 ], [ -122.894742891148923, 45.64968331697002 ], [ -122.894658891425237, 45.649743317162709 ], [ -122.894616891907546, 45.649828317367763 ], [ -122.894640893037106, 45.650004317694794 ], [ -122.894644894343259, 45.650212318102746 ], [ -122.894611895505548, 45.650404318511285 ], [ -122.894576897015767, 45.650652319032105 ], [ -122.89455489742771, 45.650722319189562 ], [ -122.894504897800175, 45.650791319369254 ], [ -122.894395898102673, 45.65086031959985 ], [ -122.894209898357687, 45.650936319910564 ], [ -122.894093898776802, 45.651025320186093 ], [ -122.893881900238839, 45.651299320908073 ], [ -122.893817900938231, 45.651423321206899 ], [ -122.893760901739668, 45.651562321528999 ], [ -122.893752902361669, 45.651663321734397 ], [ -122.89377290282313, 45.651733321854977 ], [ -122.893849903971471, 45.651902322121778 ], [ -122.893865904478261, 45.651980322261629 ], [ -122.893832905058005, 45.652079322484397 ], [ -122.893761905429898, 45.652152322688117 ], [ -122.893696905615087, 45.6521943228257 ], [ -122.893363906024689, 45.652323323360427 ], [ -122.893222906325391, 45.652398323626421 ], [ -122.893156906615431, 45.652457323797613 ], [ -122.892889908377725, 45.652790324673333 ], [ -122.892692909785552, 45.653053325351692 ], [ -122.892548910163114, 45.653141325643432 ], [ -122.892324910557249, 45.653247326036428 ], [ -122.892059910639844, 45.653311326381214 ], [ -122.891893910609767, 45.653338326571564 ], [ -122.891792910357779, 45.653317326614768 ], [ -122.891723910131603, 45.653294326627538 ], [ -122.89169590980471, 45.653247326559729 ], [ -122.891682908777852, 45.653085326256644 ], [ -122.8916249075412, 45.652898325942864 ], [ -122.891576906878356, 45.652801325795203 ], [ -122.891510906337658, 45.652727325707318 ], [ -122.891406905651806, 45.652637325620518 ], [ -122.891262905093001, 45.652575325621747 ], [ -122.891183904986264, 45.652573325684344 ], [ -122.891094904986161, 45.652590325792019 ], [ -122.890902905100191, 45.652645326059449 ], [ -122.890818905012395, 45.652647326133902 ], [ -122.89074490488666, 45.652641326184522 ], [ -122.890659904685421, 45.652625326225184 ], [ -122.890583904326505, 45.652582326206364 ], [ -122.890517903705145, 45.65249532609468 ], [ -122.890371900693523, 45.652040325344217 ], [ -122.890342900203763, 45.651967325228703 ], [ -122.89033489989491, 45.651919325143382 ], [ -122.890291899575587, 45.651876325097426 ], [ -122.890232899349513, 45.651851325099678 ], [ -122.890137899180388, 45.651842325163287 ], [ -122.890024899451177, 45.651907325383938 ], [ -122.889949899947965, 45.652001325627594 ], [ -122.889548902418454, 45.652474326870724 ], [ -122.889432902984268, 45.652587327183944 ], [ -122.889299903417509, 45.652682327476775 ], [ -122.889211903580389, 45.652725327632538 ], [ -122.889123903693346, 45.652760327772953 ], [ -122.889035903737806, 45.652784327892391 ], [ -122.888961903612056, 45.652778327943004 ], [ -122.888892903448678, 45.652765327976176 ], [ -122.888827903177997, 45.652734327971849 ], [ -122.888773902907971, 45.652701327954503 ], [ -122.888703902506762, 45.652650327916525 ], [ -122.888630901740811, 45.65254132777121 ], [ -122.888554901270268, 45.652480327719573 ], [ -122.888511901113105, 45.652463327723616 ], [ -122.88845790084946, 45.652431327708527 ], [ -122.888366900591507, 45.652407327739816 ], [ -122.888262900461271, 45.652406327825659 ], [ -122.888040900103206, 45.652391327984589 ], [ -122.887991899914041, 45.65237032798629 ], [ -122.88794889965115, 45.652336327958466 ], [ -122.887909899243667, 45.65227832788198 ], [ -122.887766895899219, 45.651768327041999 ], [ -122.887744894877301, 45.651608326759352 ], [ -122.887740894356028, 45.651525326606404 ], [ -122.887752893841295, 45.651440326436045 ], [ -122.887784893462268, 45.651373326282375 ], [ -122.888317890141479, 45.650738324624115 ], [ -122.888357889840151, 45.650682324483491 ], [ -122.888376889582446, 45.650637324381862 ], [ -122.888369889256651, 45.650586324291439 ], [ -122.888356889122946, 45.650567324266781 ], [ -122.888316888702036, 45.650507324188041 ], [ -122.888265888573216, 45.650496324211588 ], [ -122.888202888548491, 45.650504324281471 ], [ -122.888116888565023, 45.65052332439214 ], [ -122.887837888925759, 45.650634324843878 ], [ -122.887525889396443, 45.650769325368508 ], [ -122.88744188949606, 45.650801325501398 ], [ -122.887280889504396, 45.650833325700802 ], [ -122.887095889453192, 45.650860325911438 ], [ -122.886978889718819, 45.650925326134384 ], [ -122.886733890466971, 45.651092326658244 ], [ -122.886626890837519, 45.651172326899882 ], [ -122.886524891276082, 45.651262327155692 ], [ -122.886439891784462, 45.651360327411531 ], [ -122.885726900879831, 45.652960330992983 ], [ -122.885599902268936, 45.653208331559014 ], [ -122.885482903067015, 45.653359331936215 ], [ -122.884975905925344, 45.653917333387213 ], [ -122.884821906647161, 45.654063333783142 ], [ -122.884727907012419, 45.654140334002143 ], [ -122.8846289072536, 45.654198334190092 ], [ -122.884549907320135, 45.654224334302612 ], [ -122.884015907137893, 45.654298334875378 ], [ -122.883827906911989, 45.654298335029083 ], [ -122.883698906639154, 45.654279335099822 ], [ -122.883612906343501, 45.654248335113493 ], [ -122.883535905965687, 45.654202335092492 ], [ -122.883485905657508, 45.654162335060448 ], [ -122.882630899219322, 45.6532893341776 ], [ -122.882566898962978, 45.653260334178235 ], [ -122.882485898884639, 45.653263334251058 ], [ -122.88242289898281, 45.653291334354144 ], [ -122.882394899352136, 45.653356334495122 ], [ -122.882411899986067, 45.653455334660265 ], [ -122.882447900661333, 45.653557334815176 ], [ -122.882506902033626, 45.653767335146881 ], [ -122.882513904124579, 45.654103335750001 ], [ -122.882487905463108, 45.654324336171747 ], [ -122.882472905872731, 45.654393336309013 ], [ -122.882427906283482, 45.654468336481585 ], [ -122.882346906582711, 45.654532336663443 ], [ -122.882222906662861, 45.654569336831344 ], [ -122.881779906569818, 45.654640337319847 ], [ -122.881091906738789, 45.654801338167772 ], [ -122.880961906879421, 45.654849338359121 ], [ -122.880866907018827, 45.654890338509446 ], [ -122.88073590730049, 45.654961338742453 ], [ -122.880684907548499, 45.655011338873031 ], [ -122.880640907866848, 45.655071339015755 ], [ -122.880624908330276, 45.65514933916802 ], [ -122.880630908869776, 45.655235339316825 ], [ -122.880658909442005, 45.655322339449739 ], [ -122.880721910124564, 45.655420339574292 ], [ -122.880783910521259, 45.655472339617539 ], [ -122.880888911019426, 45.655532339640828 ], [ -122.88192291367433, 45.655759339222406 ], [ -122.882309914780379, 45.655862339100103 ], [ -122.882377915141475, 45.655907339127403 ], [ -122.882414915452713, 45.655950339175845 ], [ -122.882447915814922, 45.656002339243805 ], [ -122.882459916195103, 45.65606133934115 ], [ -122.882456916476585, 45.656107339426839 ], [ -122.882423916752728, 45.656158339545371 ], [ -122.882155917283384, 45.656296340007088 ], [ -122.881096916551712, 45.656385341003535 ], [ -122.880569917070446, 45.656572341753261 ], [ -122.879845920268579, 45.657231343492867 ], [ -122.879490921692039, 45.657531344300125 ], [ -122.879110921785824, 45.657621344752933 ], [ -122.878360921187664, 45.657672345421567 ], [ -122.877716921422177, 45.657837346206584 ], [ -122.877177922641664, 45.658141347149893 ], [ -122.874939930212761, 45.659813351718846 ], [ -122.874680930566072, 45.659922352096942 ], [ -122.874202930212689, 45.65996035251549 ], [ -122.872674928408628, 45.659972353666589 ], [ -122.87067792605859, 45.659989355172385 ], [ -122.870011925491653, 45.66003035573236 ], [ -122.869216926010907, 45.660274356717835 ], [ -122.86822192718904, 45.660666358083802 ], [ -122.867155929341251, 45.661232359769322 ], [ -122.866454930880664, 45.661625360901851 ], [ -122.865757931492624, 45.661866361783396 ], [ -122.865385932511771, 45.662108362430907 ], [ -122.865083933983783, 45.662410363120856 ], [ -122.864561937357152, 45.663068364520598 ], [ -122.864229937866639, 45.663219364988123 ], [ -122.863659932748078, 45.662497364262343 ], [ -122.863546932907013, 45.662546364418148 ], [ -122.863840935776111, 45.662956364849272 ], [ -122.864216939756574, 45.663531365484502 ], [ -122.864505942328861, 45.6638933658516 ], [ -122.868595978779254, 45.669006371336927 ], [ -122.869334986019737, 45.67003337255742 ], [ -122.869755990908288, 45.670742373464961 ], [ -122.872168021166459, 45.675161379418256 ], [ -122.873111034724502, 45.677165382290291 ], [ -122.873421040799201, 45.678086383688282 ], [ -122.873434041062495, 45.678126383749415 ], [ -122.873630045684536, 45.67883538485173 ], [ -122.87368104814631, 45.679224385485107 ], [ -122.873708050724176, 45.679637386170953 ], [ -122.873660055633991, 45.680445387559992 ], [ -122.873422062548826, 45.681620389652707 ], [ -122.873143068636907, 45.682670391544804 ], [ -122.872783076987545, 45.684106394110685 ], [ -122.872636080399843, 45.684693395155428 ], [ -122.872568083118594, 45.685150395948767 ], [ -122.872117101192089, 45.688189401202401 ], [ -122.871133126637318, 45.692550408775077 ], [ -122.870989130632722, 45.693233409947574 ], [ -122.87086113417655, 45.693839410985696 ], [ -122.870535133654812, 45.693828411057829 ], [ -122.870303133282491, 45.693820411108923 ], [ -122.869955132730155, 45.69380941118731 ], [ -122.869886131480285, 45.693621410898224 ], [ -122.869938129146931, 45.693229410240697 ], [ -122.869951127710493, 45.692992409848216 ], [ -122.869908125453733, 45.692634409273566 ], [ -122.869895125061348, 45.692573409177342 ], [ -122.869815122735076, 45.692212408609386 ], [ -122.869624119918058, 45.691796407985962 ], [ -122.869342116393369, 45.691285407237928 ], [ -122.869096112925831, 45.690775406483979 ], [ -122.868917109674314, 45.690285405744163 ], [ -122.868847107916281, 45.69001440532648 ], [ -122.868894106987469, 45.68985240504761 ], [ -122.869247106595338, 45.68970940469746 ], [ -122.869479106220695, 45.689596404435484 ], [ -122.869533106000333, 45.689548404338929 ], [ -122.869370105598733, 45.689519404346299 ], [ -122.869252105467481, 45.689524404394078 ], [ -122.868962105406766, 45.689579404580961 ], [ -122.868761104689412, 45.689507404531348 ], [ -122.868578102985339, 45.68927040420855 ], [ -122.868429100942123, 45.688970403773226 ], [ -122.868230097323206, 45.688424402958766 ], [ -122.86812509516956, 45.68809640246576 ], [ -122.867686090857688, 45.687490401646464 ], [ -122.867347086592446, 45.686869400773162 ], [ -122.867184082702721, 45.686270399873919 ], [ -122.867201079504625, 45.685744399024358 ], [ -122.867155077654246, 45.685452398574363 ], [ -122.866959074787005, 45.685027397971332 ], [ -122.866952072518302, 45.684658397383934 ], [ -122.867075069255179, 45.684098396437847 ], [ -122.867033066008531, 45.683577395621214 ], [ -122.866999062858554, 45.683070394824171 ], [ -122.866980059490075, 45.682524393958758 ], [ -122.867009057049074, 45.682119393298173 ], [ -122.867119054734474, 45.681717392606231 ], [ -122.867245052875532, 45.681386392019739 ], [ -122.867325050703869, 45.681014391387095 ], [ -122.86753004796914, 45.680523390505215 ], [ -122.867789046273103, 45.68019038984994 ], [ -122.867987043949995, 45.679768389077239 ], [ -122.868065041908537, 45.679418388475547 ], [ -122.868235041189664, 45.679264388145938 ], [ -122.868310040528812, 45.679140387909591 ], [ -122.868431038764015, 45.678826387343229 ], [ -122.868554037001473, 45.67851238677482 ], [ -122.868699035279818, 45.678200386197844 ], [ -122.868676033612559, 45.677933385775788 ], [ -122.868622031867801, 45.677660385359601 ], [ -122.868658030357864, 45.677406384929519 ], [ -122.868792028185482, 45.677023384240108 ], [ -122.86889502641354, 45.676712383682251 ], [ -122.868966024562582, 45.67639538313022 ], [ -122.868960023273061, 45.676186382793304 ], [ -122.868956022249876, 45.67602038252533 ], [ -122.868854020037844, 45.675681382027406 ], [ -122.868686017347756, 45.675278381461524 ], [ -122.86844801508218, 45.674959381071112 ], [ -122.868131012316226, 45.674575380620361 ], [ -122.867759009333056, 45.674167380164292 ], [ -122.867356006666384, 45.673817379822552 ], [ -122.866663002897283, 45.673348379455895 ], [ -122.866322000815998, 45.673080379219542 ], [ -122.865934998719027, 45.672819379022727 ], [ -122.865863998370415, 45.672777378996237 ], [ -122.865794998030523, 45.672736378970292 ], [ -122.865695997578555, 45.672683378942402 ], [ -122.865515996820278, 45.672597378908456 ], [ -122.86518299506389, 45.672380378755548 ], [ -122.864482991692725, 45.671976378522267 ], [ -122.86396098972584, 45.671764378492462 ], [ -122.863752988377328, 45.671587378337485 ], [ -122.863302985845337, 45.671267378103167 ], [ -122.862777983169735, 45.670939377904695 ], [ -122.862155979615281, 45.670487377578397 ], [ -122.861493975823436, 45.670004377236616 ], [ -122.860655970902542, 45.669372376785368 ], [ -122.859974966557786, 45.668801376342998 ], [ -122.859673964093091, 45.668459376016436 ], [ -122.858876957058087, 45.667469375039651 ], [ -122.858551953648444, 45.666976374514952 ], [ -122.858333950721857, 45.66654037400945 ], [ -122.857958946060549, 45.665851373236038 ], [ -122.85790094549526, 45.665770373154764 ], [ -122.856785946200972, 45.666117374398191 ], [ -122.857482953945095, 45.66724737560196 ], [ -122.858077960558091, 45.668211376645687 ], [ -122.859702973589862, 45.670013378329735 ], [ -122.861770985640703, 45.671556379441924 ], [ -122.864620999747871, 45.67326538046332 ], [ -122.864905001294971, 45.673458380608061 ], [ -122.866982012628924, 45.674870381713077 ], [ -122.867558017188557, 45.675492382404165 ], [ -122.867744021015142, 45.676077383247993 ], [ -122.86769002719943, 45.677098384919319 ], [ -122.86718903839774, 45.679034388275397 ], [ -122.86660604741472, 45.680633391104671 ], [ -122.865313045573771, 45.680613391664622 ], [ -122.865156047254288, 45.680922392223096 ], [ -122.86502905124236, 45.681602393350389 ], [ -122.864937054964642, 45.682231394379926 ], [ -122.864744059082739, 45.682947395587526 ], [ -122.864719062355718, 45.683488396446911 ], [ -122.864703063666582, 45.683706396795586 ], [ -122.864549066117874, 45.684141397540991 ], [ -122.864422070004181, 45.684805398632008 ], [ -122.86441707175112, 45.685092399083082 ], [ -122.864495074331316, 45.685497399686305 ], [ -122.864549077759307, 45.686046400525214 ], [ -122.864704081153647, 45.68656740128305 ], [ -122.864660083501818, 45.686961401917415 ], [ -122.864745086716169, 45.687468402681482 ], [ -122.864804088581323, 45.687760403118411 ], [ -122.864983091521296, 45.688201403747463 ], [ -122.865202093660827, 45.688502404144153 ], [ -122.865428096550474, 45.688924404731239 ], [ -122.865624099277596, 45.689326405299461 ], [ -122.865956103397465, 45.689925406136915 ], [ -122.866155105696279, 45.690256406596973 ], [ -122.866413109711019, 45.690854407464947 ], [ -122.866526112449705, 45.691276408101523 ], [ -122.866666115526129, 45.69174740880932 ], [ -122.866826118581955, 45.692210409500163 ], [ -122.867149126120538, 45.693368411258724 ], [ -122.867219129255389, 45.693864412034038 ], [ -122.867253132444418, 45.694377412847217 ], [ -122.867263136463592, 45.695031413893282 ], [ -122.867364138883246, 45.69540341446406 ], [ -122.867281142190436, 45.69596241538185 ], [ -122.867350144130768, 45.696263415847788 ], [ -122.867404146705582, 45.6966714164897 ], [ -122.867337148497654, 45.696979416999902 ], [ -122.867270151122412, 45.697423417727613 ], [ -122.86699615760574, 45.698545419585209 ], [ -122.866799160173471, 45.699010420369824 ], [ -122.866802162393867, 45.699372420947434 ], [ -122.866641164374926, 45.699733421555671 ], [ -122.866401166646952, 45.700160422282494 ], [ -122.866298168115804, 45.700424422721987 ], [ -122.866254169913333, 45.700728423213498 ], [ -122.866170172657107, 45.701196423972341 ], [ -122.866072174187437, 45.701469424422967 ], [ -122.86593817527438, 45.701678424777469 ], [ -122.865828176334233, 45.70187742511132 ], [ -122.865678178932995, 45.702337425864073 ], [ -122.865614180627091, 45.702629426336038 ], [ -122.865621182557632, 45.702943426831411 ], [ -122.865518184617329, 45.703304427417407 ], [ -122.86540018617201, 45.703586427879863 ], [ -122.865364188070785, 45.703905428388268 ], [ -122.865242189478479, 45.704164428813456 ], [ -122.864975191348805, 45.704533429429858 ], [ -122.864860194000499, 45.704994430169002 ], [ -122.864917196607564, 45.705407430810979 ], [ -122.865011199843238, 45.705914431597236 ], [ -122.865041202906795, 45.706408432371077 ], [ -122.865142205480851, 45.706805432985611 ], [ -122.865007208774912, 45.707376433897103 ], [ -122.86512121021903, 45.707585434215673 ], [ -122.865250211348993, 45.707739434446928 ], [ -122.865214212396936, 45.707919434733668 ], [ -122.865252214708676, 45.70828843531207 ], [ -122.865322216645538, 45.70858843577966 ], [ -122.865479218783562, 45.708900436260606 ], [ -122.865682220885574, 45.709195436712896 ], [ -122.865741221914135, 45.709349436952699 ], [ -122.865669222689178, 45.709493437185159 ], [ -122.865602223685542, 45.709672437472342 ], [ -122.865833225848036, 45.709970437930465 ], [ -122.865982227468322, 45.710199438285301 ], [ -122.8659232287946, 45.710430438654633 ], [ -122.865828230208351, 45.71068443906173 ], [ -122.865910232164595, 45.710984439533433 ], [ -122.866074234670492, 45.711354440113837 ], [ -122.866194237191479, 45.711737440717926 ], [ -122.86627624041536, 45.71224444152152 ], [ -122.866269247839966, 45.713459443453608 ], [ -122.86623425218751, 45.71417844459679 ], [ -122.866116258876573, 45.715300446378301 ], [ -122.86564626584267, 45.716554448353747 ], [ -122.864592276132157, 45.718497451363 ], [ -122.863783280355932, 45.719389452702138 ], [ -122.863271285091798, 45.72029245406376 ], [ -122.862555287870592, 45.720926454978866 ], [ -122.86208728985288, 45.721368455612598 ], [ -122.861895289547547, 45.721366455590378 ], [ -122.861709289269641, 45.721367455573393 ], [ -122.861935287955973, 45.721095455179523 ], [ -122.862096287018332, 45.720901454897572 ], [ -122.862674283524441, 45.720184453846656 ], [ -122.863237280412733, 45.719534452887068 ], [ -122.863935276927847, 45.71879045177986 ], [ -122.8644382726484, 45.71796545052112 ], [ -122.864792269051165, 45.717289449478713 ], [ -122.865158264723831, 45.716491448238017 ], [ -122.865649258556516, 45.715362446468596 ], [ -122.865887253229829, 45.714433445000459 ], [ -122.865982249419488, 45.713787443976287 ], [ -122.866014245655592, 45.71316444298774 ], [ -122.866042242992947, 45.712722442285965 ], [ -122.865931239347177, 45.712153441385937 ], [ -122.865850234993957, 45.711461440291693 ], [ -122.865519226700883, 45.710185438287766 ], [ -122.865152220706861, 45.709293436902627 ], [ -122.864844213231464, 45.708144435118243 ], [ -122.864781211586816, 45.707890434724639 ], [ -122.864693203665823, 45.706615432732292 ], [ -122.864439195047098, 45.70526543064544 ], [ -122.864433194164604, 45.705122430422392 ], [ -122.86444419330671, 45.704979430197255 ], [ -122.864473192481, 45.70483742997132 ], [ -122.864520191699583, 45.704698429747687 ], [ -122.864561191202739, 45.704607429599861 ], [ -122.864791187709017, 45.70398142858734 ], [ -122.865003183527733, 45.703247427403674 ], [ -122.865108181214964, 45.702844426753735 ], [ -122.865774167882833, 45.700508422952829 ], [ -122.866051163181211, 45.699675421579407 ], [ -122.866231159251598, 45.698991420456686 ], [ -122.866519151023951, 45.697580418148888 ], [ -122.866726143547865, 45.696311416076469 ], [ -122.866741140593831, 45.695825415296916 ], [ -122.866716132545733, 45.694516413213798 ], [ -122.866541123738543, 45.693117411030947 ], [ -122.866146113142605, 45.691475408536114 ], [ -122.86586410766941, 45.690644407306593 ], [ -122.865668105246399, 45.690292406812603 ], [ -122.865416105615111, 45.690409407079258 ], [ -122.865247105712626, 45.690463407219077 ], [ -122.865067105648208, 45.690493407324418 ], [ -122.86486010542427, 45.690503407406915 ], [ -122.864679105156682, 45.690500407460576 ], [ -122.864515104796411, 45.69047840747902 ], [ -122.864241103912022, 45.690395407437791 ], [ -122.863642101542482, 45.690142407238646 ], [ -122.863523101122382, 45.690100407212391 ], [ -122.863359100646562, 45.690059407202618 ], [ -122.863159100243365, 45.690038407235832 ], [ -122.862017098270798, 45.689972407510233 ], [ -122.861773097892723, 45.689965407579983 ], [ -122.861573097447135, 45.689937407603232 ], [ -122.861181096414725, 45.689856407609504 ], [ -122.860658094605654, 45.689677407511894 ], [ -122.860495094284346, 45.689661407542125 ], [ -122.86035009403048, 45.689652407576965 ], [ -122.860188093978564, 45.689680407673293 ], [ -122.859833094501724, 45.689846408041106 ], [ -122.859663094481235, 45.68988140814993 ], [ -122.859519094380744, 45.689897408221555 ], [ -122.859193093853676, 45.689884408309958 ], [ -122.859028093340982, 45.689837408294494 ], [ -122.858899092719639, 45.689764408228541 ], [ -122.858806092214763, 45.689702408167214 ], [ -122.858731091734668, 45.689640408100054 ], [ -122.858632090418766, 45.689446407844905 ], [ -122.858520088732504, 45.68919440750868 ], [ -122.858431087126661, 45.688950407177131 ], [ -122.858382086445374, 45.688849407044287 ], [ -122.858320085326739, 45.688679406813854 ], [ -122.858263084835286, 45.688611406732988 ], [ -122.858139083638136, 45.688442406526242 ], [ -122.858018082992473, 45.688363406451963 ], [ -122.857843082346051, 45.688296406414722 ], [ -122.855638073222877, 45.687289405737523 ], [ -122.855466072667184, 45.687236405724086 ], [ -122.855277072252164, 45.687210405756041 ], [ -122.855061072103737, 45.687234405869916 ], [ -122.854825072091742, 45.687285406029666 ], [ -122.854624072054534, 45.687324406159135 ], [ -122.854372071838682, 45.687345406281338 ], [ -122.854147071465619, 45.687334406347929 ], [ -122.853914070930188, 45.68729840638202 ], [ -122.852022065522632, 45.686830406422068 ], [ -122.845372048341034, 45.685477407135807 ], [ -122.841025037207473, 45.684601407745866 ], [ -122.840993039503047, 45.684991408244073 ], [ -122.840943040059187, 45.685095408393309 ], [ -122.840773041280485, 45.685337408761114 ], [ -122.840680041778242, 45.68544140892665 ], [ -122.840553042397772, 45.685573409139849 ], [ -122.840382042927587, 45.685700409363498 ], [ -122.840292043824633, 45.685870409608349 ], [ -122.840314044759452, 45.686021409786363 ], [ -122.84036104597395, 45.686213410005585 ], [ -122.84037504673617, 45.68633741015352 ], [ -122.840432047730573, 45.686490410321106 ], [ -122.8406380502704, 45.686867410710654 ], [ -122.840785051825279, 45.687093410936534 ], [ -122.840807052466786, 45.687195411055072 ], [ -122.840791052990625, 45.687286411173972 ], [ -122.840753053574446, 45.687392411319415 ], [ -122.840707054806771, 45.687608411604174 ], [ -122.840747055496834, 45.687714411721217 ], [ -122.840834056334984, 45.687834411838928 ], [ -122.840985057302547, 45.687961411942737 ], [ -122.841064057866149, 45.68803741200918 ], [ -122.841079058312431, 45.688108412092248 ], [ -122.84107811944034, 45.698301424788454 ], [ -122.841077125532067, 45.699317426054101 ], [ -122.841224129147562, 45.699885426733026 ], [ -122.841247132353217, 45.700414427388694 ], [ -122.841469134871289, 45.700781427806248 ], [ -122.841762138679684, 45.70134642846196 ], [ -122.842110142814505, 45.701952429164699 ], [ -122.842599146895637, 45.702515429796541 ], [ -122.843002149233968, 45.702808430105449 ], [ -122.843398151623504, 45.703111430431392 ], [ -122.843641153601567, 45.703382430741968 ], [ -122.843734154721091, 45.703546430938594 ], [ -122.843843155839778, 45.703706431128211 ], [ -122.843976158129351, 45.704055431557869 ], [ -122.843940159021173, 45.70421243176451 ], [ -122.843905159247157, 45.704258431828301 ], [ -122.843787159737914, 45.704368431985252 ], [ -122.843456160221223, 45.704528432233701 ], [ -122.843099160912743, 45.704729432536276 ], [ -122.842518161855807, 45.705026432986365 ], [ -122.841744162157539, 45.705263433379564 ], [ -122.841179161201097, 45.705240433419029 ], [ -122.840854159968828, 45.705113433300532 ], [ -122.840450158388833, 45.704947433144774 ], [ -122.839862156597292, 45.704790433025273 ], [ -122.838898153269312, 45.704467432755088 ], [ -122.837764149399945, 45.704094432456536 ], [ -122.836710146211715, 45.703815432269657 ], [ -122.836082144577688, 45.70369343221423 ], [ -122.835603143965017, 45.703706432297494 ], [ -122.835090142682645, 45.703615432264421 ], [ -122.834317140823444, 45.703490432230922 ], [ -122.833686139092137, 45.703352432164394 ], [ -122.832768137151234, 45.703248432181404 ], [ -122.832395136406106, 45.703213432197209 ], [ -122.83035213252154, 45.703054432326212 ], [ -122.829669131373024, 45.703026432398694 ], [ -122.829222131122336, 45.703092432537787 ], [ -122.828523130324868, 45.703127432680418 ], [ -122.827621129169884, 45.703151432841047 ], [ -122.826937128980418, 45.703285433084268 ], [ -122.826019128263624, 45.703387433325879 ], [ -122.825782127981682, 45.703397433370888 ], [ -122.82576412736347, 45.703297433269896 ], [ -122.825647124713655, 45.702878432853694 ], [ -122.825631122369089, 45.702486432450733 ], [ -122.825533120138061, 45.70213343210164 ], [ -122.825462118520406, 45.701877431849041 ], [ -122.825552117151062, 45.701624431572611 ], [ -122.82576411695689, 45.701540431449459 ], [ -122.825931116621206, 45.701443431320101 ], [ -122.825404116187258, 45.701497431466855 ], [ -122.824890115807136, 45.701557431616784 ], [ -122.824607115851975, 45.70163343174282 ], [ -122.823987116526112, 45.70189743211548 ], [ -122.823328117739749, 45.702262432591311 ], [ -122.822592118013475, 45.702487432933644 ], [ -122.821962119264398, 45.702852433392771 ], [ -122.821182121436152, 45.703410434055755 ], [ -122.82081412355501, 45.703859434544292 ], [ -122.820778124299423, 45.703994434679963 ], [ -122.820740125088108, 45.704137434823544 ], [ -122.820573123909341, 45.703978434692807 ], [ -122.820548123737652, 45.703955434674107 ], [ -122.820639120961133, 45.703462434185226 ], [ -122.820689117063566, 45.702789433527371 ], [ -122.820486113292503, 45.702199432989993 ], [ -122.820041108622149, 45.701515432407128 ], [ -122.819694104094623, 45.700831431814855 ], [ -122.819210097931006, 45.699902431023297 ], [ -122.818848092527801, 45.699072430312029 ], [ -122.818446087347624, 45.698289429661607 ], [ -122.818201083669379, 45.697723429186631 ], [ -122.818077080916368, 45.697285428806609 ], [ -122.817815077269344, 45.696728428350227 ], [ -122.817370072084401, 45.695953427741806 ], [ -122.816616065576696, 45.695026427084244 ], [ -122.815230057836288, 45.694038426564084 ], [ -122.813816051407429, 45.693278426288423 ], [ -122.81261004631456, 45.692695426132374 ], [ -122.811835042832499, 45.69228442601149 ], [ -122.810652037882292, 45.691718425894678 ], [ -122.80984903428147, 45.691292425791595 ], [ -122.809441032859027, 45.69114542579927 ], [ -122.809011030688282, 45.690875425716264 ], [ -122.808749029246528, 45.690690425650793 ], [ -122.808588028283026, 45.69056342560053 ], [ -122.808358025665839, 45.690169425360054 ], [ -122.808348022849643, 45.689689424980337 ], [ -122.808565018604426, 45.688911424284811 ], [ -122.808602018164592, 45.68882742420476 ], [ -122.808837017954772, 45.68873642405039 ], [ -122.809525017032016, 45.688417423552238 ], [ -122.810338016517591, 45.688139423037491 ], [ -122.811421016053217, 45.687807422374384 ], [ -122.812132015476863, 45.687543421894581 ], [ -122.812690014772372, 45.687293421477712 ], [ -122.813079014481431, 45.687153421214425 ], [ -122.813636014834771, 45.687084420949276 ], [ -122.814703015664293, 45.686978420461493 ], [ -122.815834015698485, 45.686722419811787 ], [ -122.816501014618026, 45.686384419254857 ], [ -122.817016013035314, 45.685996418704171 ], [ -122.817466009915549, 45.685362417946365 ], [ -122.817699007494639, 45.684897417424345 ], [ -122.817814006337656, 45.684674417171657 ], [ -122.819412006389598, 45.684317416190098 ], [ -122.820031005855753, 45.684085415715934 ], [ -122.820782005751724, 45.683896415224893 ], [ -122.821478007136434, 45.683972415011858 ], [ -122.821985008290952, 45.684052414881855 ], [ -122.823234008452829, 45.683795414111508 ], [ -122.823467006135331, 45.683350413567908 ], [ -122.823539004818997, 45.68311141329729 ], [ -122.823639003510451, 45.682867413009227 ], [ -122.823738002064303, 45.68260041269771 ], [ -122.82373600126337, 45.682465412562436 ], [ -122.823688000276732, 45.682309412425987 ], [ -122.823597999565123, 45.682209412364458 ], [ -122.823354998158507, 45.682026412286788 ], [ -122.823237997600287, 45.681958412269985 ], [ -122.823091996902932, 45.681873412249132 ], [ -122.822917995796047, 45.681725412178224 ], [ -122.822834995023513, 45.681613412103395 ], [ -122.822540990933319, 45.680987411612918 ], [ -122.822367989338673, 45.680756411462617 ], [ -122.8221849881445, 45.680595411387081 ], [ -122.821961986897534, 45.680434411330737 ], [ -122.821806985652614, 45.680258411229254 ], [ -122.821630984574853, 45.680115411170569 ], [ -122.821350982928635, 45.679899411089885 ], [ -122.821031981850865, 45.679788411131177 ], [ -122.820695981122483, 45.679740411242349 ], [ -122.820448980624207, 45.679711411330423 ], [ -122.820211980092083, 45.679674411406289 ], [ -122.820002979438001, 45.679610411443363 ], [ -122.819822978692727, 45.67952441144611 ], [ -122.819642977988863, 45.679445411455937 ], [ -122.819456976905997, 45.679303411409151 ], [ -122.819142974646795, 45.678990411262546 ], [ -122.819076973552299, 45.678819411132672 ], [ -122.818972972537395, 45.678670411042283 ], [ -122.818896971512387, 45.67851341093116 ], [ -122.818852970730006, 45.678390410836741 ], [ -122.818847969951875, 45.678259410715853 ], [ -122.818910969298699, 45.678134410567189 ], [ -122.819088968254889, 45.677917410274645 ], [ -122.819222967889246, 45.677825410121287 ], [ -122.81931896772096, 45.6777754100263 ], [ -122.819460967200641, 45.677655409841798 ], [ -122.819478966894337, 45.67759940977961 ], [ -122.819435966360544, 45.677518409724144 ], [ -122.819403965876589, 45.677443409668975 ], [ -122.819310965112209, 45.677334409612264 ], [ -122.818899962069381, 45.676909409418343 ], [ -122.818756961086891, 45.6767744093641 ], [ -122.818613960022148, 45.676625409297245 ], [ -122.818480959094288, 45.676497409245499 ], [ -122.818337958153549, 45.676369409199388 ], [ -122.818158957360154, 45.676274409203145 ], [ -122.817881956591748, 45.676205409282325 ], [ -122.817247955321534, 45.676130409541763 ], [ -122.817049954839206, 45.676092409609694 ], [ -122.816938954223673, 45.676012409594136 ], [ -122.816826953483513, 45.675911409560122 ], [ -122.81680195276293, 45.675794409466285 ], [ -122.816817952219395, 45.675698409370206 ], [ -122.816773951438762, 45.675575409280974 ], [ -122.816731951101801, 45.675527409259281 ], [ -122.81656995010276, 45.675393409222721 ], [ -122.816384948750724, 45.675204409148996 ], [ -122.816238947361654, 45.675000409041843 ], [ -122.816124946337666, 45.674851408968024 ], [ -122.8160389451035, 45.67466040884166 ], [ -122.815970943728345, 45.67444140868075 ], [ -122.815978942522534, 45.674234408489632 ], [ -122.81597694089831, 45.673958408241703 ], [ -122.815997939826801, 45.673771408061398 ], [ -122.815845940281932, 45.673882408245142 ], [ -122.815769940436013, 45.673925408325594 ], [ -122.81568294052289, 45.673959408403931 ], [ -122.815589940537407, 45.673982408475567 ], [ -122.815372940355758, 45.673999408609767 ], [ -122.813713938198077, 45.673998409518319 ], [ -122.813576938114181, 45.674014409607302 ], [ -122.81329893780638, 45.674023409767457 ], [ -122.813127937947954, 45.674085409914639 ], [ -122.813012938214897, 45.674156410038734 ], [ -122.812942939384101, 45.67437141026204 ], [ -122.812614950998679, 45.676426412199838 ], [ -122.812610951802014, 45.676564412320054 ], [ -122.8125349521126, 45.676634412418913 ], [ -122.812038955070435, 45.677250413195544 ], [ -122.811816956658532, 45.677571413578768 ], [ -122.811536959791169, 45.678169414221806 ], [ -122.811110964356246, 45.679045415163138 ], [ -122.811030965485202, 45.67925641537758 ], [ -122.810918966156194, 45.679396415547544 ], [ -122.810779967200816, 45.679606415788022 ], [ -122.809060976105883, 45.681520418144437 ], [ -122.808994976385904, 45.681583418224655 ], [ -122.808810976601904, 45.681662418369974 ], [ -122.808608976922216, 45.681763418540477 ], [ -122.807639978190451, 45.68220241931482 ], [ -122.807459978527419, 45.682301419471067 ], [ -122.807291978932739, 45.682409419628705 ], [ -122.807137979420787, 45.682528419788405 ], [ -122.806999979982592, 45.682656419947755 ], [ -122.805583987360009, 45.684248421766434 ], [ -122.805539987743458, 45.684324421842121 ], [ -122.80550600796758, 45.687804424497557 ], [ -122.80552100943261, 45.688052424680436 ], [ -122.80556401093007, 45.688299424852829 ], [ -122.805744014782235, 45.688918425261235 ], [ -122.805039013950719, 45.688941425521172 ], [ -122.804584013537109, 45.688977425704486 ], [ -122.804113012874524, 45.688974425863982 ], [ -122.803071011104379, 45.688915426178951 ], [ -122.79754700344148, 45.68889842806913 ], [ -122.797514982597193, 45.685303425744152 ], [ -122.787239968655015, 45.685294429783539 ], [ -122.787190952476692, 45.682485428374136 ], [ -122.787124950914318, 45.68222842827219 ], [ -122.786815948952992, 45.681958428270853 ], [ -122.786318946386245, 45.6816264283243 ], [ -122.786090944334305, 45.681321428274963 ], [ -122.780337936588197, 45.681307430846651 ], [ -122.780206965516754, 45.686411433013824 ], [ -122.780235968578268, 45.68694143322201 ], [ -122.780329971711382, 45.687468433405712 ], [ -122.780487974880984, 45.687986433564191 ], [ -122.782080001554533, 45.692276434878096 ], [ -122.782133002661752, 45.692457434941808 ], [ -122.782152003487695, 45.692597434997779 ], [ -122.782221008752586, 45.693502435376281 ], [ -122.782236009436033, 45.693618435423197 ], [ -122.78227101034156, 45.693768435479598 ], [ -122.782326011252181, 45.693914435528839 ], [ -122.782396012166615, 45.694057435572908 ], [ -122.782486013080529, 45.694195435609558 ], [ -122.782593013983984, 45.694327435639309 ], [ -122.782715014862802, 45.694451435661819 ], [ -122.782841016050227, 45.694628435707479 ], [ -122.782910016706737, 45.694726435733244 ], [ -122.784832027401364, 45.696125435890877 ], [ -122.784770027640576, 45.696182435933189 ], [ -122.783464034308523, 45.69766943693341 ], [ -122.783288035203441, 45.697869437063972 ], [ -122.78324003548434, 45.697930437102322 ], [ -122.783199035797978, 45.697995437140897 ], [ -122.783167036130038, 45.69806143717787 ], [ -122.783142036483412, 45.698129437214192 ], [ -122.783125036859488, 45.698199437249585 ], [ -122.782960046090764, 45.699855438031868 ], [ -122.782852047760173, 45.7001744381962 ], [ -122.782758049094952, 45.700431438329225 ], [ -122.782608049801055, 45.700592438428991 ], [ -122.782424050458388, 45.700753438534356 ], [ -122.782307050931252, 45.700865438605149 ], [ -122.782019051593807, 45.701053438739528 ], [ -122.781423052649018, 45.701387438989279 ], [ -122.781179053007762, 45.701511439084499 ], [ -122.780952053476142, 45.701650439182366 ], [ -122.780843053770838, 45.701729439234221 ], [ -122.780552053126115, 45.701689439266659 ], [ -122.780352052560417, 45.701640439280212 ], [ -122.780397052311159, 45.701585439249726 ], [ -122.780547051778612, 45.701454439169339 ], [ -122.780822051144995, 45.701274439045967 ], [ -122.781521050026285, 45.700903438763618 ], [ -122.78189004967939, 45.700750438630379 ], [ -122.782149049146511, 45.700592438513688 ], [ -122.782275048417972, 45.700433438420255 ], [ -122.782371047549404, 45.700257438324435 ], [ -122.782348046042827, 45.69999943821464 ], [ -122.782224044763979, 45.699806438153495 ], [ -122.781999043216189, 45.699591438103319 ], [ -122.781741041901753, 45.699425438082393 ], [ -122.78138204019325, 45.699215438064243 ], [ -122.78098403821329, 45.698967438040057 ], [ -122.780609036951361, 45.698839438064006 ], [ -122.780336035646286, 45.698678438054117 ], [ -122.779900032953577, 45.698314437997126 ], [ -122.779705031988016, 45.698193437990049 ], [ -122.779611031974767, 45.698214438018958 ], [ -122.779727033113446, 45.698385438063298 ], [ -122.779992034839665, 45.698622438103627 ], [ -122.780226036117668, 45.698788438122776 ], [ -122.780569037835804, 45.699004438141344 ], [ -122.780921039436208, 45.69919743815035 ], [ -122.781271041291262, 45.699435438180899 ], [ -122.781576042358139, 45.699546438167715 ], [ -122.781919043856263, 45.699723438176797 ], [ -122.782153045354079, 45.699927438220527 ], [ -122.78217504695607, 45.700202438337278 ], [ -122.782072047934463, 45.700399438443256 ], [ -122.781750048754517, 45.700623438600751 ], [ -122.781467049224275, 45.700776438718719 ], [ -122.781067049771934, 45.700972438874764 ], [ -122.78064205063103, 45.70122943905865 ], [ -122.780296051288474, 45.701431439203162 ], [ -122.780139051782342, 45.701557439282254 ], [ -122.780102052003073, 45.701605439308352 ], [ -122.780096052131341, 45.701629439319269 ], [ -122.780013052787922, 45.701765439389213 ], [ -122.779878053563721, 45.701935439481439 ], [ -122.779712054699544, 45.702176439606944 ], [ -122.779484055717489, 45.702412439739206 ], [ -122.779319056506353, 45.702592439837709 ], [ -122.77909005720862, 45.702773439945673 ], [ -122.778839058220669, 45.703014440079578 ], [ -122.778555058899883, 45.703205440197124 ], [ -122.778343060154782, 45.703479440334874 ], [ -122.778137061764951, 45.703814440493652 ], [ -122.777948062420108, 45.703977440582506 ], [ -122.777782063557723, 45.704219440697386 ], [ -122.777592065342958, 45.704581440859592 ], [ -122.7774810660529, 45.704734440931524 ], [ -122.777316066684577, 45.704887441009767 ], [ -122.777189067968195, 45.70514544112168 ], [ -122.777031069394198, 45.705436441248558 ], [ -122.776184076235651, 45.706856441857177 ], [ -122.775996076802727, 45.707004441928376 ], [ -122.775736077412262, 45.707178442014794 ], [ -122.775531078391239, 45.707403442112707 ], [ -122.77537307952926, 45.707644442210764 ], [ -122.775011080584505, 45.707923442338071 ], [ -122.774838081041139, 45.708048442395096 ], [ -122.774799081143044, 45.708076442407815 ], [ -122.774413082348858, 45.708388442543679 ], [ -122.774043083764141, 45.708733442685933 ], [ -122.773744085095203, 45.709045442809106 ], [ -122.773593086302526, 45.709297442900848 ], [ -122.773442088320152, 45.709692443037319 ], [ -122.773321092155683, 45.710400443270395 ], [ -122.773253096573129, 45.711197443527276 ], [ -122.77330509911009, 45.711631443663528 ], [ -122.77337410058405, 45.71187344373859 ], [ -122.773468101256157, 45.711967443765893 ], [ -122.773548102661692, 45.712194443836687 ], [ -122.773575103427419, 45.712322443877277 ], [ -122.773491104272381, 45.712493443934221 ], [ -122.773435105045337, 45.712644443983834 ], [ -122.773318106651587, 45.712958444086262 ], [ -122.773385110243211, 45.713574444282223 ], [ -122.773597116172141, 45.714564444600249 ], [ -122.773855122710813, 45.715649444955893 ], [ -122.773974126366014, 45.716262445159408 ], [ -122.773988127929812, 45.71653444524906 ], [ -122.773961130379121, 45.716973445392014 ], [ -122.773859133951575, 45.717630445602332 ], [ -122.773788137360384, 45.718250445800592 ], [ -122.773791138085159, 45.718377445842094 ], [ -122.773855140263279, 45.718744445965591 ], [ -122.773404139563425, 45.718741445935848 ], [ -122.772702139010491, 45.718831445919079 ], [ -122.772325139073899, 45.718943445928794 ], [ -122.772223140935523, 45.719299446030199 ], [ -122.772311146868645, 45.720323446348921 ], [ -122.772353161001774, 45.722807447111848 ], [ -122.772351168486452, 45.724129447515693 ], [ -122.772443176484614, 45.725516447954021 ], [ -122.772566180294817, 45.726155448170459 ], [ -122.77267518732468, 45.72736644856397 ], [ -122.772762193511255, 45.728434448912218 ], [ -122.772789194952921, 45.728681448994521 ], [ -122.767180186145367, 45.728673447872808 ], [ -122.762429178762801, 45.728680446926006 ], [ -122.762611176525198, 45.728231446884919 ], [ -122.769237078726348, 45.709088443130895 ], [ -122.769746071165756, 45.707618442699193 ], [ -122.772511029958849, 45.699631439995926 ], [ -122.772562027232823, 45.69913743983345 ], [ -122.773033002290902, 45.694618438313732 ], [ -122.774113944926413, 45.684239434603271 ], [ -122.774510923852915, 45.680431433164806 ], [ -122.763809778640237, 45.657132433689206 ], [ -122.762409773007874, 45.656432434660758 ], [ -122.762315772624405, 45.656384434726782 ], [ -122.760906766901542, 45.655668435731769 ], [ -122.759497761188456, 45.65495243676434 ], [ -122.750522725014648, 45.650389443989262 ], [ -122.744509697057737, 45.64733246696759 ], [ -122.743552692596666, 45.646854470881152 ], [ -122.738108667201033, 45.644132493072981 ], [ -122.737544665292234, 45.643980495371778 ], [ -122.730143640212148, 45.64198052547205 ], [ -122.713308583154145, 45.637432593492761 ], [ -122.702744529749381, 45.631416635250247 ], [ -122.692181476333488, 45.625401676487066 ], [ -122.691715473978533, 45.62513667829446 ], [ -122.691249471617994, 45.624870680100607 ], [ -122.691184471294847, 45.624834680352727 ], [ -122.691122470977433, 45.624798680592811 ], [ -122.691009470402221, 45.624733681030428 ], [ -122.690422467924293, 45.624487683325057 ], [ -122.684448442717823, 45.621986706611715 ], [ -122.678474417506962, 45.619485729776876 ], [ -122.675331404167977, 45.618156741911605 ], [ -122.675098403193147, 45.618060742810592 ], [ -122.6750374029331, 45.618034743045655 ], [ -122.675000402779645, 45.618019743188455 ], [ -122.674830402202204, 45.617973743851557 ], [ -122.666301373472805, 45.615709777052942 ], [ -122.643906297835187, 45.609733863470282 ], [ -122.634961278712979, 45.60933889861473 ], [ -122.618572243667472, 45.608613962930988 ], [ -122.607705220432123, 45.608134005524114 ], [ -122.602605207994742, 45.607634025334185 ], [ -122.602105205938869, 45.607435027185041 ], [ -122.597079191576753, 45.606565046447727 ], [ -122.596905191080182, 45.60653504711405 ], [ -122.588922168616179, 45.605216077675884 ], [ -122.586005160412412, 45.604735088822515 ], [ -122.583125152166673, 45.604234099798816 ], [ -122.582325149877008, 45.604095102845832 ], [ -122.582250149662556, 45.604082103131482 ], [ -122.581405147243061, 45.603935106348686 ], [ -122.561004083508749, 45.599435182984863 ], [ -122.553316060376261, 45.597899211798882 ], [ -122.551278053942923, 45.597438219377537 ], [ -122.550324051164765, 45.597264222956468 ], [ -122.550182050711598, 45.597231223483305 ], [ -122.549719049231726, 45.597123225200448 ], [ -122.549447048359227, 45.597059226208593 ], [ -122.547840043227453, 45.596685232165299 ], [ -122.545958036999423, 45.596208239102822 ], [ -122.545875036724965, 45.596187239408621 ], [ -122.545785036403728, 45.596160239736719 ], [ -122.544339031280373, 45.595733245010884 ], [ -122.539858015403794, 45.59441026132334 ], [ -122.523666958008164, 45.589627319860064 ], [ -122.505330903144596, 45.586028387199782 ], [ -122.5042108997024, 45.585792391279469 ], [ -122.503090896260119, 45.58555639535701 ], [ -122.499550884509603, 45.584811408232007 ], [ -122.496011866799535, 45.584066421106009 ], [ -122.495109862306862, 45.583876424390169 ], [ -122.494206857819293, 45.583686427679389 ], [ -122.492257848158886, 45.583275434782038 ], [ -122.49190184628614, 45.583179436059318 ], [ -122.489928835928993, 45.582645443140812 ], [ -122.486881820039585, 45.581820454091584 ], [ -122.483476802328582, 45.580877466330115 ], [ -122.4813937915753, 45.580300473828196 ], [ -122.479313781062373, 45.579756481354394 ], [ -122.475768762521184, 45.578676494058023 ], [ -122.475057758829394, 45.5784604966098 ], [ -122.474975758364153, 45.578427496896644 ], [ -122.474657756566032, 45.578300498010229 ], [ -122.473489749363722, 45.577708501987061 ], [ -122.472337742411653, 45.577148505936222 ], [ -122.470950733796542, 45.576414510642522 ], [ -122.470866733278669, 45.5763705109282 ], [ -122.467921715170348, 45.574812520946601 ], [ -122.463937691180675, 45.572732534576296 ], [ -122.459553665137037, 45.570412549615845 ], [ -122.455543641537346, 45.56823656338981 ], [ -122.455425640845419, 45.568171563795232 ], [ -122.455164639315413, 45.568027564692017 ], [ -122.454822637316624, 45.567839565868084 ], [ -122.454600636016622, 45.567716566630914 ], [ -122.454033632707976, 45.567403568581106 ], [ -122.453889631796528, 45.567307569062528 ], [ -122.44237558114412, 45.564487611812709 ], [ -122.441316576567289, 45.564227615755797 ], [ -122.441060575462444, 45.564164616709192 ], [ -122.440524573155571, 45.564033618706425 ], [ -122.438672565211235, 45.56358062561084 ], [ -122.418352508862654, 45.566652707587188 ], [ -122.418160507714106, 45.566508708234394 ], [ -122.417732506491248, 45.566572709955913 ], [ -122.416927504186191, 45.566692713193049 ], [ -122.410704486225498, 45.567628738199907 ], [ -122.408787481922303, 45.568316746170815 ], [ -122.404994473202564, 45.569676761913442 ], [ -122.401200464211982, 45.571036777623057 ], [ -122.397062454220446, 45.572560794741321 ], [ -122.396519452885101, 45.572760796984298 ], [ -122.395975451540608, 45.572960799230373 ], [ -122.395308449886656, 45.573206801983773 ], [ -122.394640448220656, 45.57345280473983 ], [ -122.391800441148931, 45.574536816468175 ], [ -122.383717414726561, 45.575519848465404 ], [ -122.383567414234278, 45.575538849059086 ], [ -122.380300403436578, 45.575936861975585 ], [ -122.372224369565885, 45.573900892175509 ], [ -122.352800292360811, 45.569436965504799 ], [ -122.351711286708138, 45.568353969229513 ], [ -122.350623281119965, 45.567270972958795 ], [ -122.34915627368062, 45.565809978000111 ], [ -122.347690266357304, 45.56434998305334 ], [ -122.344750252008069, 45.561423993234413 ], [ -122.341810238104628, 45.558498003477062 ], [ -122.341042234546649, 45.557734006162981 ], [ -122.340878233792481, 45.557572006737594 ], [ -122.340715233041379, 45.557409007307996 ], [ -122.339068225540615, 45.555770013085784 ], [ -122.337422218182823, 45.554131018878891 ], [ -122.336614214624277, 45.553328021730394 ], [ -122.335807211100999, 45.552524024582162 ], [ -122.331500192870664, 45.548237039882338 ], [ -122.324035170197746, 45.547253069209333 ], [ -122.323029167170986, 45.547120073165345 ], [ -122.322023164152156, 45.546988077122712 ], [ -122.316355147269334, 45.546241099435946 ], [ -122.310687130605956, 45.545494121779463 ], [ -122.303643110203225, 45.544566149589542 ], [ -122.296599090138869, 45.543637177446108 ], [ -122.294899085381871, 45.543537184211168 ], [ -122.294818085157033, 45.543538184535151 ], [ -122.29479808471055, 45.54211818421394 ], [ -122.294762084500718, 45.541713184243598 ], [ -122.294677084240746, 45.541611184555116 ], [ -122.294671084214855, 45.541576184569251 ], [ -122.29466108418049, 45.541550184601938 ], [ -122.294638084077093, 45.541400184651756 ], [ -122.29462908401085, 45.541246184644372 ], [ -122.294451083455073, 45.54097718528152 ], [ -122.29421608277957, 45.54083118618194 ], [ -122.294002082190872, 45.54079618702945 ], [ -122.293678081325936, 45.540847188341658 ], [ -122.293490080832711, 45.54091418911343 ], [ -122.29324408018779, 45.541008190124884 ], [ -122.292932079356987, 45.5410781913939 ], [ -122.29267607867547, 45.541140192436302 ], [ -122.292116077170306, 45.541220194700927 ], [ -122.291186074663557, 45.541342198458224 ], [ -122.290056071596339, 45.541402202998995 ], [ -122.289632070440803, 45.541398204695689 ], [ -122.289128069064873, 45.541374206707431 ], [ -122.288708067910989, 45.541288208366794 ], [ -122.28827606672786, 45.541216210078055 ], [ -122.287722065209508, 45.541086212263259 ], [ -122.287281064005057, 45.541002214008095 ], [ -122.286709062443947, 45.540866216264746 ], [ -122.286570062064754, 45.540826216811467 ], [ -122.286491061847201, 45.54076721711305 ], [ -122.286460061752905, 45.540592217193002 ], [ -122.286494061826886, 45.540294216981437 ], [ -122.287168063652672, 45.540412214310138 ], [ -122.287503064556716, 45.540413212967842 ], [ -122.287784065306624, 45.540324211818799 ], [ -122.287951065743556, 45.540188211114376 ], [ -122.288024065924958, 45.54003621078251 ], [ -122.287986065810941, 45.539916210903868 ], [ -122.287810065326042, 45.539786211576029 ], [ -122.287196063669526, 45.539662214006441 ], [ -122.286563061964685, 45.539515216507759 ], [ -122.286122060780414, 45.539425218253903 ], [ -122.285291058554122, 45.539245221542458 ], [ -122.284963057677999, 45.539196222846229 ], [ -122.284592056688211, 45.539159224325552 ], [ -122.284401056178666, 45.53909622507642 ], [ -122.284320055962453, 45.538988225374943 ], [ -122.284317055954077, 45.538880225360522 ], [ -122.284411056203055, 45.538730224946462 ], [ -122.284689056938689, 45.538551223786598 ], [ -122.284916057537203, 45.538390222835567 ], [ -122.285091057996297, 45.538224222091834 ], [ -122.285285058501344, 45.537967221248977 ], [ -122.285421058853018, 45.537760220651215 ], [ -122.285669059494026, 45.537472219583016 ], [ -122.286062060507405, 45.537122217915972 ], [ -122.28652006168312, 45.536775215987312 ], [ -122.286907062675255, 45.53655421437513 ], [ -122.287303063695873, 45.536451212756305 ], [ -122.287867065147694, 45.536324210455291 ], [ -122.288859067699093, 45.536157206421599 ], [ -122.28922606864252, 45.536108204932326 ], [ -122.289576069538128, 45.536038203505811 ], [ -122.289909070377377, 45.535893202127667 ], [ -122.290099070820958, 45.53558820128211 ], [ -122.290150070898676, 45.535242200984833 ], [ -122.290185070932949, 45.534886200749199 ], [ -122.290267071096224, 45.53459320034095 ], [ -122.290397071385328, 45.53433219974761 ], [ -122.290507071645479, 45.534214199272867 ], [ -122.290620071911846, 45.534092198784847 ], [ -122.290676072024482, 45.533918198512559 ], [ -122.290686072022424, 45.53375619842889 ], [ -122.290603071778975, 45.533553198709185 ], [ -122.290429071316254, 45.533404199371027 ], [ -122.290253070834709, 45.533159200015547 ], [ -122.290092070394508, 45.532924200602515 ], [ -122.290098070363186, 45.532622200498075 ], [ -122.290129070377333, 45.532212200263999 ], [ -122.291237073059179, 45.531816195684215 ], [ -122.293416078311537, 45.531223186719984 ], [ -122.295959084356326, 45.530530176246359 ], [ -122.296804086339549, 45.530284172758769 ], [ -122.297963089066997, 45.530016167993203 ], [ -122.298210089645863, 45.529958166977011 ], [ -122.300481094936799, 45.529433157631793 ], [ -122.300727095503177, 45.529369156616809 ], [ -122.301005096134077, 45.52927815546397 ], [ -122.301271096727248, 45.529170154354347 ], [ -122.301523097278093, 45.529046153296264 ], [ -122.303404101293978, 45.528031145363457 ], [ -122.304253103074217, 45.527573141778504 ], [ -122.304431103447001, 45.527481141027799 ], [ -122.30474410409289, 45.527305139702946 ], [ -122.305616106006383, 45.527047136084533 ], [ -122.306042106954521, 45.526952134326258 ], [ -122.306583108166421, 45.526850132098964 ], [ -122.30812111162831, 45.526612125782023 ], [ -122.308426112319623, 45.52657612453271 ], [ -122.308689112926714, 45.526563123461372 ], [ -122.309208114164946, 45.526600121368077 ], [ -122.309228114203307, 45.526587121282581 ], [ -122.309495114845816, 45.526614120208393 ], [ -122.309906115789246, 45.526586118531554 ], [ -122.310256116573129, 45.526534117093988 ], [ -122.310642117418979, 45.526451115499732 ], [ -122.310931118040855, 45.5263741143009 ], [ -122.311185118561056, 45.526270113234744 ], [ -122.311347118861377, 45.526160112539706 ], [ -122.311503119122023, 45.52601511185695 ], [ -122.311595119225117, 45.525859111430051 ], [ -122.311697119311432, 45.525648110943614 ], [ -122.311731119295914, 45.525516110760279 ], [ -122.311763118542828, 45.524359110233227 ], [ -122.311802118529471, 45.524216110025577 ], [ -122.31187611860048, 45.524080109677996 ], [ -122.311980118749176, 45.523958109213176 ], [ -122.313039120293624, 45.522806104506117 ], [ -122.313142120379723, 45.522613104019634 ], [ -122.313189120321724, 45.522396103752726 ], [ -122.3132301185898, 45.519974102741813 ], [ -122.313222118400105, 45.519745102694671 ], [ -122.313271118380911, 45.519579102436822 ], [ -122.313355118397411, 45.519361102017847 ], [ -122.313567118715198, 45.519179101088618 ], [ -122.313941119361289, 45.518975099489758 ], [ -122.312451116154492, 45.51895610556884 ], [ -122.310746112489326, 45.518938112526591 ], [ -122.308805108319092, 45.518918120447864 ], [ -122.307890106354165, 45.518909124182244 ], [ -122.307817106096806, 45.518744124426114 ], [ -122.30754810533422, 45.51843412542329 ], [ -122.307134104191704, 45.517995126971599 ], [ -122.306792103252448, 45.51762812825023 ], [ -122.306733103060893, 45.517513128454091 ], [ -122.306472102217981, 45.517005129356725 ], [ -122.30644710182635, 45.516417129268397 ], [ -122.306440101427583, 45.515751129081146 ], [ -122.306515101318638, 45.515296128626368 ], [ -122.306573101297516, 45.515055128310465 ], [ -122.306600101192856, 45.514780128110495 ], [ -122.306564100960088, 45.514505128168807 ], [ -122.306682101112997, 45.514357127636877 ], [ -122.306966101555858, 45.514134126399519 ], [ -122.307049101521201, 45.513793125947814 ], [ -122.307273101679698, 45.513306124869452 ], [ -122.307394101699785, 45.512938124252258 ], [ -122.307524101696032, 45.512505123576425 ], [ -122.307785102034174, 45.512215122408982 ], [ -122.307984102229554, 45.511897121486555 ], [ -122.308537102961537, 45.511340119029192 ], [ -122.309035103599086, 45.510826116810208 ], [ -122.309641104529518, 45.510462114195271 ], [ -122.31035510566258, 45.510109111137965 ], [ -122.310810106447491, 45.509985109223024 ], [ -122.311280107151333, 45.509709107194006 ], [ -122.311420107453728, 45.509760106635028 ], [ -122.311966108503469, 45.509774104391781 ], [ -122.312324109254519, 45.509869102950617 ], [ -122.312526109669122, 45.509909102132859 ], [ -122.312761110110088, 45.509899101161949 ], [ -122.313166111056958, 45.510131099575425 ], [ -122.313452111801553, 45.510391098489066 ], [ -122.314359114003253, 45.510979094963972 ], [ -122.314877115353582, 45.511416092988348 ], [ -122.315459116729954, 45.511716090702471 ], [ -122.316027118001216, 45.511911088437714 ], [ -122.316659119224695, 45.511893085833954 ], [ -122.317284120428695, 45.511869083256741 ], [ -122.31862612315733, 45.511981077782629 ], [ -122.319413124850882, 45.512145074609329 ], [ -122.319894125992704, 45.512357072711964 ], [ -122.320015126289761, 45.51242007223837 ], [ -122.320508127506301, 45.512679070310234 ], [ -122.321111129124048, 45.513122068000662 ], [ -122.321770130873674, 45.51357106546547 ], [ -122.322220131945485, 45.513744063684683 ], [ -122.322418132359772, 45.513761062878757 ], [ -122.321507129852591, 45.513060066351542 ], [ -122.321257129127474, 45.512823067288544 ], [ -122.320423126971704, 45.51228907051339 ], [ -122.320021126014581, 45.512111072098548 ], [ -122.319518124868679, 45.51193907410152 ], [ -122.319025123789217, 45.511814076081336 ], [ -122.31851512271983, 45.511734078148017 ], [ -122.318348122385302, 45.511725078831134 ], [ -122.316253118196471, 45.511613087401898 ], [ -122.315672116945549, 45.511470089739099 ], [ -122.314959115245259, 45.511080092532062 ], [ -122.314757114764163, 45.510967093322797 ], [ -122.313815112500976, 45.510394096996372 ], [ -122.313558111865021, 45.510207097988541 ], [ -122.313378111384012, 45.510027098666555 ], [ -122.313267111078403, 45.509903099080226 ], [ -122.313122110693769, 45.50975909962704 ], [ -122.312829109945042, 45.509502100744228 ], [ -122.312575109350547, 45.509349101737293 ], [ -122.312199108507158, 45.509168103223558 ], [ -122.311733107541997, 45.50904910510237 ], [ -122.311332106756311, 45.509007106740093 ], [ -122.31083110582108, 45.509020108808635 ], [ -122.309111102858139, 45.509452116039078 ], [ -122.308119100777418, 45.509130120018185 ], [ -122.307649099818335, 45.509012121915596 ], [ -122.307149098900439, 45.509053123989013 ], [ -122.306557097857095, 45.509179126468823 ], [ -122.306277097413499, 45.509328127670457 ], [ -122.305978096974101, 45.509552128974249 ], [ -122.305800096743653, 45.509744129769025 ], [ -122.305542096214865, 45.509676130809495 ], [ -122.305045095199347, 45.509546132814449 ], [ -122.304317093702338, 45.509326135742739 ], [ -122.303927092906278, 45.509213137313466 ], [ -122.303394091826718, 45.509068139463608 ], [ -122.302888090814164, 45.508948141510842 ], [ -122.302601090245091, 45.508888142674714 ], [ -122.302517090085118, 45.508884143019571 ], [ -122.301431087983332, 45.508753147454229 ], [ -122.298785082944832, 45.508570158303819 ], [ -122.298379082180247, 45.508559159973913 ], [ -122.297702080919592, 45.508580162770393 ], [ -122.29764108080775, 45.508587163023847 ], [ -122.29593007761946, 45.508645170092336 ], [ -122.295408076642062, 45.508650172245069 ], [ -122.293831073684942, 45.508651178744557 ], [ -122.2922200706589, 45.508628185377617 ], [ -122.291281068888878, 45.508576189233509 ], [ -122.290735067844111, 45.508447191449307 ], [ -122.290553067486229, 45.508341192171187 ], [ -122.290423067225163, 45.508228192676924 ], [ -122.290314067005397, 45.508124193098595 ], [ -122.290233066836052, 45.508006193401165 ], [ -122.29019006673947, 45.50789919355001 ], [ -122.290172066685869, 45.50776919358966 ], [ -122.290173066667222, 45.50763719355043 ], [ -122.290207066711332, 45.507517193378263 ], [ -122.290506067172728, 45.50696519199731 ], [ -122.290543067239, 45.506956191842214 ], [ -122.290815067712046, 45.506810190680412 ], [ -122.291163068311491, 45.506608189189464 ], [ -122.291510068906987, 45.506414187704365 ], [ -122.292080069919365, 45.506299185319293 ], [ -122.292584070819899, 45.506235183220369 ], [ -122.292954071542255, 45.506462181754934 ], [ -122.293385072364487, 45.506623180019965 ], [ -122.293972073442632, 45.506655177605502 ], [ -122.294524074436936, 45.50660917531367 ], [ -122.295178075641672, 45.506654172626341 ], [ -122.295863076932946, 45.506793169838197 ], [ -122.296260077694072, 45.506907168232217 ], [ -122.296975078980097, 45.506839165261326 ], [ -122.29762008011555, 45.506713162562072 ], [ -122.298006080729706, 45.506461160894496 ], [ -122.298505081522109, 45.506151158742405 ], [ -122.299059082420655, 45.505880156373536 ], [ -122.299604083246507, 45.505487154004292 ], [ -122.299922083652376, 45.505084152568898 ], [ -122.300287084163273, 45.504749150958759 ], [ -122.300711084859429, 45.504618149165623 ], [ -122.300717084885918, 45.504655149152072 ], [ -122.30076108499054, 45.504717148988945 ], [ -122.300837085144295, 45.50476114868804 ], [ -122.301000085471927, 45.504849148040798 ], [ -122.301150085772321, 45.504926147444102 ], [ -122.301400086266128, 45.505036146444134 ], [ -122.30156908659518, 45.505098145764464 ], [ -122.301666086768634, 45.505099145363765 ], [ -122.301974087303122, 45.50506714408067 ], [ -122.302029087399305, 45.505063143852027 ], [ -122.302155087627156, 45.505070143333306 ], [ -122.302337087972319, 45.505114142594529 ], [ -122.302785088840366, 45.505257140786995 ], [ -122.302877089014487, 45.505277140412964 ], [ -122.303167089547756, 45.50530713922366 ], [ -122.30392609097143, 45.505436136127223 ], [ -122.304214091506765, 45.505473134948666 ], [ -122.304699092405599, 45.50552813296185 ], [ -122.304990092939121, 45.505549131766024 ], [ -122.30518409329008, 45.505554130965947 ], [ -122.305376093630883, 45.505547130170285 ], [ -122.305569093967335, 45.505529129366963 ], [ -122.305857094458872, 45.505484128162337 ], [ -122.306328095250137, 45.505391126185764 ], [ -122.306608095714395, 45.505327125007746 ], [ -122.306879096152798, 45.505248123861946 ], [ -122.307050096420468, 45.505184123134256 ], [ -122.307212096664969, 45.505109122440054 ], [ -122.307678097342659, 45.504857120430835 ], [ -122.307839097581535, 45.504780119739799 ], [ -122.308339098335082, 45.504566117601428 ], [ -122.308580098688196, 45.50445011656619 ], [ -122.30904409934611, 45.504199114563249 ], [ -122.309721100277514, 45.503806111630361 ], [ -122.310965101916324, 45.503031106218202 ], [ -122.311171102171215, 45.502886105315632 ], [ -122.311298102318744, 45.502784104754738 ], [ -122.311355102378229, 45.502729104499856 ], [ -122.311404102420283, 45.502669104276357 ], [ -122.311484102467332, 45.502541103901144 ], [ -122.311483102004956, 45.50189010368252 ], [ -122.311469101580869, 45.501324103546906 ], [ -122.311467101427581, 45.50111210348264 ], [ -122.311472098288618, 45.499254098532553 ], [ -122.310985098131127, 45.499457101795315 ], [ -122.310752098093062, 45.49956610343019 ], [ -122.310518098024502, 45.499666105014597 ], [ -122.310095097345908, 45.499672106806017 ], [ -122.309858096913814, 45.499659107709107 ], [ -122.309572096483308, 45.499672108975368 ], [ -122.309461096442718, 45.499717109712776 ], [ -122.309302096468556, 45.499808110932754 ], [ -122.308984096484906, 45.499979113306033 ], [ -122.308533095975804, 45.500284115378946 ], [ -122.30837909576114, 45.500349116039757 ], [ -122.308294095643149, 45.500386116404826 ], [ -122.307969095207426, 45.500555117809569 ], [ -122.307577094686096, 45.500772119507644 ], [ -122.307282094318836, 45.500982120800465 ], [ -122.306958093844685, 45.501099122182787 ], [ -122.306507093130534, 45.501174124078005 ], [ -122.306084092432812, 45.501198125840332 ], [ -122.305530091503044, 45.501202128139568 ], [ -122.305150090859954, 45.501195129713537 ], [ -122.304478089735326, 45.501206132504429 ], [ -122.304141089157469, 45.501185133895632 ], [ -122.303966088855418, 45.501170134616814 ], [ -122.303725088381299, 45.501034135573718 ], [ -122.303329087367885, 45.500331136996458 ], [ -122.303244087067227, 45.500008137248301 ], [ -122.303362086573188, 45.499778135394891 ], [ -122.303528086098112, 45.499539133215983 ], [ -122.303744085592129, 45.49926413060664 ], [ -122.304604083419989, 45.498121119934147 ], [ -122.30514808107867, 45.497092111295586 ], [ -122.305706079178634, 45.496198103452365 ], [ -122.306214078193037, 45.495622097798218 ], [ -122.306502077458177, 45.495240094252672 ], [ -122.306820076594235, 45.494802090240896 ], [ -122.307104075575907, 45.494333086179623 ], [ -122.307603074919498, 45.493869081277715 ], [ -122.307805074554665, 45.493650079102565 ], [ -122.308025073703504, 45.493268075848981 ], [ -122.3080520727394, 45.492949073769687 ], [ -122.307911070724657, 45.492383070846103 ], [ -122.308050068898197, 45.491734066275846 ], [ -122.308038067738622, 45.491373064095328 ], [ -122.307768065847128, 45.490911062331016 ], [ -122.307560064734659, 45.490664061642732 ], [ -122.307187063819612, 45.490563062520209 ], [ -122.306797063048009, 45.490516063799461 ], [ -122.306519062323332, 45.490427064367232 ], [ -122.30613306107378, 45.49022606467441 ], [ -122.305736059609359, 45.489962064632813 ], [ -122.305633059061307, 45.489840064289481 ], [ -122.305434057542882, 45.489458062716771 ], [ -122.305355056936079, 45.489305062083481 ], [ -122.305310056660133, 45.489240061860208 ], [ -122.305250056385475, 45.489183061746616 ], [ -122.305175056115317, 45.489135061749003 ], [ -122.303582052431281, 45.488768065844411 ], [ -122.30200804998708, 45.488786072256509 ], [ -122.30124804902313, 45.488864075787049 ], [ -122.299766047754389, 45.489213083913747 ], [ -122.298844047337781, 45.489551089737795 ], [ -122.298641047197719, 45.489610090924081 ], [ -122.296575045054226, 45.489981101563473 ], [ -122.296445045119128, 45.49006910264287 ], [ -122.295371044180371, 45.490320108552226 ], [ -122.294203048536815, 45.492339126090684 ], [ -122.293946048647072, 45.492509128213229 ], [ -122.293900049229109, 45.492722129755037 ], [ -122.293881049293944, 45.49275313002935 ], [ -122.293788049621483, 45.492908131393101 ], [ -122.293649049914691, 45.493076133026698 ], [ -122.293391049852517, 45.493191134806693 ], [ -122.293438050746957, 45.493457136310155 ], [ -122.293372051821976, 45.493841139024717 ], [ -122.293056053765184, 45.494639145397883 ], [ -122.292827055330548, 45.495269150350346 ], [ -122.292315056958714, 45.496070157558066 ], [ -122.291737057176704, 45.496448162344038 ], [ -122.290898058375078, 45.497286171154194 ], [ -122.289443058588532, 45.498135182596137 ], [ -122.288669057205723, 45.498098185552685 ], [ -122.288402056712798, 45.498080186538687 ], [ -122.287517055066175, 45.498016189778028 ], [ -122.286742053594452, 45.49795019254919 ], [ -122.28481104984651, 45.497758199269263 ], [ -122.283474046746036, 45.497457202823469 ], [ -122.282922045437871, 45.497323204224422 ], [ -122.282561044545531, 45.497223205058994 ], [ -122.282477044305566, 45.497189205183126 ], [ -122.282397044057078, 45.49715020525813 ], [ -122.282242043541302, 45.497063205328651 ], [ -122.282083043040245, 45.496983205460921 ], [ -122.281997042800228, 45.496950205599298 ], [ -122.28189704254342, 45.496919205808211 ], [ -122.281686042032987, 45.496864206316701 ], [ -122.281594041834524, 45.4968482065904 ], [ -122.281522041704847, 45.496844206860224 ], [ -122.281499041754572, 45.496873207144105 ], [ -122.281548042066518, 45.49695020744538 ], [ -122.281620042382954, 45.497016207580167 ], [ -122.281693042634799, 45.497060207567117 ], [ -122.281851043140151, 45.497142207452278 ], [ -122.282020043633494, 45.497214207226584 ], [ -122.28219604409621, 45.497272206880496 ], [ -122.282290044307288, 45.497291206617469 ], [ -122.282580044914468, 45.497335205710435 ], [ -122.282671045126776, 45.497356205472606 ], [ -122.282763045416146, 45.497402205393406 ], [ -122.282814045680709, 45.497462205574131 ], [ -122.282763045708876, 45.497499206025104 ], [ -122.282680045672578, 45.497532206581909 ], [ -122.282579045594701, 45.497561207186898 ], [ -122.282474045486097, 45.497582207756288 ], [ -122.282376045352734, 45.497591208218722 ], [ -122.282281045191141, 45.497589208597077 ], [ -122.282185045009797, 45.497581208940446 ], [ -122.282088044811758, 45.497568209255313 ], [ -122.281799044184837, 45.497517210113152 ], [ -122.281439043372629, 45.49744321111281 ], [ -122.281055042473312, 45.497353212106006 ], [ -122.280873042010057, 45.4972982124957 ], [ -122.28069004157237, 45.497252212948133 ], [ -122.280596041376512, 45.497238213243435 ], [ -122.280544041279413, 45.49723421343127 ], [ -122.280404041041422, 45.497231213987774 ], [ -122.27991404029396, 45.497249216122171 ], [ -122.279130039002482, 45.497246219329064 ], [ -122.279039038796682, 45.497227219578889 ], [ -122.278951038568835, 45.497199219757249 ], [ -122.278779038077786, 45.497129220005426 ], [ -122.278622037575502, 45.497047220112762 ], [ -122.278556037323881, 45.496999220068922 ], [ -122.278511037064675, 45.496937219846714 ], [ -122.278367036101926, 45.496694218841967 ], [ -122.278153034723161, 45.496350217459714 ], [ -122.278055033988934, 45.496158216599433 ], [ -122.27801203355088, 45.496035215966948 ], [ -122.278007033372191, 45.495978215612624 ], [ -122.278080033380419, 45.495941215070154 ], [ -122.278191033471415, 45.495911214418086 ], [ -122.278277033488706, 45.495870213796209 ], [ -122.278414033415388, 45.495771212584444 ], [ -122.278604033260407, 45.495616210788256 ], [ -122.278786033071171, 45.495454208979602 ], [ -122.278948032813105, 45.495280207174766 ], [ -122.279009032753379, 45.495227206577518 ], [ -122.279080032733845, 45.495182205991966 ], [ -122.279160032752856, 45.495145205422197 ], [ -122.279246032796578, 45.495113204860786 ], [ -122.279514032964784, 45.495024203182012 ], [ -122.279596032986888, 45.494987202604442 ], [ -122.279670032977975, 45.494944202020342 ], [ -122.27994303282658, 45.494746199608329 ], [ -122.280016032809854, 45.49470119901563 ], [ -122.280096032819486, 45.494661198427202 ], [ -122.280181032852155, 45.494626197851183 ], [ -122.280541033057062, 45.494500195557919 ], [ -122.280712033129745, 45.494432194415729 ], [ -122.280788033135593, 45.494393193850819 ], [ -122.280857033112028, 45.494348193275265 ], [ -122.280918033060459, 45.494298192699745 ], [ -122.281022032897951, 45.49418819155693 ], [ -122.281111032677956, 45.494067190403648 ], [ -122.281189032418979, 45.493939189249694 ], [ -122.28149603114808, 45.493352184167165 ], [ -122.281697030089973, 45.492893180354748 ], [ -122.281794029444939, 45.492627178225476 ], [ -122.281854029348708, 45.492563177564698 ], [ -122.2818610292003, 45.492510177190539 ], [ -122.281779028944797, 45.492469177255266 ], [ -122.281681028672637, 45.49243117740432 ], [ -122.281628028436785, 45.492381177292671 ], [ -122.281625028248257, 45.492320176906631 ], [ -122.28164202807379, 45.492253176400453 ], [ -122.281797027304791, 45.491915173567399 ], [ -122.281894026866951, 45.491718171889907 ], [ -122.281976026627888, 45.491595170756185 ], [ -122.282027026540916, 45.491539170184929 ], [ -122.282094026500701, 45.491490169594741 ], [ -122.282251026493171, 45.491404168400045 ], [ -122.282325026473089, 45.491358167801415 ], [ -122.282385026409429, 45.491305167213824 ], [ -122.282487026219997, 45.49118816603977 ], [ -122.282617025870096, 45.491003164310129 ], [ -122.282650025723768, 45.490937163747184 ], [ -122.282696025377945, 45.490798162656411 ], [ -122.282744025294789, 45.49074516211784 ], [ -122.282819025303098, 45.490708161574787 ], [ -122.282910025364089, 45.490680161025921 ], [ -122.283196025619105, 45.49061315943807 ], [ -122.283386025820178, 45.490579158451808 ], [ -122.283478025900749, 45.490557157938312 ], [ -122.283565025952186, 45.490528157399496 ], [ -122.283733026012101, 45.49045915627471 ], [ -122.284460026120271, 45.490111151090304 ], [ -122.284634026213268, 45.490050149995078 ], [ -122.285631026957716, 45.489771144181546 ], [ -122.285773027096099, 45.489742143423662 ], [ -122.285912027238723, 45.489716142697318 ], [ -122.286021027339586, 45.48969214210446 ], [ -122.286195027510601, 45.489657141179592 ], [ -122.286378027662437, 45.489611140147673 ], [ -122.28646202769599, 45.489578139597263 ], [ -122.286610027646077, 45.489484138396008 ], [ -122.286685027634817, 45.489441137817352 ], [ -122.286771027686612, 45.489413137291557 ], [ -122.286866027801381, 45.489401136833045 ], [ -122.287065028084754, 45.489390135963909 ], [ -122.287158028178041, 45.489372135474753 ], [ -122.287242028214379, 45.489340134931417 ], [ -122.287477028204847, 45.489214133176517 ], [ -122.287561028235032, 45.489180132620547 ], [ -122.287650028291338, 45.489152132083362 ], [ -122.288020028608685, 45.489063130027304 ], [ -122.288109028664891, 45.489035129490425 ], [ -122.288453028818466, 45.488906127282171 ], [ -122.28872902902522, 45.488830125688153 ], [ -122.288815029067266, 45.488799125144538 ], [ -122.288892029067512, 45.488759124579097 ], [ -122.288963029042918, 45.488714124005647 ], [ -122.289092028933354, 45.488611122827372 ], [ -122.289332028642349, 45.488391120453954 ], [ -122.289489028338409, 45.488210118663957 ], [ -122.28955002827928, 45.488159118092774 ], [ -122.289623028278854, 45.48812111755722 ], [ -122.289714028371122, 45.488104117084674 ], [ -122.289814028517398, 45.488100116659687 ], [ -122.289918028663848, 45.488094116205872 ], [ -122.290012028745565, 45.48807211568937 ], [ -122.290072028681607, 45.488020115116221 ], [ -122.290066028470193, 45.487954114716821 ], [ -122.290010027733132, 45.487742113580268 ], [ -122.290022027605318, 45.48769411322445 ], [ -122.290041027561955, 45.487670112994714 ], [ -122.290093027531071, 45.48763311255005 ], [ -122.290177027532451, 45.487590111939369 ], [ -122.290240027476088, 45.487539111361201 ], [ -122.290261027304282, 45.487472110847854 ], [ -122.290271027102861, 45.487401110352778 ], [ -122.290310026983988, 45.487342109819132 ], [ -122.290390026981882, 45.487300109231242 ], [ -122.290475027006011, 45.487264108661975 ], [ -122.290555027052832, 45.487238108176811 ], [ -122.29064802708649, 45.487201107569454 ], [ -122.290723027070214, 45.487157106989009 ], [ -122.290794027035361, 45.487109106398925 ], [ -122.290858026980217, 45.487058105817603 ], [ -122.290917026904907, 45.48700310523062 ], [ -122.291078026632022, 45.486831103489088 ], [ -122.291181026426756, 45.486711102311531 ], [ -122.291218026295056, 45.486649101767696 ], [ -122.291234026117991, 45.486583101281781 ], [ -122.291228025893986, 45.486513100857671 ], [ -122.291204025647744, 45.486445100517834 ], [ -122.291161025396079, 45.486385100304609 ], [ -122.291098025131362, 45.486331100209085 ], [ -122.290834024093783, 45.486128099956964 ], [ -122.290773023835442, 45.486075099859484 ], [ -122.290530022696927, 45.485828099240379 ], [ -122.290432022273535, 45.485740099064692 ], [ -122.29036402201973, 45.485692099026359 ], [ -122.29021502151636, 45.485604099052253 ], [ -122.289822020269156, 45.485398099286428 ], [ -122.289568019512885, 45.485281099540259 ], [ -122.289412019017576, 45.485199099630606 ], [ -122.289344018770393, 45.485153099603998 ], [ -122.289288018529845, 45.48510309950418 ], [ -122.289255018294838, 45.485043099249097 ], [ -122.289248018158631, 45.485002099013279 ], [ -122.289236017611472, 45.48482909794906 ], [ -122.289095015955525, 45.48435909548494 ], [ -122.28895601451714, 45.483959093461259 ], [ -122.288874013787833, 45.483762092517352 ], [ -122.288838013539348, 45.483699092253872 ], [ -122.288714012775301, 45.483512091538799 ], [ -122.288638012269345, 45.483385091020573 ], [ -122.288558011543785, 45.483188090067287 ], [ -122.288335009031613, 45.482478086372332 ], [ -122.288308008840261, 45.482429086162668 ], [ -122.288272008808747, 45.482437086355198 ], [ -122.288242008887124, 45.48247808673672 ], [ -122.288205009055247, 45.482552087358243 ], [ -122.288145009455761, 45.482714088636712 ], [ -122.288157009739606, 45.482801089149973 ], [ -122.28817200994888, 45.482862089483966 ], [ -122.288125009796502, 45.482836089500907 ], [ -122.288061009559826, 45.482791089462097 ], [ -122.287922008978029, 45.48267108923411 ], [ -122.287863008688277, 45.482606089046563 ], [ -122.287824008435777, 45.482543088793413 ], [ -122.287797008198851, 45.48247908848677 ], [ -122.287779007966805, 45.482412088125457 ], [ -122.287756007507696, 45.482273087319626 ], [ -122.287725007042326, 45.482136086557908 ], [ -122.287591005829597, 45.481806084954592 ], [ -122.287547005356458, 45.481673084268955 ], [ -122.287528004912986, 45.481537083466186 ], [ -122.287508003417642, 45.481056080442407 ], [ -122.287490003176714, 45.480986080061129 ], [ -122.287479002949624, 45.480917079659015 ], [ -122.287496002787151, 45.480855079192921 ], [ -122.287559002723086, 45.480802078605684 ], [ -122.28763200268358, 45.480752077998943 ], [ -122.287727002577441, 45.480669077093879 ], [ -122.288004002288901, 45.480434074501311 ], [ -122.288075002255169, 45.480387073922323 ], [ -122.288164002303986, 45.480358073389333 ], [ -122.288259002493135, 45.48037207310994 ], [ -122.288353002662461, 45.480380072795796 ], [ -122.288444002714314, 45.480351072255125 ], [ -122.288518002691177, 45.480306071677667 ], [ -122.288576002609759, 45.480250071091767 ], [ -122.288604002457674, 45.480186070571115 ], [ -122.288618002268734, 45.480117070072737 ], [ -122.289023000456396, 45.479319063368592 ], [ -122.289159999738516, 45.47901506088386 ], [ -122.289178999566133, 45.478949060386114 ], [ -122.289228998809108, 45.478676058438289 ], [ -122.289328997935968, 45.478340055892929 ], [ -122.289388997199922, 45.478069053920315 ], [ -122.28943099643314, 45.477797052011134 ], [ -122.289472994612098, 45.477180047886449 ], [ -122.289499994026883, 45.476975046465995 ], [ -122.289650992184605, 45.47629704153254 ], [ -122.289693991843421, 45.476164040513787 ], [ -122.289800991418915, 45.475972038871234 ], [ -122.296794001983116, 45.475957011984391 ], [ -122.29670198952283, 45.471976987159223 ], [ -122.297200990067509, 45.471911984863283 ], [ -122.297455990479648, 45.471921983963291 ], [ -122.297604990792294, 45.471950983583618 ], [ -122.297733991149499, 45.472003983430852 ], [ -122.297883991643701, 45.472090983413111 ], [ -122.299321997551672, 45.473298985577905 ], [ -122.299461998539755, 45.473548986618816 ], [ -122.299660000455816, 45.47406898913561 ], [ -122.299766001085558, 45.474219989681231 ], [ -122.299895001672326, 45.474345989981728 ], [ -122.30005700221254, 45.474440989961288 ], [ -122.300252002693654, 45.474500989594915 ], [ -122.300762003778274, 45.474601988284455 ], [ -122.302067006926777, 45.474978985666418 ], [ -122.303058010065627, 45.475502985153135 ], [ -122.303573011528854, 45.475720984542328 ], [ -122.305586014784879, 45.47578597724025 ], [ -122.305840015198314, 45.475794976323549 ], [ -122.305826000127581, 45.471011946702781 ], [ -122.305823998029098, 45.470345942578305 ], [ -122.305822997486416, 45.470173941514972 ], [ -122.305820995054404, 45.469401936732822 ], [ -122.305816991200416, 45.46817892915999 ], [ -122.305809987058936, 45.466865921039762 ], [ -122.305815973900039, 45.462680895052635 ], [ -122.306251974648987, 45.462718893695175 ], [ -122.306923975678941, 45.462737891357143 ], [ -122.307677976603287, 45.462685888280348 ], [ -122.308546977497102, 45.462571884402095 ], [ -122.309876978414493, 45.462255877601223 ], [ -122.310166978499453, 45.46215087589794 ], [ -122.310861978856082, 45.461947872117783 ], [ -122.311443978867459, 45.461687868403459 ], [ -122.311938979089391, 45.461533865658595 ], [ -122.30583397000548, 45.461434887256623 ], [ -122.305830969252341, 45.461196885790997 ], [ -122.305844967938256, 45.460772883109669 ], [ -122.305848962682902, 45.459100872722352 ], [ -122.305863959280657, 45.458012865918704 ], [ -122.305862958124408, 45.457645863645574 ], [ -122.305852956848483, 45.457244861193708 ], [ -122.305118955673052, 45.457200863548813 ], [ -122.304833955204444, 45.457179864438686 ], [ -122.30447095459121, 45.457147865539199 ], [ -122.303364952781507, 45.45706886900571 ], [ -122.303008952188009, 45.457039870098725 ], [ -122.30264195155722, 45.457003871187062 ], [ -122.30227895090718, 45.456959872210753 ], [ -122.301990950338194, 45.456907872915728 ], [ -122.301627949588593, 45.456831873738246 ], [ -122.300726947625321, 45.456609875567381 ], [ -122.300752945597708, 45.455947871322493 ], [ -122.300754944487323, 45.455590869076289 ], [ -122.300759944272926, 45.455519868613187 ], [ -122.300759943134764, 45.455154866323994 ], [ -122.300788939823136, 45.454079859479151 ], [ -122.300790937552605, 45.453350854900243 ], [ -122.30080093530249, 45.452624850312013 ], [ -122.300799934399905, 45.452335848503104 ], [ -122.300818933272325, 45.451965846116046 ], [ -122.30082293214582, 45.451602843825633 ], [ -122.300819931018978, 45.451242841578591 ], [ -122.300841927874501, 45.450224835117965 ], [ -122.300844925608203, 45.449496830542451 ], [ -122.300839925121053, 45.449342829594116 ], [ -122.300854924031327, 45.448986827309703 ], [ -122.300851921469828, 45.448166822178209 ], [ -122.300850920648244, 45.447903820532503 ], [ -122.30087391800356, 45.447045815073096 ], [ -122.300873916313108, 45.446503811674603 ], [ -122.300864910478083, 45.444636799998662 ], [ -122.300856905723677, 45.443115790488491 ], [ -122.300872903490074, 45.4423927859008 ], [ -122.300868899430256, 45.441092777762847 ], [ -122.300859898732199, 45.440872776413627 ], [ -122.300857895411156, 45.439808769748524 ], [ -122.301311896033567, 45.439816768278575 ], [ -122.302636897802287, 45.439824763892162 ], [ -122.30665890311424, 45.439830750462313 ], [ -122.306877903411916, 45.43983374974755 ], [ -122.307528904265538, 45.439832747561518 ], [ -122.308041904956468, 45.439837745874677 ], [ -122.309315906633202, 45.439837741608677 ], [ -122.309140895661159, 45.436443721288114 ], [ -122.311903899343918, 45.436474712351256 ], [ -122.312194889466113, 45.433251691668239 ], [ -122.312263887644988, 45.432651687772413 ], [ -122.312533888002278, 45.432655686918665 ], [ -122.313134888746873, 45.432648684921141 ], [ -122.315358891584864, 45.432648677687666 ], [ -122.318636895822493, 45.432665667128617 ], [ -122.319666897162747, 45.432673663826506 ], [ -122.320089897712236, 45.432676662468623 ], [ -122.323005901427237, 45.432674652971379 ], [ -122.328121908047876, 45.432702636495364 ], [ -122.328850908981622, 45.432703634129695 ], [ -122.329279909552127, 45.43271063277529 ], [ -122.330077910596927, 45.432718630226212 ], [ -122.33139091221372, 45.432700625848959 ], [ -122.331750912666621, 45.432698624666116 ], [ -122.333364914696958, 45.432689619363011 ], [ -122.334004915500557, 45.432685617257761 ], [ -122.335216917037485, 45.432682613297793 ], [ -122.335309917156167, 45.432682612995265 ], [ -122.337940920450819, 45.432663604327075 ], [ -122.339473922383789, 45.432656599300465 ], [ -122.340126923247155, 45.432665597228215 ], [ -122.341158924567495, 45.432666593877187 ], [ -122.341199925689708, 45.43298659557793 ], [ -122.341290926210604, 45.43310759597491 ], [ -122.341517927176596, 45.433309596392114 ], [ -122.341673927894888, 45.433464596770754 ], [ -122.341757928397314, 45.433582597172077 ], [ -122.341826928910805, 45.433709597673648 ], [ -122.341869929334123, 45.433819598162664 ], [ -122.34196292860311, 45.433565596405529 ], [ -122.342164927944339, 45.433291594179117 ], [ -122.342192928248053, 45.433371594545278 ], [ -122.342221928482786, 45.433430594788035 ], [ -122.342266928781584, 45.433502595052857 ], [ -122.34235692928543, 45.433618595422146 ], [ -122.342518929885088, 45.433735595561686 ], [ -122.342722930511982, 45.433844595517741 ], [ -122.343016930805248, 45.433819594414139 ], [ -122.343160930906095, 45.433794593800897 ], [ -122.343295930911466, 45.433744593074564 ], [ -122.343415930803573, 45.433666592237778 ], [ -122.343511930564134, 45.433558591308568 ], [ -122.343567930186069, 45.433424590361973 ], [ -122.343546929424107, 45.433205589182144 ], [ -122.343444928629154, 45.433007588385735 ], [ -122.34334192808484, 45.432884588019768 ], [ -122.343243927644266, 45.432790587802621 ], [ -122.343094927028076, 45.432663587562843 ], [ -122.343385927379316, 45.432657586582074 ], [ -122.343690927748369, 45.432651585555888 ], [ -122.343847927915149, 45.432641584988254 ], [ -122.344731929022984, 45.432635582079051 ], [ -122.345149929613513, 45.432652580816139 ], [ -122.345019928216161, 45.432286579159907 ], [ -122.344842927637458, 45.432181579138032 ], [ -122.343588923157071, 45.431322578312816 ], [ -122.343042921243637, 45.430958578001686 ], [ -122.342669919973474, 45.430720577846984 ], [ -122.342490919331496, 45.430596577716003 ], [ -122.342308918736236, 45.43048757767982 ], [ -122.342265918601512, 45.430463577681238 ], [ -122.341929916854568, 45.430068576504155 ], [ -122.341937914782463, 45.429446572919524 ], [ -122.341949911570424, 45.428482567365471 ], [ -122.341964909413235, 45.427832563598649 ], [ -122.341972907227102, 45.427176559820026 ], [ -122.341974902924377, 45.42589055245621 ], [ -122.341975901081014, 45.425339549300702 ], [ -122.341970896284181, 45.423908541129386 ], [ -122.341973895665205, 45.42372254005582 ], [ -122.341999889262411, 45.421800528978878 ], [ -122.342017885152856, 45.420566521863677 ], [ -122.342016883835868, 45.420173519618594 ], [ -122.342027877742282, 45.418349509150495 ], [ -122.342022876909354, 45.418102507752799 ], [ -122.341194875986702, 45.418122510399584 ], [ -122.338351872738571, 45.41816751935427 ], [ -122.337902872205163, 45.418168520733509 ], [ -122.33706887123472, 45.41817652333102 ], [ -122.336419870515257, 45.418193525414907 ], [ -122.333123866756097, 45.418248535819721 ], [ -122.332467865997955, 45.418256537873887 ], [ -122.331816865229271, 45.418259539883628 ], [ -122.331137864430403, 45.418263541984999 ], [ -122.330362863516655, 45.418267544380235 ], [ -122.327718860426401, 45.418289552601792 ], [ -122.327058859636978, 45.418289554621808 ], [ -122.3250828573223, 45.418304560758848 ], [ -122.324082856174826, 45.418319563909073 ], [ -122.324080853203668, 45.417405558467529 ], [ -122.324104844783562, 45.414804542892568 ], [ -122.324114842700155, 45.414159539018364 ], [ -122.324112840599426, 45.413513535174339 ], [ -122.324130834282869, 45.411562523493252 ], [ -122.324156830073647, 45.410257515639181 ], [ -122.324162828030708, 45.409626511861255 ], [ -122.324185824129415, 45.408417504589288 ], [ -122.324185822407614, 45.407887501431084 ], [ -122.324648822326594, 45.407700498965198 ], [ -122.325904823318211, 45.407566494503335 ], [ -122.326731823514081, 45.407338490739789 ], [ -122.327430822654534, 45.406832485709423 ], [ -122.328190822625373, 45.40656048189345 ], [ -122.330140823895078, 45.406275474555194 ], [ -122.330967823846265, 45.40597647040218 ], [ -122.331399823412468, 45.405696467509543 ], [ -122.331633822774421, 45.405422465227268 ], [ -122.331667822046015, 45.405189463763939 ], [ -122.331696821394132, 45.404981462461699 ], [ -122.331756821168582, 45.404892461767389 ], [ -122.331641820253239, 45.404653460698441 ], [ -122.331584820123581, 45.404633460745316 ], [ -122.331552818903447, 45.404273458727651 ], [ -122.330837817732743, 45.404160460118781 ], [ -122.330747817313522, 45.404063459807759 ], [ -122.33034281450729, 45.403346456756815 ], [ -122.329718810972793, 45.402480453445747 ], [ -122.329690810807293, 45.402439453284217 ], [ -122.32966081064616, 45.402400453140139 ], [ -122.329495809712697, 45.402171452261797 ], [ -122.329213807863965, 45.401702450300995 ], [ -122.328732805571619, 45.401164448493368 ], [ -122.328381803186048, 45.400553445880739 ], [ -122.327916800720629, 45.399955443660168 ], [ -122.32753579739915, 45.399066439475313 ], [ -122.327035799443422, 45.399859445572389 ], [ -122.327305800659715, 45.400141446481143 ], [ -122.327582801770106, 45.400388447161141 ], [ -122.32783680289856, 45.400648447981077 ], [ -122.328421806534948, 45.401563451729068 ], [ -122.32864780774338, 45.401856452816347 ], [ -122.328904808875478, 45.402115453613185 ], [ -122.329453811016791, 45.402583454807342 ], [ -122.329575811656966, 45.402737455366129 ], [ -122.329651812174149, 45.402869455926236 ], [ -122.329785813359351, 45.403185457403069 ], [ -122.329904814620178, 45.403529459086435 ], [ -122.330033815879531, 45.4038694607165 ], [ -122.33019681708214, 45.404180462077242 ], [ -122.330362818065439, 45.404423463028394 ], [ -122.330535818764773, 45.404577463435572 ], [ -122.330574818969382, 45.404626463611152 ], [ -122.330693819398277, 45.404716463797129 ], [ -122.329892819498014, 45.405020467891745 ], [ -122.329335819836501, 45.40531447122946 ], [ -122.329137819738477, 45.405352472025058 ], [ -122.328931819470895, 45.405341472555087 ], [ -122.328618818556052, 45.405169472444172 ], [ -122.328397818294789, 45.405165473058247 ], [ -122.328175818173051, 45.405204473929089 ], [ -122.327664818144811, 45.405371476391103 ], [ -122.327489818036312, 45.405398477056231 ], [ -122.32730681786974, 45.405410477655806 ], [ -122.326749817129297, 45.405375479057362 ], [ -122.326428817029324, 45.405455480458755 ], [ -122.326192816838855, 45.405478481277051 ], [ -122.325177815811145, 45.405513484417952 ], [ -122.324880815649408, 45.405566485591606 ], [ -122.324597815591048, 45.405646486885928 ], [ -122.324429815700938, 45.405738487919635 ], [ -122.324269815657246, 45.405780488632743 ], [ -122.323781815688633, 45.405959491112363 ], [ -122.323308815859278, 45.406176493777764 ], [ -122.322896816185221, 45.406420496430194 ], [ -122.322263817001485, 45.406893501097898 ], [ -122.321965817330636, 45.407099503198211 ], [ -122.321637817479512, 45.407260505117925 ], [ -122.321378817554205, 45.407374506556067 ], [ -122.321256817502956, 45.407401507073594 ], [ -122.320943817370477, 45.407470508400209 ], [ -122.320493816930366, 45.40749250984463 ], [ -122.319745816032309, 45.407477511935809 ], [ -122.319455815567537, 45.407435512528579 ], [ -122.318990814537202, 45.407279512943923 ], [ -122.318181812268719, 45.406859512764584 ], [ -122.317906811603805, 45.406749512899559 ], [ -122.317479810911763, 45.406684513747479 ], [ -122.317137810447775, 45.406660514595877 ], [ -122.315930808816418, 45.406577517598834 ], [ -122.315167807905567, 45.406562519723508 ], [ -122.31461880664888, 45.406363520106531 ], [ -122.314374806299796, 45.406340520674355 ], [ -122.314122806015135, 45.406340521405411 ], [ -122.311482803652794, 45.406535530259106 ], [ -122.311320803358441, 45.406500530514911 ], [ -122.310986802752282, 45.406428531042828 ], [ -122.310646802263321, 45.406395531826945 ], [ -122.310399801908119, 45.406371532396257 ], [ -122.308820799845932, 45.406283536435133 ], [ -122.308415799221066, 45.406230537282731 ], [ -122.307324797916806, 45.406207540303882 ], [ -122.306744797129753, 45.406165541725365 ], [ -122.306378796537146, 45.406108542433024 ], [ -122.306035795813372, 45.406001542763498 ], [ -122.304829792942627, 45.405520543266014 ], [ -122.303525790231575, 45.40512354455938 ], [ -122.3033047896608, 45.405020544554418 ], [ -122.302182785850718, 45.404204542687268 ], [ -122.302097785524438, 45.40413054246865 ], [ -122.312412781801626, 45.399340483553139 ], [ -122.315682780498577, 45.397819465136529 ], [ -122.320559778302012, 45.395504437636724 ], [ -122.320561777981254, 45.395404437030471 ], [ -122.320749776877435, 45.395000434086647 ], [ -122.320556776448853, 45.394931434202789 ], [ -122.319889774983238, 45.394697434628284 ], [ -122.318723772345024, 45.394263435211656 ], [ -122.318049770851133, 45.394021435596294 ], [ -122.31771277007914, 45.393892435738614 ], [ -122.317525769659284, 45.393823435832694 ], [ -122.316688767778018, 45.393513436242564 ], [ -122.315999766200164, 45.393248436515215 ], [ -122.315770765807684, 45.393201436854106 ], [ -122.315645765595619, 45.393176437042989 ], [ -122.315288765173761, 45.393162437930776 ], [ -122.314556764426214, 45.393170439974128 ], [ -122.311066760701905, 45.393158449410905 ], [ -122.310679760293169, 45.393158450465414 ], [ -122.309429758969813, 45.393157453865363 ], [ -122.308693758157716, 45.393146455803056 ], [ -122.308304757740572, 45.393144456850628 ], [ -122.30723675663161, 45.393150459797717 ], [ -122.306516755852314, 45.393144461722393 ], [ -122.304832754080181, 45.393146466323202 ], [ -122.304608753925223, 45.393172467095269 ], [ -122.304471753928098, 45.393219467761043 ], [ -122.304358753971869, 45.393271468392683 ], [ -122.304214754108344, 45.393363469358036 ], [ -122.304180754207309, 45.393406469718514 ], [ -122.304079754501998, 45.393534470791188 ], [ -122.303964755462275, 45.393879473254124 ], [ -122.303866755969779, 45.39407447473701 ], [ -122.303720756278778, 45.394222476059014 ], [ -122.303529756379888, 45.394319477186926 ], [ -122.30346375636303, 45.394336477473828 ], [ -122.303319756322765, 45.394372478093018 ], [ -122.30310975613088, 45.39438247873106 ], [ -122.302762755536705, 45.394310479232637 ], [ -122.302423754829348, 45.394199479467865 ], [ -122.302079754095189, 45.39408147967201 ], [ -122.301376752659252, 45.393860480212027 ], [ -122.301031751906663, 45.393736480378095 ], [ -122.30083975137893, 45.393632480250567 ], [ -122.300728750962065, 45.393536479951607 ], [ -122.300581750292139, 45.393371479317672 ], [ -122.30046774985685, 45.393270478994793 ], [ -122.300328749523004, 45.393210478997126 ], [ -122.300114749191025, 45.393176479366844 ], [ -122.299486748493479, 45.393165481009042 ], [ -122.299400748399549, 45.393164481237086 ], [ -122.298662747613861, 45.393162483235521 ], [ -122.297943746832743, 45.393155485150587 ], [ -122.297212746057639, 45.393154487136123 ], [ -122.291064739463422, 45.393121503677094 ], [ -122.291072738053131, 45.392658500691546 ], [ -122.291096735859753, 45.391934495992047 ], [ -122.291124729223654, 45.389759481995007 ], [ -122.291131728424929, 45.389496480292927 ], [ -122.291155725939731, 45.388677474987027 ], [ -122.291181724562833, 45.388219471986609 ], [ -122.291195720994267, 45.38705046446826 ], [ -122.29119471988065, 45.386687462147854 ], [ -122.291206717370358, 45.385864456849447 ], [ -122.291210715783649, 45.385345453517658 ], [ -122.291209715384198, 45.385215452688357 ], [ -122.291203712460231, 45.384263446611762 ], [ -122.291209710231826, 45.383534441930948 ], [ -122.291210705785389, 45.382083432642837 ], [ -122.2912027035553, 45.381358428023823 ], [ -122.291202701336218, 45.380634423390561 ], [ -122.291212698970668, 45.379859418405481 ], [ -122.291216698018275, 45.379547416398715 ], [ -122.291216696905636, 45.379184414075759 ], [ -122.291232694956534, 45.378543409933307 ], [ -122.290490694227103, 45.378541411797507 ], [ -122.290099693824587, 45.378534412741665 ], [ -122.289705693446649, 45.378536413751156 ], [ -122.289311693035131, 45.37852741468992 ], [ -122.28839169212317, 45.378522416984815 ], [ -122.28862668198299, 45.375123394521523 ], [ -122.288693678907492, 45.374094387735525 ], [ -122.288746676477089, 45.373281382375133 ], [ -122.288410676089256, 45.373258383053418 ], [ -122.287599676239125, 45.373559386988411 ], [ -122.287117675055612, 45.373320386633075 ], [ -122.287175674903523, 45.373252386051576 ], [ -122.286868673497324, 45.372885384436628 ], [ -122.286097671752827, 45.372550384161997 ], [ -122.285442670584217, 45.372368384587716 ], [ -122.284809669652688, 45.372257385416944 ], [ -122.28420666886818, 45.372185386424157 ], [ -122.283631668572909, 45.372266388356415 ], [ -122.28324766841439, 45.372333389731473 ], [ -122.282956667947559, 45.37226939002683 ], [ -122.282747667364845, 45.372141389704417 ], [ -122.282603666427079, 45.371875388323538 ], [ -122.282567666369161, 45.37186738835927 ], [ -122.282353665891094, 45.371775388281883 ], [ -122.282109664881716, 45.371516387188151 ], [ -122.281781663978336, 45.371318386695009 ], [ -122.28127066312156, 45.371192387115279 ], [ -122.280743662421997, 45.37112338794541 ], [ -122.27982066086102, 45.370890388662275 ], [ -122.279500660379767, 45.37082938903913 ], [ -122.27915765997021, 45.370799389674623 ], [ -122.278462659298782, 45.370791391308252 ], [ -122.278134659085993, 45.370822392307787 ], [ -122.276830658620185, 45.371073397126366 ], [ -122.2766086586428, 45.371150398173569 ], [ -122.276105658399743, 45.371226399897978 ], [ -122.275227658535002, 45.371547404155891 ], [ -122.274953658662312, 45.371676405676958 ], [ -122.274358657709882, 45.37154340624641 ], [ -122.273648656808135, 45.37146340744534 ], [ -122.273015655807058, 45.371325408070035 ], [ -122.272267654803173, 45.371222409204883 ], [ -122.271947654110903, 45.371089409097706 ], [ -122.271726653440467, 45.370932408589169 ], [ -122.271581653172291, 45.370887408641444 ], [ -122.271413652956596, 45.370867408915984 ], [ -122.271046652649957, 45.370879409886726 ], [ -122.269887651401731, 45.370822412318901 ], [ -122.269650651257493, 45.370848413067847 ], [ -122.268666651060684, 45.371093417097462 ], [ -122.268041651002946, 45.371272419817181 ], [ -122.267415650497256, 45.371299421521286 ], [ -122.265812648745026, 45.371212424834852 ], [ -122.265810648363072, 45.371082423963671 ], [ -122.265785645237955, 45.370021416874273 ], [ -122.265777643125688, 45.369301412041374 ], [ -122.265804639610138, 45.368090403815728 ], [ -122.26580063921763, 45.367957402929015 ], [ -122.265760638909114, 45.367864402397778 ], [ -122.265607638681416, 45.367834402560739 ], [ -122.265523638587027, 45.36782840272074 ], [ -122.26515363821045, 45.367815403516019 ], [ -122.264781637870058, 45.367815404403729 ], [ -122.264405637540619, 45.367820405334761 ], [ -122.263681636875219, 45.36781940705572 ], [ -122.261854635244049, 45.367833411510659 ], [ -122.261628635014034, 45.367825411995682 ], [ -122.261553634925107, 45.367818412127086 ], [ -122.261406634700748, 45.367787412267162 ], [ -122.261265634429719, 45.367738412270391 ], [ -122.261065633971583, 45.367643412101231 ], [ -122.260575632750857, 45.36737641145146 ], [ -122.260522632606992, 45.367343411352941 ], [ -122.260384632197528, 45.367245411013883 ], [ -122.260321631888388, 45.367158410571093 ], [ -122.26028763162887, 45.367079410113718 ], [ -122.260270631402193, 45.367006409656796 ], [ -122.260249630526872, 45.366710407690015 ], [ -122.260258630315178, 45.366634407150912 ], [ -122.260246629265836, 45.366275404733429 ], [ -122.260249628467292, 45.365998402839153 ], [ -122.260255626835487, 45.365432398968849 ], [ -122.260266625445297, 45.364948395645534 ], [ -122.26027262477092, 45.364713394030453 ], [ -122.260288623469023, 45.364258390893241 ], [ -122.260298622679514, 45.363982388989648 ], [ -122.260352617068648, 45.362026375539941 ], [ -122.260359615648468, 45.361533372165674 ], [ -122.260371615051412, 45.36132337070768 ], [ -122.26037061456158, 45.361154369558832 ], [ -122.260368612791979, 45.360543365401639 ], [ -122.260367612357101, 45.360393364382219 ], [ -122.260299611039301, 45.359958361574343 ], [ -122.260280610580125, 45.359805360575379 ], [ -122.260278610361425, 45.35973036006898 ], [ -122.260289610154018, 45.359655359532965 ], [ -122.260281609935902, 45.359582359053881 ], [ -122.260297609527441, 45.359436358022847 ], [ -122.260305608484245, 45.359073355531805 ], [ -122.260396604384923, 45.357629345490089 ], [ -122.260412603979063, 45.357484344466506 ], [ -122.260408603576337, 45.357346343535589 ], [ -122.260397603375949, 45.357280343110773 ], [ -122.260377603182334, 45.357219342740194 ], [ -122.260318602943769, 45.357154342429858 ], [ -122.260095602050271, 45.35691134127417 ], [ -122.260012601664187, 45.356802340717181 ], [ -122.259975601407092, 45.356724340268336 ], [ -122.259959601173733, 45.356648339786041 ], [ -122.25997060095473, 45.356569339222894 ], [ -122.26005360062932, 45.356432338103573 ], [ -122.260230600097429, 45.356196336100183 ], [ -122.260296599797726, 45.356073335114978 ], [ -122.260306599609507, 45.356005334629479 ], [ -122.260306599409873, 45.355936334159423 ], [ -122.260268598963961, 45.355793333269858 ], [ -122.2600955974263, 45.35531233037684 ], [ -122.260040596995211, 45.355179329592389 ], [ -122.260002596792546, 45.355120329274506 ], [ -122.259957596595527, 45.355065328999302 ], [ -122.259904596417826, 45.355019328803131 ], [ -122.259845596243778, 45.35497632864066 ], [ -122.259721595936909, 45.354906328437878 ], [ -122.259586595672843, 45.354854328382018 ], [ -122.259447595443049, 45.354815328423498 ], [ -122.259161595005779, 45.354747328592055 ], [ -122.259020594811986, 45.354721328726328 ], [ -122.258730594383195, 45.354657328930323 ], [ -122.257959593293563, 45.354504329587513 ], [ -122.257812593069204, 45.354469329672533 ], [ -122.257666592825586, 45.354427329707313 ], [ -122.25734559223649, 45.354316329655362 ], [ -122.256980591645373, 45.354217329781726 ], [ -122.256616591092865, 45.354131329994118 ], [ -122.256261590594178, 45.354061330295693 ], [ -122.255900590113654, 45.353999330664827 ], [ -122.255760589890201, 45.353962330718765 ], [ -122.255690589757009, 45.353936330694097 ], [ -122.255621589610328, 45.353905330632855 ], [ -122.255555589448974, 45.353868330523696 ], [ -122.255324588734098, 45.353686329779919 ], [ -122.255000587669969, 45.3534093285853 ], [ -122.254944587505818, 45.353368328425915 ], [ -122.254881587347327, 45.353331328309324 ], [ -122.25481858721173, 45.353302328247821 ], [ -122.25474858709039, 45.353280328249781 ], [ -122.254679586992765, 45.353266328304606 ], [ -122.254537586834275, 45.353252328519417 ], [ -122.254245586559335, 45.353241329083559 ], [ -122.253881586235806, 45.353234329833015 ], [ -122.252906585342998, 45.353206331776221 ], [ -122.250509583276582, 45.353182336861728 ], [ -122.247951589472905, 45.353145335185808 ], [ -122.247465591056681, 45.353140334547689 ], [ -122.245528597373891, 45.353122332018096 ], [ -122.243672603479411, 45.353123329720738 ], [ -122.242214608243884, 45.353113327841591 ], [ -122.241533610447462, 45.353101326913404 ], [ -122.24113861173133, 45.353096326388616 ], [ -122.240764612954962, 45.353094325910568 ], [ -122.240613613427612, 45.353086325668002 ], [ -122.238064621708276, 45.353053322277127 ], [ -122.23785662241005, 45.353059322060204 ], [ -122.237787622651879, 45.353064322008933 ], [ -122.237722622898687, 45.353075322003853 ], [ -122.237657623127461, 45.35308032195752 ], [ -122.237589623344959, 45.3530783218594 ], [ -122.237508623644402, 45.353089321834425 ], [ -122.237330624344267, 45.353127321874474 ], [ -122.237270624330264, 45.353057321319184 ], [ -122.237202624393731, 45.353004320870774 ], [ -122.237059624631016, 45.352927320164554 ], [ -122.236988624782697, 45.352900319891077 ], [ -122.2368426251534, 45.352864319462853 ], [ -122.236699625565549, 45.352845319155115 ], [ -122.236471626296151, 45.352839318831265 ], [ -122.235649629056397, 45.352859317949381 ], [ -122.23542662978268, 45.352857317659193 ], [ -122.235203630429723, 45.352829317190782 ], [ -122.235055630842538, 45.35280531684279 ], [ -122.23498463100853, 45.35278331660399 ], [ -122.234719631527241, 45.352668315487534 ], [ -122.2344606319581, 45.352531314228195 ], [ -122.234342632127763, 45.352460313595756 ], [ -122.23428763217953, 45.352418313240008 ], [ -122.23427363218255, 45.35240431312679 ], [ -122.234586630890703, 45.352317312917869 ], [ -122.235425627280023, 45.352034312014666 ], [ -122.23603562423034, 45.351687310387021 ], [ -122.236562621272782, 45.35127930823586 ], [ -122.236821619320921, 45.350913306041448 ], [ -122.237767613897717, 45.350135301856199 ], [ -122.238797608358894, 45.349402298073336 ], [ -122.239293605911527, 45.349120296736722 ], [ -122.239835603433093, 45.348876295715812 ], [ -122.241299597036019, 45.348311293598336 ], [ -122.242810590682254, 45.347804291927474 ], [ -122.244367584868044, 45.34752529187864 ], [ -122.24348057440308, 45.342981259417286 ], [ -122.236360595036629, 45.342407247099196 ], [ -122.235547586078624, 45.338626220216184 ], [ -122.236756582721284, 45.338747222436055 ], [ -122.238711577248438, 45.338931225949402 ], [ -122.242077567775439, 45.339239231948497 ], [ -122.242654566172718, 45.339300233034827 ], [ -122.243523563818883, 45.339413234817712 ], [ -122.244682560716768, 45.339578237296394 ], [ -122.245259559158285, 45.339656238502613 ], [ -122.245550558338962, 45.339684239032678 ], [ -122.245841557481739, 45.339699239472857 ], [ -122.246135556591994, 45.339706239861137 ], [ -122.246283556125221, 45.339703240011453 ], [ -122.246430555644238, 45.339694240119002 ], [ -122.246722554628022, 45.339655240186268 ], [ -122.246867554095758, 45.33962624015286 ], [ -122.247155553006166, 45.339557240007295 ], [ -122.249960542086455, 45.338766237749653 ], [ -122.250601541888017, 45.338576235266302 ], [ -122.250739541844183, 45.338524234630007 ], [ -122.250874541778103, 45.338465233951354 ], [ -122.251005541683327, 45.338397233218416 ], [ -122.251132541574137, 45.338325232465948 ], [ -122.25199354068333, 45.337785227011985 ], [ -122.252244540452395, 45.337638225496505 ], [ -122.252374540358602, 45.337571224775147 ], [ -122.252508540290535, 45.337512224101481 ], [ -122.252644540238109, 45.337458223458597 ], [ -122.252921540199509, 45.337372222315608 ], [ -122.253978540221567, 45.337104218374854 ], [ -122.255034540216897, 45.336828214388554 ], [ -122.257903540227602, 45.33609220369253 ], [ -122.258610540247872, 45.335918201115774 ], [ -122.25903854028644, 45.335822199621234 ], [ -122.259179540315287, 45.335796199167518 ], [ -122.259323540363638, 45.335776198749002 ], [ -122.259465540436466, 45.335765198395855 ], [ -122.259609540536729, 45.335763198100253 ], [ -122.259751540658655, 45.335769197863137 ], [ -122.260037540935841, 45.335792197459838 ], [ -122.260914541842581, 45.335882196354632 ], [ -122.261209542123794, 45.335904195926133 ], [ -122.261357542244497, 45.335908195663272 ], [ -122.26165154244967, 45.335904195059832 ], [ -122.261799542529801, 45.335894194701829 ], [ -122.262091542652144, 45.335862193912341 ], [ -122.262234542690777, 45.335839193476069 ], [ -122.262849542803892, 45.335722191478148 ], [ -122.262872544117442, 45.336168194456107 ], [ -122.262873544935104, 45.33644919635875 ], [ -122.262889545993616, 45.336809198767277 ], [ -122.262901547883601, 45.337456203128738 ], [ -122.262905549543831, 45.338026206984004 ], [ -122.262910549870313, 45.338137207726362 ], [ -122.263239550000606, 45.338097206800796 ], [ -122.264255551213921, 45.33825220582743 ], [ -122.268684554834294, 45.338353197684526 ], [ -122.272069556754971, 45.338143189541711 ], [ -122.273885558232323, 45.338182186186692 ], [ -122.274109558121154, 45.33808818511784 ], [ -122.274296557156148, 45.337716182281241 ], [ -122.274218554822482, 45.33695017736018 ], [ -122.273921553975356, 45.336739176547404 ], [ -122.273132552817856, 45.336546176820931 ], [ -122.272735551691355, 45.336265175734859 ], [ -122.272714551634351, 45.336251175683067 ], [ -122.272752551398796, 45.336162175016923 ], [ -122.273143551717268, 45.336172174315628 ], [ -122.277354554953845, 45.336214166323686 ], [ -122.278499555919836, 45.336254164337539 ], [ -122.278248556341836, 45.336457166164898 ], [ -122.278036556893895, 45.336694168140355 ], [ -122.277962559244017, 45.3374981735736 ], [ -122.278008561560881, 45.338261178499749 ], [ -122.278648563817256, 45.338854181119594 ], [ -122.281175565779122, 45.338873176191321 ], [ -122.281506565610101, 45.338734174621869 ], [ -122.282073565322762, 45.338497171943565 ], [ -122.282203564148176, 45.338075168932932 ], [ -122.282249558746301, 45.336272157087492 ], [ -122.28224955103353, 45.333714140411594 ], [ -122.28178555037772, 45.333608140615759 ], [ -122.281506549952766, 45.333534140670878 ], [ -122.281084549274127, 45.333410140674324 ], [ -122.280835548925594, 45.333354140787918 ], [ -122.280640548586177, 45.333288140731817 ], [ -122.280223547945369, 45.333175140794808 ], [ -122.27908554629029, 45.332897141159691 ], [ -122.27844054540337, 45.332756141471599 ], [ -122.278155545039624, 45.332703141669782 ], [ -122.277716544541391, 45.332642142110096 ], [ -122.276995543784011, 45.332562142964647 ], [ -122.276848543648526, 45.332552143180287 ], [ -122.276412543293432, 45.332538143922953 ], [ -122.275530542641803, 45.33253214557233 ], [ -122.275240542448316, 45.332537146160718 ], [ -122.275095542361967, 45.332543146478073 ], [ -122.274808542227106, 45.332567147186531 ], [ -122.274577542159165, 45.332600147847508 ], [ -122.274518542140513, 45.332608148013506 ], [ -122.273580541961621, 45.332775150918714 ], [ -122.271419541602683, 45.333180157762676 ], [ -122.271065541556695, 45.333251158917101 ], [ -122.270792541548317, 45.333315159869521 ], [ -122.27051354159444, 45.333399160967467 ], [ -122.270102541739277, 45.333549162761479 ], [ -122.269674541927017, 45.333718164716977 ], [ -122.269689533202381, 45.330752144854642 ], [ -122.270619532613381, 45.330329140272568 ], [ -122.271153532122227, 45.330035137305536 ], [ -122.271619531921473, 45.329856135236369 ], [ -122.272107531282558, 45.329524132110002 ], [ -122.272481530923272, 45.329314130012456 ], [ -122.27297753076104, 45.329142127941381 ], [ -122.273579530743106, 45.32899412583388 ], [ -122.273915530648409, 45.328883124470373 ], [ -122.275288529972997, 45.328334118278079 ], [ -122.275685529885592, 45.328212116734093 ], [ -122.277470529914865, 45.327807110752893 ], [ -122.27902753052507, 45.327651106845963 ], [ -122.279378530722738, 45.327636106098353 ], [ -122.279721530980851, 45.327643105509843 ], [ -122.280209531468387, 45.327693104934554 ], [ -122.280492531652101, 45.327689104384767 ], [ -122.280972531812566, 45.327632103124095 ], [ -122.281178531828616, 45.327590102468676 ], [ -122.281242531806612, 45.327568102206662 ], [ -122.281575531687366, 45.327452100833803 ], [ -122.281422530768879, 45.327182099353259 ], [ -122.280957528691971, 45.326598096393226 ], [ -122.280797528248527, 45.326487095961141 ], [ -122.280484527589351, 45.326339095566922 ], [ -122.280354527407283, 45.326308095602229 ], [ -122.280141527285664, 45.326316096044771 ], [ -122.279652527110244, 45.326369097287909 ], [ -122.279378527060743, 45.326415098091672 ], [ -122.278905527102594, 45.326537099759555 ], [ -122.278775527046449, 45.326548100070298 ], [ -122.278638526919636, 45.326537100249453 ], [ -122.278485526665108, 45.326487100201717 ], [ -122.278355526372522, 45.326419099993316 ], [ -122.278180525714063, 45.326239099130916 ], [ -122.277654524921076, 45.326094099139773 ], [ -122.277478524415386, 45.32596509861245 ], [ -122.277234523221381, 45.325621096792659 ], [ -122.277036521972903, 45.325248094695937 ], [ -122.276929520715115, 45.324851092274109 ], [ -122.276852518033223, 45.323970086606813 ], [ -122.276807517614998, 45.323840085830895 ], [ -122.276708517184559, 45.323718085204618 ], [ -122.27645651645804, 45.323531084423934 ], [ -122.276311516167297, 45.323466084255266 ], [ -122.276090515825913, 45.32340108422261 ], [ -122.275372514894045, 45.323249084505058 ], [ -122.274876514019027, 45.323066084182322 ], [ -122.274121513355936, 45.323012085174696 ], [ -122.273987513150985, 45.322973085155695 ], [ -122.273923513054967, 45.322955085150753 ], [ -122.273541512201575, 45.322753084492987 ], [ -122.272885510465201, 45.322314082746665 ], [ -122.272565509711569, 45.322131082099077 ], [ -122.272214509026909, 45.321978081704508 ], [ -122.271420507782082, 45.321734081487044 ], [ -122.270947506954016, 45.321559081157275 ], [ -122.270360506432496, 45.321513081888114 ], [ -122.270192506198256, 45.321471081904519 ], [ -122.269841505340153, 45.321258081100886 ], [ -122.269866497307518, 45.318526062794596 ], [ -122.269838467142691, 45.308292994436151 ], [ -122.269835466996582, 45.30824399411334 ], [ -122.269844467016569, 45.308248994132455 ], [ -122.269889467095851, 45.308266994181217 ], [ -122.269984467266198, 45.308305994290741 ], [ -122.270055467366575, 45.308325994311367 ], [ -122.270210467542555, 45.30835499425843 ], [ -122.270360467680263, 45.308371994133147 ], [ -122.27130646842474, 45.308436993060241 ], [ -122.272178469126615, 45.308501992103622 ], [ -122.273046469847557, 45.308573991198372 ], [ -122.273188469992888, 45.308594991111342 ], [ -122.273328470169702, 45.308626991100454 ], [ -122.273397470272414, 45.308647991129739 ], [ -122.273461470384035, 45.308672991193525 ], [ -122.273650470785512, 45.308770991541977 ], [ -122.273846471310051, 45.308908992144048 ], [ -122.273884471412487, 45.308935992262271 ], [ -122.274015471709134, 45.309009992543267 ], [ -122.274152471973792, 45.309071992734872 ], [ -122.274292472195711, 45.30911899282205 ], [ -122.274688472770507, 45.309233992948926 ], [ -122.274892473283217, 45.309365993495277 ], [ -122.274868472243028, 45.309020991250705 ], [ -122.274920472092134, 45.308959990763817 ], [ -122.275021471842066, 45.308855989914193 ], [ -122.27509947153078, 45.308735988995757 ], [ -122.275124471346075, 45.308668988512636 ], [ -122.27514547093584, 45.308526987539935 ], [ -122.275152470088898, 45.308240985637184 ], [ -122.27512446968278, 45.308109984815246 ], [ -122.27507246953644, 45.30807098463989 ], [ -122.275006469444477, 45.308052984625604 ], [ -122.274936469385878, 45.308046984697071 ], [ -122.274647469250311, 45.30805798522875 ], [ -122.27451846917225, 45.308056985426973 ], [ -122.274372469057525, 45.30804698559259 ], [ -122.274225468915503, 45.308027985700079 ], [ -122.274081468727744, 45.307992985696714 ], [ -122.273811468282744, 45.307895985481927 ], [ -122.273743468183852, 45.307875985457095 ], [ -122.273674468102186, 45.307861985473615 ], [ -122.27360146805681, 45.307860985582728 ], [ -122.273532468040429, 45.307868985745202 ], [ -122.273393468069386, 45.307905986211154 ], [ -122.273183468142989, 45.307971986982473 ], [ -122.273042468155793, 45.308003987418729 ], [ -122.27296946813702, 45.308011987587768 ], [ -122.272823468031319, 45.308004987772975 ], [ -122.272750467947361, 45.307990987795819 ], [ -122.272544467617251, 45.307919987650692 ], [ -122.272407467410304, 45.307876987581992 ], [ -122.272269467253139, 45.307850987627859 ], [ -122.271910466958758, 45.307821988003845 ], [ -122.271766466807094, 45.3077989880789 ], [ -122.271696466713237, 45.307780988069936 ], [ -122.271567466499405, 45.307733987961193 ], [ -122.271501466363574, 45.307700987845827 ], [ -122.271386466030918, 45.307610987428127 ], [ -122.271286465677534, 45.307510986919759 ], [ -122.27122846552875, 45.307471986751452 ], [ -122.271095465333602, 45.307431986694908 ], [ -122.270805465100835, 45.307409987006189 ], [ -122.270660464934338, 45.307381987048323 ], [ -122.270523464692843, 45.307326986897465 ], [ -122.270405464376893, 45.307242986522773 ], [ -122.270300464027272, 45.307144986033855 ], [ -122.270189463689036, 45.307051985587478 ], [ -122.270071463370456, 45.306966985205335 ], [ -122.269945463079821, 45.306892984908991 ], [ -122.269820462836989, 45.30683498471781 ], [ -122.269839457583302, 45.305047972742024 ], [ -122.269837452547407, 45.303338961320542 ], [ -122.269832422895945, 45.293274894050271 ], [ -122.269923421954317, 45.292939891684689 ], [ -122.267636420695013, 45.292898894579103 ], [ -122.266395418060597, 45.292209891660796 ], [ -122.266389417115221, 45.291887889501687 ], [ -122.26640141691334, 45.291816889007315 ], [ -122.266435416739768, 45.291751888523244 ], [ -122.26649441663119, 45.291704888126091 ], [ -122.266561416585049, 45.291677887852671 ], [ -122.26663241658477, 45.291665887674746 ], [ -122.266846416689816, 45.291665887381789 ], [ -122.266991416781522, 45.291672887230348 ], [ -122.267642417095317, 45.291670886325676 ], [ -122.268133417365746, 45.291680885720581 ], [ -122.268351417469859, 45.291679885415405 ], [ -122.268788417704982, 45.291686884863971 ], [ -122.27045441849954, 45.291678882529432 ], [ -122.27084241873429, 45.291693882098286 ], [ -122.270850418392882, 45.291576881306774 ], [ -122.270845418080512, 45.291471880613088 ], [ -122.270877414483152, 45.290247872404031 ], [ -122.270907409003996, 45.288386859949455 ], [ -122.270908408726953, 45.288292859321089 ], [ -122.270909408638872, 45.288262859119641 ], [ -122.270930406186721, 45.287428853528787 ], [ -122.270929404907974, 45.286995850641866 ], [ -122.270940403631855, 45.286561847732621 ], [ -122.270951402993347, 45.286343846264231 ], [ -122.27095440235702, 45.286127844819617 ], [ -122.270950401927124, 45.285982843857632 ], [ -122.270931401502153, 45.285841842941679 ], [ -122.270896401152513, 45.285728842233077 ], [ -122.270889401084361, 45.28570684209533 ], [ -122.270863400877658, 45.28564084168859 ], [ -122.270829400670266, 45.285575841298723 ], [ -122.270747400278637, 45.285455840603539 ], [ -122.270607399719097, 45.285287839662274 ], [ -122.269374395207393, 45.283945832265609 ], [ -122.269152394407726, 45.283707830953432 ], [ -122.268634392542097, 45.28315182788171 ], [ -122.26855039222859, 45.283057827357148 ], [ -122.268340391454004, 45.282825826064951 ], [ -122.268040390399563, 45.282511824333596 ], [ -122.267599388779814, 45.282025821619939 ], [ -122.267320387678538, 45.281691819721949 ], [ -122.267234387298089, 45.281574819042014 ], [ -122.267004386140272, 45.281213816898948 ], [ -122.266915385779498, 45.281103816268697 ], [ -122.266809385458316, 45.281009815766666 ], [ -122.266750385315703, 45.280969815570003 ], [ -122.266689385186893, 45.280934815409339 ], [ -122.266557384963093, 45.280877815187573 ], [ -122.266152384367317, 45.280733814713912 ], [ -122.265994384021539, 45.280638814267149 ], [ -122.265918383380622, 45.28043081295867 ], [ -122.265910382964904, 45.280289812018424 ], [ -122.265906381080043, 45.279645807684375 ], [ -122.265920379199883, 45.279000803321914 ], [ -122.265917377303694, 45.278352798959752 ], [ -122.265921376673731, 45.278136797499748 ], [ -122.265919375406725, 45.27770379458488 ], [ -122.265925374145922, 45.277271791667303 ], [ -122.265867368116332, 45.27521777789574 ], [ -122.265852366516825, 45.274672774240663 ], [ -122.26585036546345, 45.274312771817193 ], [ -122.265822364180636, 45.273877768917771 ], [ -122.265816363078969, 45.273501766390801 ], [ -122.265807360795066, 45.272721761144695 ], [ -122.265795360582857, 45.272650760679632 ], [ -122.265775360373453, 45.272581760236925 ], [ -122.265749360167575, 45.272514759814349 ], [ -122.265717359965294, 45.272449759411849 ], [ -122.265638359572549, 45.272325758663847 ], [ -122.265328358244503, 45.271911756215616 ], [ -122.264920356583019, 45.271395753183114 ], [ -122.264446354560903, 45.270763749433243 ], [ -122.264344354213648, 45.270657748828029 ], [ -122.264285354063318, 45.270613748594833 ], [ -122.264224353929777, 45.270575748404305 ], [ -122.264091353716907, 45.27051974817023 ], [ -122.263956353564552, 45.270484748080172 ], [ -122.263886353506408, 45.270473748081777 ], [ -122.263744353418474, 45.270461748154787 ], [ -122.263670353390907, 45.270461748235128 ], [ -122.263525353365935, 45.270471748460224 ], [ -122.26338435337739, 45.270493748762298 ], [ -122.263242353417539, 45.270525749133263 ], [ -122.262964353555105, 45.270608749997763 ], [ -122.262677353660024, 45.270681750804918 ], [ -122.26194535384181, 45.270838752667856 ], [ -122.261884353856658, 45.270851752822679 ], [ -122.261027354111732, 45.271050755111283 ], [ -122.260604354224711, 45.271144756213843 ], [ -122.260111354383156, 45.271263757564512 ], [ -122.25982835444978, 45.271323758283913 ], [ -122.259685354502693, 45.27136075869317 ], [ -122.259269354715059, 45.271488760023551 ], [ -122.259129354768859, 45.271525760430087 ], [ -122.258701354834571, 45.271604761440699 ], [ -122.258562354874115, 45.271636761812474 ], [ -122.258491354904834, 45.271656762027412 ], [ -122.258352354987537, 45.271703762501943 ], [ -122.258217355086089, 45.271755763006404 ], [ -122.257954355325978, 45.271873764104051 ], [ -122.257440355918561, 45.272147766548819 ], [ -122.257313356051228, 45.272210767121273 ], [ -122.257175356122048, 45.272253767569048 ], [ -122.25710135611962, 45.272262767712853 ], [ -122.257026356093789, 45.272263767802926 ], [ -122.256951356036339, 45.272253767817602 ], [ -122.256808355875236, 45.27221676772249 ], [ -122.256801355863971, 45.27221376770968 ], [ -122.25653635546675, 45.272110767296731 ], [ -122.255739354230315, 45.271785765945737 ], [ -122.255522353861167, 45.271685765497566 ], [ -122.255383353630734, 45.271623765224277 ], [ -122.255031353199342, 45.271519764896105 ], [ -122.254960353138131, 45.271507764891567 ], [ -122.254890353091568, 45.271500764920368 ], [ -122.254818353058567, 45.271498764985765 ], [ -122.254749353041035, 45.27150176508227 ], [ -122.254714352919052, 45.27146376485905 ], [ -122.254643352694757, 45.271394764461817 ], [ -122.254002351449316, 45.271043762745073 ], [ -122.253438350857479, 45.270910762443513 ], [ -122.252347349502216, 45.270578761337553 ], [ -122.250607346285875, 45.269674756953883 ], [ -122.249257346445987, 45.269266754251419 ], [ -122.247853348388048, 45.268923750880568 ], [ -122.246625348564123, 45.268099744306809 ], [ -122.245488349782903, 45.267709740812933 ], [ -122.244809350294801, 45.267404738230439 ], [ -122.244161350658359, 45.267072735485385 ], [ -122.243756350775669, 45.266828733518906 ], [ -122.243413350651991, 45.266546731333932 ], [ -122.243192350352857, 45.266290729413562 ], [ -122.243024349903081, 45.266020727433627 ], [ -122.242963349219778, 45.265745725492891 ], [ -122.24284834913918, 45.265638724675476 ], [ -122.241994349242304, 45.265085720276943 ], [ -122.241208349680591, 45.264696717061014 ], [ -122.240704350424465, 45.264604716085785 ], [ -122.240178351351219, 45.264559715419985 ], [ -122.23953735223138, 45.264421714036587 ], [ -122.238911353012867, 45.264261712513104 ], [ -122.237843354047513, 45.263891709250053 ], [ -122.236836354706796, 45.263441705483636 ], [ -122.235791355161268, 45.262903701094032 ], [ -122.234769355483763, 45.262342696569249 ], [ -122.23415135544785, 45.261930693338307 ], [ -122.232716356204904, 45.26125568777509 ], [ -122.231145358206973, 45.260904684348539 ], [ -122.230641359196525, 45.260904684019458 ], [ -122.230031360978074, 45.261091684896975 ], [ -122.229283363739526, 45.261503687216596 ], [ -122.228950364625277, 45.26157668749542 ], [ -122.228345366237434, 45.261709688003755 ], [ -122.227986367523201, 45.261892689013649 ], [ -122.227437369212396, 45.262083689951652 ], [ -122.226857370842524, 45.262235690602509 ], [ -122.22623137242347, 45.262342690915865 ], [ -122.225598373704841, 45.262350690551088 ], [ -122.224912374771975, 45.262258689472155 ], [ -122.224393375362212, 45.262121688199031 ], [ -122.223576375826369, 45.261762685224696 ], [ -122.222745376483928, 45.261457682610832 ], [ -122.222348377395875, 45.261497682621133 ], [ -122.221578379167241, 45.261575682643382 ], [ -122.221448379362059, 45.261556682429358 ], [ -122.221318379534097, 45.261530682168001 ], [ -122.220120380101392, 45.260980677663333 ], [ -122.219426380878573, 45.260801676000717 ], [ -122.218701381913306, 45.260683674731276 ], [ -122.21788538320952, 45.260591673579057 ], [ -122.217595383325374, 45.260454672466444 ], [ -122.21694638414192, 45.260317671121292 ], [ -122.215840384870489, 45.259886667501775 ], [ -122.214749385466035, 45.259428663716399 ], [ -122.214429385729446, 45.259321662791095 ], [ -122.214101386111281, 45.259245662069453 ], [ -122.212193389115953, 45.259039659461827 ], [ -122.211812389606777, 45.258966658728013 ], [ -122.211446389942367, 45.258856657756127 ], [ -122.211045389879274, 45.258609655844289 ], [ -122.21099638987539, 45.258580655618672 ], [ -122.211003389620771, 45.25850965514735 ], [ -122.210988389415405, 45.258440654675411 ], [ -122.210956389266528, 45.258378654239579 ], [ -122.210913389159131, 45.258322653836956 ], [ -122.21080738903369, 45.258225653119595 ], [ -122.210691388954373, 45.25813665244965 ], [ -122.210368388595114, 45.257848650315665 ], [ -122.210254388517569, 45.257761649660864 ], [ -122.210128388527536, 45.257693649125812 ], [ -122.209995388598344, 45.257639648680176 ], [ -122.209856388728255, 45.257599648324572 ], [ -122.209716388877013, 45.257564648001875 ], [ -122.209575389003575, 45.257522647631752 ], [ -122.20936838912985, 45.257443646972483 ], [ -122.209234389177567, 45.25738264647984 ], [ -122.209106389182807, 45.257312645930938 ], [ -122.208736389077686, 45.257075644113044 ], [ -122.208615389013616, 45.25698964346202 ], [ -122.208504388895875, 45.256893642750534 ], [ -122.208409388688992, 45.256780641935599 ], [ -122.208333388401016, 45.256654641045778 ], [ -122.208305388220765, 45.256586640573722 ], [ -122.208234387644623, 45.256379639145841 ], [ -122.208206387477858, 45.256315638700656 ], [ -122.208170387340004, 45.25625563827721 ], [ -122.208128387220299, 45.256197637863437 ], [ -122.208031387046589, 45.256093637108073 ], [ -122.20797838698536, 45.256046636761049 ], [ -122.20775138679214, 45.255865635410707 ], [ -122.207644386646621, 45.255764634669639 ], [ -122.207546386459725, 45.255656633887504 ], [ -122.20717638560204, 45.255205630647126 ], [ -122.207102385306356, 45.255079629760282 ], [ -122.207075385129258, 45.255013629303036 ], [ -122.207041384692502, 45.254868628314121 ], [ -122.207012384001089, 45.254652626854373 ], [ -122.206994383793088, 45.254582626376056 ], [ -122.206967383619173, 45.254517625925615 ], [ -122.206931383468898, 45.254454625483007 ], [ -122.206845383235873, 45.254340624669503 ], [ -122.206420382309901, 45.253843621093857 ], [ -122.205931381010927, 45.253206616548624 ], [ -122.205852380740936, 45.253086615700703 ], [ -122.205780380440359, 45.252961614823832 ], [ -122.205722380085916, 45.252828613902111 ], [ -122.205675379693574, 45.252690612953778 ], [ -122.205565378437569, 45.252270610087834 ], [ -122.205430376708179, 45.251701606214411 ], [ -122.205959375659717, 45.251678606375378 ], [ -122.206696374268887, 45.251666606733124 ], [ -122.206844374018701, 45.251672606861099 ], [ -122.207359373058608, 45.251667607133633 ], [ -122.207432372897401, 45.251659607123578 ], [ -122.207872372129771, 45.251670607458401 ], [ -122.208021371905133, 45.251684607640449 ], [ -122.208610370909014, 45.251708608150871 ], [ -122.209043370208519, 45.251735608588781 ], [ -122.209346369745859, 45.25176260894952 ], [ -122.209781369041039, 45.251789609388915 ], [ -122.209994368602992, 45.251775609421884 ], [ -122.210577367286461, 45.251702609279597 ], [ -122.212459363266433, 45.251532609257175 ], [ -122.21253536313418, 45.251534609315677 ], [ -122.212822362424021, 45.251479609116714 ], [ -122.212965362027916, 45.251439608932948 ], [ -122.213102361602537, 45.25138760866497 ], [ -122.213234361146121, 45.251323608313371 ], [ -122.213425360427721, 45.251213607687568 ], [ -122.213612359680269, 45.25109260698526 ], [ -122.214632355504307, 45.250399602927473 ], [ -122.214755355037411, 45.250326602508622 ], [ -122.214885354598167, 45.250265602174444 ], [ -122.214954354389775, 45.250240602046652 ], [ -122.215094354036268, 45.250210601926725 ], [ -122.215238353742293, 45.250200601943646 ], [ -122.215380353511975, 45.250208602080477 ], [ -122.21551935333369, 45.250230602309813 ], [ -122.215656353188919, 45.250261602598613 ], [ -122.216287352584288, 45.250423604058803 ], [ -122.218076350675247, 45.250828607839537 ], [ -122.218781349951385, 45.250998609402153 ], [ -122.219420349311676, 45.251158610859775 ], [ -122.219705348994765, 45.251220611447053 ], [ -122.219851348793796, 45.251240611668543 ], [ -122.220069348467902, 45.25126261194611 ], [ -122.22029334809173, 45.251272612146217 ], [ -122.220879347051564, 45.25128161255369 ], [ -122.222783343579692, 45.251282613686776 ], [ -122.223075343020994, 45.251274613805286 ], [ -122.223224342720044, 45.251265613832409 ], [ -122.22344534223312, 45.251239613786815 ], [ -122.223665341693518, 45.251196613625282 ], [ -122.223879341116984, 45.251138613358307 ], [ -122.224089340496747, 45.251064612980279 ], [ -122.224894337952904, 45.250727611167207 ], [ -122.225298336721067, 45.250571610345155 ], [ -122.225506336133208, 45.250505610018884 ], [ -122.225717335575297, 45.250450609768933 ], [ -122.226278334259518, 45.250356609458748 ], [ -122.226496333794728, 45.250334609436798 ], [ -122.226638333531128, 45.250332609506351 ], [ -122.226780333299246, 45.250340609643899 ], [ -122.226852333203666, 45.250351609760884 ], [ -122.226922333127476, 45.250367609910711 ], [ -122.22699133306898, 45.250388610093999 ], [ -122.227123333000591, 45.250442610538741 ], [ -122.22724833300164, 45.250514611101977 ], [ -122.227480333130444, 45.250688612422351 ], [ -122.227659333209274, 45.250816613398932 ], [ -122.227910333216286, 45.25096361454758 ], [ -122.228434333089538, 45.251226616648161 ], [ -122.228636332984976, 45.25131061733989 ], [ -122.228848332805129, 45.251376617915163 ], [ -122.229626331975354, 45.251565619664817 ], [ -122.230597331011978, 45.25182662202262 ], [ -122.231026330626563, 45.251955623158821 ], [ -122.231728329970508, 45.2521596249711 ], [ -122.232779328957704, 45.252457627637078 ], [ -122.233335328447012, 45.252624629113036 ], [ -122.233611328238894, 45.25272262994951 ], [ -122.234352327841236, 45.253039632566164 ], [ -122.234482327796428, 45.253103633082993 ], [ -122.234619327701736, 45.253155633521921 ], [ -122.234748327646116, 45.253215634010928 ], [ -122.235693327108422, 45.253614637318236 ], [ -122.235958326974298, 45.253732638288483 ], [ -122.236087326934609, 45.253798638819625 ], [ -122.236527326894119, 45.25405564085105 ], [ -122.236914326804268, 45.254264642521917 ], [ -122.23731032666808, 45.254464644137521 ], [ -122.237976326348644, 45.254772646661984 ], [ -122.240707324929545, 45.25601965693108 ], [ -122.241036324795758, 45.25618465827295 ], [ -122.241356324713053, 45.256361659692651 ], [ -122.242617324543332, 45.257117665698075 ], [ -122.242735324559149, 45.257199666338366 ], [ -122.243114324495437, 45.257424668130739 ], [ -122.243247324437434, 45.257491668677403 ], [ -122.243371324431592, 45.257570669301366 ], [ -122.244019324224539, 45.257924672157486 ], [ -122.24439232415844, 45.258147673935845 ], [ -122.244456324134447, 45.258181674211606 ], [ -122.244576324139501, 45.258262674848027 ], [ -122.244643324106605, 45.258295675118852 ], [ -122.24469732413074, 45.258339675457535 ], [ -122.244760324119966, 45.258377675760443 ], [ -122.244825324090741, 45.25841067603011 ], [ -122.244883324109821, 45.258455676378333 ], [ -122.245074324058336, 45.25856467725422 ], [ -122.245159324013386, 45.258605677592108 ], [ -122.245276323950137, 45.258661678054303 ], [ -122.245488323766978, 45.258739678729562 ], [ -122.245703323516665, 45.258796679261565 ], [ -122.246561322417733, 45.258990681154309 ], [ -122.247187321634385, 45.259139682588305 ], [ -122.24725432156778, 45.259161682783784 ], [ -122.247382321506436, 45.259226683316605 ], [ -122.247505321483246, 45.25930168391568 ], [ -122.247618321527995, 45.259393684626318 ], [ -122.247687321609178, 45.259468685190853 ], [ -122.248150322172222, 45.259979689034353 ], [ -122.248438322547997, 45.260307691497026 ], [ -122.248523322707484, 45.260421692343435 ], [ -122.248769323264781, 45.260785695030272 ], [ -122.248866323388214, 45.260895695857229 ], [ -122.248922323417943, 45.26094469623402 ], [ -122.249040323448341, 45.261036696949915 ], [ -122.249163323423019, 45.261112697558133 ], [ -122.249424323265288, 45.261237698597213 ], [ -122.249562323147131, 45.261291699062753 ], [ -122.249827322963071, 45.261410700063344 ], [ -122.249947322902457, 45.261472700572959 ], [ -122.250055323021101, 45.261542701036255 ], [ -122.250103323155756, 45.261584701281713 ], [ -122.25014532329979, 45.261630701560691 ], [ -122.250181323453262, 45.261680701873232 ], [ -122.250213323625331, 45.261737702238243 ], [ -122.250253324009932, 45.261868703109442 ], [ -122.250292325248296, 45.262300706072295 ], [ -122.250313325459459, 45.262372706551901 ], [ -122.250389325773824, 45.26247470718598 ], [ -122.250500325986266, 45.262536707507778 ], [ -122.250576326073684, 45.262558707586059 ], [ -122.250647326139642, 45.262573707620554 ], [ -122.250726326182644, 45.262579707584798 ], [ -122.250868326235064, 45.262581707459461 ], [ -122.252342326680065, 45.262567705917512 ], [ -122.252548326753526, 45.262569705729419 ], [ -122.256571328042313, 45.262557701703635 ], [ -122.25810532850646, 45.262543700104416 ], [ -122.258832328745456, 45.26254369939204 ], [ -122.260377329227381, 45.262534697816839 ], [ -122.260516329258579, 45.262529697646606 ], [ -122.260589329294191, 45.262533697602336 ], [ -122.260723329390345, 45.262551697593565 ], [ -122.260791329456154, 45.262566697629005 ], [ -122.260995329731813, 45.26263869791886 ], [ -122.261128329946558, 45.262697698189648 ], [ -122.261315330324123, 45.262806698747106 ], [ -122.261981331850123, 45.263256701147611 ], [ -122.262046331976222, 45.263292701327728 ], [ -122.262119332087622, 45.263322701459103 ], [ -122.262229332202665, 45.263349701533393 ], [ -122.262350332231364, 45.263345701386392 ], [ -122.262424332209562, 45.263329701204555 ], [ -122.262495332166395, 45.263306700978227 ], [ -122.262564332105114, 45.263277700713225 ], [ -122.262753331859912, 45.263171699807522 ], [ -122.263487330729959, 45.262699695886802 ], [ -122.263619330575523, 45.262631695296946 ], [ -122.263757330489881, 45.262586694857113 ], [ -122.263897330454412, 45.262558694530455 ], [ -122.264039330457393, 45.262543694289825 ], [ -122.264258330500255, 45.262533694007651 ], [ -122.265420330896831, 45.262538692902915 ], [ -122.265936331051833, 45.262533692363647 ], [ -122.265987331077355, 45.262536692333896 ], [ -122.266124331110717, 45.262532692172712 ], [ -122.266284331160392, 45.262531692009226 ], [ -122.267000331386953, 45.262528691287564 ], [ -122.268095331749763, 45.262529690221555 ], [ -122.269407332160412, 45.262522688889348 ], [ -122.273263333427749, 45.262522685112025 ], [ -122.274444333824803, 45.262525683974999 ], [ -122.275903334277501, 45.262516682486279 ], [ -122.276727334515456, 45.26250568160664 ], [ -122.276802334543078, 45.262506681539769 ], [ -122.277152334687955, 45.262516681262859 ], [ -122.277729334859615, 45.262510680658217 ], [ -122.277837332245468, 45.261624674724246 ], [ -122.277887331208859, 45.261272672360626 ], [ -122.277946330201857, 45.260929670048043 ], [ -122.277984329789248, 45.260787669077821 ], [ -122.278023329427725, 45.260662668218586 ], [ -122.278072328979562, 45.260507667152709 ], [ -122.278123328582836, 45.26036966619688 ], [ -122.278490325408384, 45.259270658628218 ], [ -122.278648324157558, 45.258836655630134 ], [ -122.278709323676125, 45.258669654476797 ], [ -122.278728323475278, 45.258600654006067 ], [ -122.278741323260576, 45.258527653514719 ], [ -122.278723323021424, 45.25844965301922 ], [ -122.278687322794724, 45.258377652579718 ], [ -122.278635322623131, 45.258325652286267 ], [ -122.278274321788601, 45.258083651029182 ], [ -122.277688320348801, 45.257661648791697 ], [ -122.277092318908799, 45.257239646556698 ], [ -122.276797318181778, 45.257025645414167 ], [ -122.275862315817349, 45.256325641638306 ], [ -122.275738315539598, 45.256244641214423 ], [ -122.275604315309636, 45.256180640911559 ], [ -122.275460315136399, 45.25613664074956 ], [ -122.275387315076287, 45.256123640728937 ], [ -122.275238314996926, 45.256111640782805 ], [ -122.275085314964002, 45.256115640946021 ], [ -122.274581314941202, 45.256157641674712 ], [ -122.274013314899364, 45.25619964246124 ], [ -122.273857314889199, 45.256211642680441 ], [ -122.273140314877381, 45.25627864376731 ], [ -122.272634314820479, 45.256309644426842 ], [ -122.272490314787007, 45.2563126445759 ], [ -122.272418314759932, 45.256310644627163 ], [ -122.272275314670509, 45.256294644648946 ], [ -122.272134314549163, 45.25626764459566 ], [ -122.271924314318909, 45.256210644404348 ], [ -122.271099313258759, 45.255933643295933 ], [ -122.270698312696098, 45.255782642645755 ], [ -122.270490312440856, 45.255716642390141 ], [ -122.270347312307877, 45.255685642310205 ], [ -122.270202312212646, 45.255667642318741 ], [ -122.269980312109837, 45.255654642429029 ], [ -122.269754312038344, 45.255652642616297 ], [ -122.269528312008063, 45.25566464289718 ], [ -122.269160312045329, 45.255713643551985 ], [ -122.26880331212088, 45.255774644277857 ], [ -122.268445312181228, 45.255830644971653 ], [ -122.267722312222887, 45.255916646192624 ], [ -122.266277312365901, 45.256109648779983 ], [ -122.26564031246572, 45.256207650010005 ], [ -122.265608309834874, 45.255310643991599 ], [ -122.265595303290738, 45.253072628915348 ], [ -122.265584301808985, 45.25256662551341 ], [ -122.26556730076399, 45.252210623127645 ], [ -122.265565298647772, 45.251486618248116 ], [ -122.265553296333124, 45.250695612925043 ], [ -122.265539295283332, 45.250337610522784 ], [ -122.265519290998455, 45.249251608113752 ], [ -122.265505289715421, 45.248961608081146 ], [ -122.265491289076323, 45.248817608070631 ], [ -122.26544228781421, 45.248534608067494 ], [ -122.265410287178668, 45.248392608071875 ], [ -122.265327285923846, 45.248113608096844 ], [ -122.265297285641623, 45.248051608111723 ], [ -122.26526228542852, 45.24800560813312 ], [ -122.265216285251938, 45.247968608164776 ], [ -122.265162285134821, 45.24794560820505 ], [ -122.265023285024128, 45.247929608315239 ], [ -122.264531284975263, 45.247950608717147 ], [ -122.264019284823448, 45.247949609131908 ], [ -122.263945284766663, 45.247941609190661 ], [ -122.263871284678842, 45.247926609248324 ], [ -122.263800284534199, 45.247898609301593 ], [ -122.26367928410879, 45.247810609386143 ], [ -122.263578283635681, 45.247710609452639 ], [ -122.263395282831809, 45.247541609574974 ], [ -122.262895280821169, 45.247122609915444 ], [ -122.262725280169377, 45.246987610032285 ], [ -122.262500279375558, 45.246824610189272 ], [ -122.26238427899726, 45.246747610271271 ], [ -122.262221278287782, 45.246599610380308 ], [ -122.261916276801969, 45.246287610578811 ], [ -122.261752276125875, 45.246147610689746 ], [ -122.261193273101753, 45.245510611042789 ], [ -122.25996826330973, 45.243417611705077 ], [ -122.259514261625625, 45.243078612017889 ], [ -122.258707259732873, 45.242722612612198 ], [ -122.258255258151863, 45.242408612926717 ], [ -122.25787925336364, 45.241379613066485 ], [ -122.25729525058297, 45.24081461344646 ], [ -122.255628245701786, 45.239884614637432 ], [ -122.254958239913734, 45.23867461498061 ], [ -122.254926237838632, 45.238222614933441 ], [ -122.254761236727873, 45.237994615028931 ], [ -122.254496230315866, 45.236615615018614 ], [ -122.253808224926686, 45.235505615389165 ], [ -122.253434223666986, 45.235268615649566 ], [ -122.252059221657177, 45.234971616699589 ], [ -122.252020220368522, 45.234695616685535 ], [ -122.252944216553857, 45.233768615796727 ], [ -122.253604216020094, 45.233581615239927 ], [ -122.254228217236516, 45.233780614774467 ], [ -122.254778219125328, 45.234135614393011 ], [ -122.25517822191668, 45.234705614165506 ], [ -122.2552632238298, 45.235116614163765 ], [ -122.255563225914528, 45.235543613992647 ], [ -122.255898228771088, 45.236137613820084 ], [ -122.255981230768313, 45.23656861382274 ], [ -122.256142231481348, 45.236709613716492 ], [ -122.256660231644986, 45.236694613299548 ], [ -122.256942231535476, 45.236642613065598 ], [ -122.257019231524652, 45.236632613002378 ], [ -122.257095231536084, 45.236627612940751 ], [ -122.257167231640835, 45.236643612885693 ], [ -122.257253231819746, 45.236674612821794 ], [ -122.257323232109144, 45.236731612774861 ], [ -122.257463233348261, 45.236991612704102 ], [ -122.257732236126131, 45.237579612582003 ], [ -122.257895237656669, 45.237902612502616 ], [ -122.257985238598977, 45.23810261246215 ], [ -122.258204241469187, 45.23871761238393 ], [ -122.258627245465249, 45.239564612178306 ], [ -122.25880324656876, 45.2397936120731 ], [ -122.258904247069026, 45.239895612008056 ], [ -122.25900524753294, 45.239989611941738 ], [ -122.259125247972719, 45.24007661185906 ], [ -122.259181248202111, 45.240122611821299 ], [ -122.2592872488203, 45.240250611756267 ], [ -122.260242252702923, 45.241031611111048 ], [ -122.263040256837385, 45.241718608966657 ], [ -122.267123257263265, 45.241465605642702 ], [ -122.274682275220997, 45.244989600066312 ], [ -122.275838276318765, 45.245157599156506 ], [ -122.278041277552447, 45.245278597393728 ], [ -122.279126277534672, 45.245190596504806 ], [ -122.280011276587643, 45.244896595749026 ], [ -122.28121927497304, 45.244415594707256 ], [ -122.281347274991177, 45.24440959460312 ], [ -122.280776272931504, 45.243964595002659 ], [ -122.280690273073915, 45.244005595077681 ], [ -122.280408272481367, 45.243887595288903 ], [ -122.279889271178718, 45.243620595670585 ], [ -122.279683270416299, 45.243456595813925 ], [ -122.279584269640239, 45.243280595869294 ], [ -122.279553268824742, 45.243089595867744 ], [ -122.279591267587477, 45.242792595795848 ], [ -122.279683267233352, 45.242700595708939 ], [ -122.2797292666733, 45.242563595652825 ], [ -122.279683266079758, 45.242426595670885 ], [ -122.279454265995895, 45.242426595855328 ], [ -122.279134266359563, 45.24254059612894 ], [ -122.27852326641154, 45.242605596630185 ], [ -122.27790526620376, 45.24260959712862 ], [ -122.277089265388938, 45.242487597768765 ], [ -122.275746263609946, 45.242185598807509 ], [ -122.275220262783051, 45.242037599209894 ], [ -122.274632260911716, 45.241651599627914 ], [ -122.274091258828832, 45.241213600000222 ], [ -122.272626255603427, 45.240595601088813 ], [ -122.271046252999483, 45.240137602291625 ], [ -122.268880250137599, 45.239679603963687 ], [ -122.268102248820654, 45.239450604554193 ], [ -122.267331246497292, 45.238992605104428 ], [ -122.266087243546338, 45.238439606018979 ], [ -122.264806240798706, 45.237940606970177 ], [ -122.263707238902185, 45.237619607801712 ], [ -122.262990237301153, 45.237329608331493 ], [ -122.262311235541688, 45.237001608824592 ], [ -122.261525233147211, 45.236543609382743 ], [ -122.260793230565639, 45.236040609890061 ], [ -122.260220228231347, 45.235578610276008 ], [ -122.259724225759442, 45.235079610594212 ], [ -122.256848208855175, 45.231649612344889 ], [ -122.256627205936567, 45.231031612422129 ], [ -122.255978202266135, 45.230299612820957 ], [ -122.255429198632555, 45.229566613139369 ], [ -122.255231198004466, 45.229452613278241 ], [ -122.254790194855119, 45.228815613525548 ], [ -122.256201195725879, 45.228833612409211 ], [ -122.2606242173742, 45.233113609568527 ], [ -122.261627221245917, 45.233868608886191 ], [ -122.261756222429369, 45.234119608822184 ], [ -122.261884226882529, 45.235103608872457 ], [ -122.262078227789829, 45.235286608745803 ], [ -122.264019232145444, 45.236064607313914 ], [ -122.264375232307899, 45.236064607029206 ], [ -122.264764230867087, 45.235698606662375 ], [ -122.264797229065167, 45.235287606573401 ], [ -122.264667228093231, 45.235081606645906 ], [ -122.263924225309708, 45.234532607155408 ], [ -122.26363322222835, 45.233869607286074 ], [ -122.262696215255161, 45.232405607807863 ], [ -122.262696212406482, 45.231765607709214 ], [ -122.263311212622483, 45.231742607216241 ], [ -122.26379721318014, 45.231811606840019 ], [ -122.264444212908032, 45.231674606304175 ], [ -122.266029213531851, 45.231629605036062 ], [ -122.266515211774831, 45.231172604580465 ], [ -122.266612210019261, 45.230761604441398 ], [ -122.266483209044821, 45.23055560451288 ], [ -122.265998207274919, 45.230212604846507 ], [ -122.264898205161231, 45.229868605668067 ], [ -122.264413202976073, 45.229434605986981 ], [ -122.26350919750179, 45.228313606532566 ], [ -122.262442193026473, 45.227444607244252 ], [ -122.2622801913015, 45.227078607316024 ], [ -122.262378187384328, 45.226186607100693 ], [ -122.26221718636998, 45.225980607196149 ], [ -122.262088183746187, 45.225409607209841 ], [ -122.262865181673519, 45.224837606507776 ], [ -122.263189179744259, 45.224358606178306 ], [ -122.263189175473514, 45.223397606030595 ], [ -122.262899171018816, 45.222437606111392 ], [ -122.262447167771796, 45.221774606364995 ], [ -122.261315162729531, 45.2208136071064 ], [ -122.259246157112429, 45.219874608585052 ], [ -122.259085155768375, 45.219600608668323 ], [ -122.259053152761027, 45.218937608589059 ], [ -122.256209140169034, 45.216603610446349 ], [ -122.255724136692592, 45.215917610715664 ], [ -122.25378512886833, 45.214522612005069 ], [ -122.253203125068282, 45.213790612340141 ], [ -122.252687119838029, 45.212738612570867 ], [ -122.25233311146232, 45.210977612558686 ], [ -122.251720104326296, 45.209536612798786 ], [ -122.251657100905703, 45.20880561272773 ], [ -122.251764097320248, 45.208007612513939 ], [ -122.252503088893576, 45.20603661161968 ], [ -122.253519086321887, 45.205279610711642 ], [ -122.253788083234326, 45.204552610386045 ], [ -122.253930083499839, 45.204582610281363 ], [ -122.25407408366641, 45.2045906101716 ], [ -122.254147083709441, 45.204585610114478 ], [ -122.254219083724152, 45.204574610057158 ], [ -122.25436208372075, 45.204545609942102 ], [ -122.254994083411447, 45.204352609423509 ], [ -122.255268083308877, 45.204275609199804 ], [ -122.255477083339088, 45.204240609033008 ], [ -122.255620083432447, 45.204232608921458 ], [ -122.255897083770279, 45.204251608710898 ], [ -122.256450084653423, 45.204335608297853 ], [ -122.256669084919935, 45.20435060813135 ], [ -122.256892085121976, 45.204350607959356 ], [ -122.257113085272366, 45.204339607787141 ], [ -122.257332085366713, 45.204316607614615 ], [ -122.25797908544267, 45.204203607097732 ], [ -122.258267085546223, 45.204168606870127 ], [ -122.258484085666709, 45.204151606700115 ], [ -122.258630085772339, 45.204145606586593 ], [ -122.258776085918583, 45.204148606474469 ], [ -122.258992086209474, 45.204169606311247 ], [ -122.259063086323494, 45.204180606258213 ], [ -122.259347086842411, 45.204238606048342 ], [ -122.259561087265922, 45.204289605891326 ], [ -122.259842087871078, 45.204367605686855 ], [ -122.260119088521392, 45.204456605487152 ], [ -122.260392089239133, 45.204561605292966 ], [ -122.260660090000812, 45.204677605104337 ], [ -122.260856090625182, 45.204777604968662 ], [ -122.261236091910732, 45.204988604708277 ], [ -122.261372092296426, 45.205047604612446 ], [ -122.261441092465489, 45.205071604562931 ], [ -122.261583092753497, 45.205107604458895 ], [ -122.261732092980679, 45.205128604347138 ], [ -122.261881093140801, 45.205134604233059 ], [ -122.261957093199896, 45.205132604174068 ], [ -122.262180093328112, 45.20511660399945 ], [ -122.263352093728784, 45.204970603072326 ], [ -122.263718093893004, 45.204933602784173 ], [ -122.263936094035515, 45.204921602614114 ], [ -122.264153094230352, 45.204921602446646 ], [ -122.264296094394197, 45.204929602337494 ], [ -122.26458109483147, 45.204970602123801 ], [ -122.265079095724431, 45.205071601754788 ], [ -122.265363096256849, 45.205134601545133 ], [ -122.265574096710324, 45.205194601391355 ], [ -122.265710097047901, 45.205243601293766 ], [ -122.265777097244381, 45.205274601246728 ], [ -122.265900097662595, 45.205344601162352 ], [ -122.26602009811316, 45.205422601081501 ], [ -122.266135098607407, 45.205511601006137 ], [ -122.266351099648617, 45.20570460086843 ], [ -122.266668101226173, 45.205999600668001 ], [ -122.266923102588564, 45.206258600509891 ], [ -122.267167103996456, 45.206530600362164 ], [ -122.267269104629634, 45.206654600301874 ], [ -122.267354105151142, 45.206756600251445 ], [ -122.267488106026249, 45.206929600173737 ], [ -122.268178110343541, 45.207779599766823 ], [ -122.268515112331826, 45.208168599563813 ], [ -122.268668113156423, 45.208327599468944 ], [ -122.268777113672414, 45.208424599398924 ], [ -122.268897114153816, 45.208511599318854 ], [ -122.269022114595515, 45.208588599233401 ], [ -122.269149115012468, 45.208659599145498 ], [ -122.269413115780054, 45.208784598959419 ], [ -122.269546116135984, 45.208840598864583 ], [ -122.270212117791843, 45.209092598385396 ], [ -122.270960119580721, 45.209360597844643 ], [ -122.271792121485632, 45.209640597240103 ], [ -122.273049124239023, 45.210037596322202 ], [ -122.274034126296215, 45.210327595599232 ], [ -122.274310126921534, 45.210420595398269 ], [ -122.276658132738405, 45.211335593704192 ], [ -122.277200134037599, 45.211538593311396 ], [ -122.277550134768532, 45.211644593054153 ], [ -122.277905135413477, 45.211729592789965 ], [ -122.278264136014215, 45.211803592521065 ], [ -122.278989137151541, 45.211935591975482 ], [ -122.279495137913656, 45.212020591593607 ], [ -122.279708138306617, 45.212073591435221 ], [ -122.279848138594843, 45.212115591332143 ], [ -122.280193139386412, 45.212238591080677 ], [ -122.280873141071254, 45.212511590589031 ], [ -122.281684143000206, 45.212819589999825 ], [ -122.281668146621854, 45.213688590131476 ], [ -122.282031156735201, 45.216042590170488 ], [ -122.282051160471426, 45.216933590276724 ], [ -122.282190164872461, 45.217963590308692 ], [ -122.282094167188546, 45.218534590461992 ], [ -122.282116171784807, 45.21963159059473 ], [ -122.281992173324397, 45.2200205907453 ], [ -122.280799179408334, 45.221665591909016 ], [ -122.280612180917458, 45.222054592109849 ], [ -122.280671185655876, 45.22317459221798 ], [ -122.280497186695101, 45.223448592392977 ], [ -122.279631187875694, 45.223859593132865 ], [ -122.279720189375638, 45.224202593110277 ], [ -122.280054190160314, 45.224339592865732 ], [ -122.282408192869099, 45.224637591048619 ], [ -122.283505194873271, 45.224956590225787 ], [ -122.284483197847109, 45.225529589530559 ], [ -122.284855199871998, 45.225964589294975 ], [ -122.285113202382632, 45.226534589167379 ], [ -122.286010207911403, 45.22774758861933 ], [ -122.286221210004896, 45.228226588515881 ], [ -122.286548211699895, 45.228593588305408 ], [ -122.28685321272188, 45.228800588090955 ], [ -122.287120213614202, 45.228981587903085 ], [ -122.287597215752584, 45.229438587584916 ], [ -122.287927216404938, 45.229553587338074 ], [ -122.289590217317411, 45.229553586017865 ], [ -122.290095217517347, 45.229534585614502 ], [ -122.290893217902749, 45.229521584979338 ], [ -122.291356218100375, 45.229507584609983 ], [ -122.290931220690254, 45.230204585037136 ], [ -122.290613222513898, 45.230696585353272 ], [ -122.290245224514678, 45.231237585715832 ], [ -122.290171224983524, 45.231362585790883 ], [ -122.290139225230817, 45.231427585824733 ], [ -122.290117225495564, 45.231495585851057 ], [ -122.290107225774719, 45.23156558586809 ], [ -122.290107226059106, 45.231635585877164 ], [ -122.290116226352211, 45.231706585879174 ], [ -122.290136226634701, 45.231773585871935 ], [ -122.290165226913714, 45.231838585857275 ], [ -122.290202227176479, 45.231898585835609 ], [ -122.290245227430091, 45.231955585808755 ], [ -122.290345227899664, 45.232058585742486 ], [ -122.290564228786735, 45.232249585592776 ], [ -122.290956230287009, 45.232570585321987 ], [ -122.291584232661862, 45.233079584886987 ], [ -122.292426235910497, 45.233781584305369 ], [ -122.293219238909998, 45.234431583755196 ], [ -122.293775241057517, 45.234900583370589 ], [ -122.294173242555303, 45.235227583093888 ], [ -122.29428224299464, 45.235324583019 ], [ -122.294388243452303, 45.235426582947134 ], [ -122.294486243937968, 45.235536582882624 ], [ -122.294576244447612, 45.235653582825393 ], [ -122.294655244971878, 45.235775582777549 ], [ -122.294874246570785, 45.236150582649422 ], [ -122.29495324708202, 45.236269582601153 ], [ -122.295047247551821, 45.23637658253935 ], [ -122.295151247977969, 45.236471582468035 ], [ -122.295207248174762, 45.236514582428597 ], [ -122.295267248353369, 45.236552582385343 ], [ -122.295328248508412, 45.236584582340498 ], [ -122.295467248782117, 45.236637582235915 ], [ -122.295607248996276, 45.236675582128605 ], [ -122.295749249163393, 45.236701582018206 ], [ -122.295894249295927, 45.236718581904285 ], [ -122.296109249431836, 45.236728581733473 ], [ -122.296774249713209, 45.236724581200747 ], [ -122.29721824987999, 45.236716580844444 ], [ -122.297936250189181, 45.236713580269459 ], [ -122.299246250700278, 45.236694579218764 ], [ -122.301444251613532, 45.23667657745758 ], [ -122.301811251781757, 45.236677577164009 ], [ -122.301959251863579, 45.236681577046049 ], [ -122.30217825203556, 45.236700576873041 ], [ -122.302328252203779, 45.236726576756098 ], [ -122.302469252437845, 45.236770576648446 ], [ -122.302537252588664, 45.236801576597692 ], [ -122.302666252949166, 45.236879576503654 ], [ -122.302779253356675, 45.236971576424089 ], [ -122.303031254504177, 45.237238576253851 ], [ -122.303417256351253, 45.237671575995684 ], [ -122.303521256779675, 45.237770575923967 ], [ -122.303634257184626, 45.23786257584424 ], [ -122.30374925755531, 45.237945575761835 ], [ -122.303872257913696, 45.238024575672512 ], [ -122.303997258249439, 45.238097575580873 ], [ -122.304389259177469, 45.238294575289665 ], [ -122.304524259450844, 45.238350575187965 ], [ -122.304661259694029, 45.2383985750837 ], [ -122.304801259892059, 45.238434574975656 ], [ -122.304943260040659, 45.238457574864448 ], [ -122.305089260156265, 45.238471574748985 ], [ -122.305453260356089, 45.238483574458506 ], [ -122.307128261089844, 45.238490573116152 ], [ -122.307854261373336, 45.238484572533309 ], [ -122.309315262016526, 45.238491571362516 ], [ -122.310408262455084, 45.238485570485381 ], [ -122.310773262658174, 45.238498570194146 ], [ -122.310848262723709, 45.238507570134999 ], [ -122.31092226283026, 45.238527570077871 ], [ -122.31099326297695, 45.23855857002436 ], [ -122.311056263184184, 45.238606569979133 ], [ -122.311104263460393, 45.238674569948202 ], [ -122.311120263734367, 45.238745569943191 ], [ -122.311128264264738, 45.238885569952288 ], [ -122.311121265338485, 45.239171569989551 ], [ -122.31109826613843, 45.239386570031812 ], [ -122.311099266673452, 45.239528570046744 ], [ -122.311108266940622, 45.239598570047278 ], [ -122.311144267184886, 45.239659570025097 ], [ -122.311194267378283, 45.239705569990065 ], [ -122.31125526752335, 45.239737569944602 ], [ -122.311321267606459, 45.239752569893255 ], [ -122.311565267701312, 45.239751569697205 ], [ -122.312045267824018, 45.239732569309673 ], [ -122.313145268235232, 45.23972356842539 ], [ -122.313877268538775, 45.239725567837787 ], [ -122.314968268924417, 45.239710566960142 ], [ -122.315331269071294, 45.239710566668649 ], [ -122.316261269499364, 45.239724565923332 ], [ -122.31623326441148, 45.238349565799957 ], [ -122.316227261735847, 45.23762556572796 ], [ -122.316242259349991, 45.236977565647166 ], [ -122.316233259087596, 45.236907565646966 ], [ -122.316208258843858, 45.236844565660292 ], [ -122.31616525863268, 45.2367925656892 ], [ -122.316113258461698, 45.236752565726547 ], [ -122.316054258313443, 45.236719565770287 ], [ -122.315991258200299, 45.236696565818242 ], [ -122.315921258113519, 45.236681565872679 ], [ -122.315849258051713, 45.236673565929436 ], [ -122.315486257866951, 45.236667566219289 ], [ -122.315120257643727, 45.236651566510467 ], [ -122.31322925626985, 45.236510568008399 ], [ -122.313083256151828, 45.236496568123698 ], [ -122.312937255992622, 45.236471568237768 ], [ -122.31279125575476, 45.236425568349567 ], [ -122.312721255607187, 45.23639456840219 ], [ -122.312655255442621, 45.236358568451031 ], [ -122.312534255069593, 45.236273568538564 ], [ -122.312257254078148, 45.236042568734781 ], [ -122.31210325342272, 45.235886568840826 ], [ -122.312011252945283, 45.23577056890165 ], [ -122.31197325268387, 45.235705568924878 ], [ -122.311950252406817, 45.23563456893546 ], [ -122.311937252126825, 45.235561568937804 ], [ -122.311932251587862, 45.23541856892605 ], [ -122.311937250239097, 45.235058568882529 ], [ -122.311933248893652, 45.234700568846343 ], [ -122.311957246195647, 45.23397856874778 ], [ -122.311957242108988, 45.232889568628096 ], [ -122.311962240745572, 45.232525568584087 ], [ -122.311952236650015, 45.231435568472229 ], [ -122.311967232856574, 45.230422568348942 ], [ -122.311962232313519, 45.230278568337106 ], [ -122.311940231772496, 45.230137568339075 ], [ -122.311894231240913, 45.230002568360767 ], [ -122.311860230978468, 45.229937568380613 ], [ -122.311833230824888, 45.229900568397987 ], [ -122.311777230501519, 45.229822568433882 ], [ -122.311677230071396, 45.229722568502268 ], [ -122.311622229872256, 45.229677568541 ], [ -122.311501229516622, 45.229600568628555 ], [ -122.311373229213302, 45.229538568723335 ], [ -122.311241228963979, 45.229491568822937 ], [ -122.311102228755828, 45.229456568929379 ], [ -122.310961228587843, 45.229432569038636 ], [ -122.310747228402192, 45.229414569206511 ], [ -122.310384228187232, 45.229410569494199 ], [ -122.309130227507993, 45.229413570489903 ], [ -122.308028226893526, 45.229411571364366 ], [ -122.307661226664706, 45.229404571654875 ], [ -122.306928226291575, 45.229412572237585 ], [ -122.304362224828296, 45.229399574272847 ], [ -122.301802223340133, 45.229379576302399 ], [ -122.300711222785736, 45.229391577169793 ], [ -122.299603222245921, 45.22940957805141 ], [ -122.297407221084001, 45.22942157979594 ], [ -122.296312220528819, 45.229433580666587 ], [ -122.294121219491132, 45.229475582411027 ], [ -122.293576219199522, 45.229477582843892 ], [ -122.293528217374885, 45.229029582825333 ], [ -122.293484215937283, 45.22867758281572 ], [ -122.293429214464908, 45.228318582813905 ], [ -122.293346211899589, 45.227691582800297 ], [ -122.293424211892216, 45.227678582736864 ], [ -122.296170215929436, 45.228296580638229 ], [ -122.299077214620894, 45.227545578242463 ], [ -122.299139214692076, 45.227554578194436 ], [ -122.300328216059867, 45.227728577273616 ], [ -122.301602217146694, 45.227819576275166 ], [ -122.301816217300541, 45.227827576106549 ], [ -122.302777217967858, 45.227857575348686 ], [ -122.303899218038168, 45.227709574442329 ], [ -122.304227217531519, 45.227529574161451 ], [ -122.304578217190297, 45.227388573866982 ], [ -122.304784217294241, 45.227384573703389 ], [ -122.30499721752166, 45.227411573537843 ], [ -122.306210219439492, 45.227728572613707 ], [ -122.307423221460922, 45.228075571692266 ], [ -122.310506225175445, 45.228594569306608 ], [ -122.311749226602984, 45.228788568342267 ], [ -122.313039228068504, 45.228987567340738 ], [ -122.314961230240428, 45.229284565847756 ], [ -122.315625230803448, 45.229337565326411 ], [ -122.316289231228851, 45.229353564801109 ], [ -122.318486232356406, 45.229330563054965 ], [ -122.319280232918615, 45.229364562428316 ], [ -122.320073233563207, 45.229421561804777 ], [ -122.322797236052693, 45.229696559670117 ], [ -122.322945236137187, 45.229697559552733 ], [ -122.323004236266527, 45.229724559508576 ], [ -122.32313823651225, 45.229772559406982 ], [ -122.323268236730456, 45.22981355930785 ], [ -122.323414236978763, 45.229860559196581 ], [ -122.324038237970257, 45.230042558719056 ], [ -122.324317238450533, 45.230134558506563 ], [ -122.325162239802154, 45.230385557859911 ], [ -122.325508240372457, 45.230493557595508 ], [ -122.325581240475586, 45.230511557539273 ], [ -122.32564924062585, 45.230543557488332 ], [ -122.325716240796879, 45.230581557438825 ], [ -122.325779240990585, 45.230626557393109 ], [ -122.3258062410832, 45.230648557373812 ], [ -122.32592924151848, 45.230752557286166 ], [ -122.326435240613307, 45.230421556851852 ], [ -122.327227239255933, 45.229917556174009 ], [ -122.327721238416288, 45.229603555751581 ], [ -122.328064237853582, 45.229390555458927 ], [ -122.328400237331266, 45.229189555173114 ], [ -122.328720236865252, 45.229006554901801 ], [ -122.329050236501274, 45.228850554625261 ], [ -122.329255236307148, 45.22876255445432 ], [ -122.329462236149709, 45.228684554282779 ], [ -122.329871235899859, 45.228547553945553 ], [ -122.330077235792075, 45.228483553776208 ], [ -122.330504235645492, 45.228372553427285 ], [ -122.331164235468805, 45.228214552889398 ], [ -122.331381235425084, 45.228166552712935 ], [ -122.331594235348106, 45.228109552538861 ], [ -122.333451234860377, 45.227661551026429 ], [ -122.334179234653732, 45.227479550433358 ], [ -122.334539234539193, 45.2273855501398 ], [ -122.334817234405421, 45.227299549911976 ], [ -122.33501823427892, 45.227228549746449 ], [ -122.335217234124258, 45.227149549581853 ], [ -122.33541223393695, 45.227061549419666 ], [ -122.335613233715989, 45.226962549251752 ], [ -122.335815233513316, 45.226868549083541 ], [ -122.336655232628161, 45.22646354838318 ], [ -122.336997232317771, 45.226312548099415 ], [ -122.337267232071056, 45.226192547875407 ], [ -122.33776923154069, 45.225947547457146 ], [ -122.338744230449223, 45.225450546643586 ], [ -122.338945230281368, 45.225364546477394 ], [ -122.339286230078145, 45.225242546197556 ], [ -122.339425230031779, 45.225203546084423 ], [ -122.339779229975818, 45.225122545797909 ], [ -122.340141229965852, 45.225053545506107 ], [ -122.340797230016534, 45.224948544979149 ], [ -122.341309230100677, 45.224879544569035 ], [ -122.341454230143157, 45.224865544453365 ], [ -122.34174423027163, 45.224850544223102 ], [ -122.342040230440475, 45.224846543989045 ], [ -122.342333230647355, 45.22485454375834 ], [ -122.342621230904186, 45.22487854353291 ], [ -122.342834231137942, 45.224909543367254 ], [ -122.343631232093529, 45.225050542749344 ], [ -122.343997232469462, 45.225096542463987 ], [ -122.344435232846095, 45.225129542120698 ], [ -122.344952233250893, 45.225156541714512 ], [ -122.345891234007865, 45.225212540977218 ], [ -122.347142234982783, 45.225277539994046 ], [ -122.348020235679826, 45.225327539304274 ], [ -122.348747236345247, 45.225396538735197 ], [ -122.349186236782913, 45.225449538392382 ], [ -122.350705238422307, 45.22567353720892 ], [ -122.351143238843392, 45.225722536866378 ], [ -122.351362239026557, 45.225738536694486 ], [ -122.351657239236275, 45.225748536462056 ], [ -122.352597239780522, 45.225741535718505 ], [ -122.352917239963872, 45.225738535465339 ], [ -122.353441240232272, 45.225723535050044 ], [ -122.353590240287332, 45.225712534931461 ], [ -122.353812240323307, 45.225681534753761 ], [ -122.354029240315413, 45.225637534579064 ], [ -122.354526240206312, 45.225507534176941 ], [ -122.359175239040411, 45.224215530415869 ], [ -122.361520238500745, 45.22355852852251 ], [ -122.361861238415344, 45.223459528247162 ], [ -122.36219223830328, 45.223353527979341 ], [ -122.362352238228922, 45.223295527849473 ], [ -122.362581238080551, 45.223198527662696 ], [ -122.3627982378826, 45.22308752748453 ], [ -122.362932237726014, 45.223007527373781 ], [ -122.363060237544673, 45.222920527267362 ], [ -122.36318023734637, 45.222829527166979 ], [ -122.363292237125123, 45.222732527072559 ], [ -122.363397236872416, 45.222626526983085 ], [ -122.363493236596085, 45.222514526900319 ], [ -122.36362123612335, 45.222330526787843 ], [ -122.363696235779713, 45.222200526720535 ], [ -122.36373023559365, 45.222131526689395 ], [ -122.363787235217472, 45.221994526635854 ], [ -122.363855234631529, 45.221785526569079 ], [ -122.36388623421459, 45.221640526535502 ], [ -122.363936233152941, 45.221277526473195 ], [ -122.364161226672238, 45.219076526157444 ], [ -122.364326226793295, 45.21907852602812 ], [ -122.365342227486678, 45.219073525230783 ], [ -122.366425228244807, 45.219074524381313 ], [ -122.368002229397646, 45.219092523145285 ], [ -122.369952230806632, 45.219109521616524 ], [ -122.370337231083667, 45.219112521314671 ], [ -122.371791232108336, 45.219116520174232 ], [ -122.372149232349059, 45.219113519893227 ], [ -122.372438232573543, 45.219121519666935 ], [ -122.372582232711494, 45.219134519554707 ], [ -122.372721232906585, 45.219168519447493 ], [ -122.372787233030536, 45.219195519397232 ], [ -122.372849233177703, 45.219231519350593 ], [ -122.372903233348111, 45.219277519310744 ], [ -122.372948233532398, 45.219330519278373 ], [ -122.37296023361003, 45.219354519270276 ], [ -122.372980233733642, 45.219392519256672 ], [ -122.373002233942302, 45.219459519243131 ], [ -122.373014234149821, 45.219528519237507 ], [ -122.373031234978512, 45.219811519239755 ], [ -122.373038236443989, 45.220317519262139 ], [ -122.373007239546709, 45.221399519346129 ], [ -122.372997242245432, 45.222336519405644 ], [ -122.373001244534692, 45.223128519446149 ], [ -122.37301324537961, 45.223418519452686 ], [ -122.373037245813407, 45.223563519441747 ], [ -122.373061246033558, 45.223634519426732 ], [ -122.373091246245878, 45.223701519406781 ], [ -122.373130246449406, 45.223763519379425 ], [ -122.373217246844618, 45.223881519317295 ], [ -122.373319247217225, 45.22398851924271 ], [ -122.373428247568, 45.224086519162078 ], [ -122.373842248695581, 45.224388518851868 ], [ -122.374378250112898, 45.224766518449194 ], [ -122.374618250713439, 45.224924518268182 ], [ -122.375062251697841, 45.225173517930813 ], [ -122.375179251989238, 45.225250517842497 ], [ -122.375287252326288, 45.225345517762214 ], [ -122.375370252702069, 45.225459517702681 ], [ -122.375390252828353, 45.225499517688988 ], [ -122.375434253108907, 45.225588517658963 ], [ -122.375443253188536, 45.225614517653192 ], [ -122.375457253319652, 45.225657517644414 ], [ -122.375473253528938, 45.225727517635477 ], [ -122.37548925394357, 45.225869517630322 ], [ -122.375486254144235, 45.225940517636467 ], [ -122.375476254335055, 45.226009517648016 ], [ -122.375457254523354, 45.22607951766674 ], [ -122.375427254690834, 45.226144517693918 ], [ -122.37538825484161, 45.226205517727983 ], [ -122.375340254967099, 45.226259517768796 ], [ -122.375288255078871, 45.226309517812574 ], [ -122.375231255167776, 45.226352517859972 ], [ -122.375106255287818, 45.226420517962445 ], [ -122.374903255367613, 45.226490518126781 ], [ -122.374479255440448, 45.226603518468274 ], [ -122.374127255534063, 45.226708518752446 ], [ -122.373984255607866, 45.226763518868616 ], [ -122.373718255813884, 45.226889519085979 ], [ -122.372755256798541, 45.227425519877841 ], [ -122.372563257017248, 45.227539520036252 ], [ -122.372444257200399, 45.227626520135331 ], [ -122.37239025731698, 45.22767752018094 ], [ -122.372343257460841, 45.227736520221441 ], [ -122.372304257632564, 45.22780352025611 ], [ -122.372281257830878, 45.227876520278393 ], [ -122.372276258045304, 45.227951520286531 ], [ -122.372286258268318, 45.228026520282782 ], [ -122.372312258488819, 45.228097520266147 ], [ -122.372395258898067, 45.228222520207339 ], [ -122.372442259086867, 45.22827852017317 ], [ -122.372650259812119, 45.228488520019944 ], [ -122.372914260662839, 45.228731519824002 ], [ -122.373577262709944, 45.229313519329978 ], [ -122.373680263063207, 45.229416519253817 ], [ -122.37376926344011, 45.229530519189396 ], [ -122.373845263838348, 45.229654519135785 ], [ -122.373863263945935, 45.229688519123364 ], [ -122.373913264249211, 45.229784519088888 ], [ -122.37403926530034, 45.230126519007356 ], [ -122.374275267364581, 45.23080151885631 ], [ -122.374376268396091, 45.231142518794371 ], [ -122.374489269776802, 45.231603518729329 ], [ -122.3745252702454, 45.231760518709116 ], [ -122.374760272748404, 45.232592518566648 ], [ -122.374801273375795, 45.232804518545329 ], [ -122.37481327379102, 45.232947518543398 ], [ -122.374810274198708, 45.23309051855346 ], [ -122.374790274569378, 45.233223518576501 ], [ -122.374777274797594, 45.233305518591273 ], [ -122.374674275949204, 45.233725518695891 ], [ -122.374615276521823, 45.233935518754222 ], [ -122.37452627769639, 45.234360518848092 ], [ -122.374434279495588, 45.235003518956148 ], [ -122.374427279913746, 45.23515051896964 ], [ -122.374451280343521, 45.235296518958329 ], [ -122.374475280555387, 45.235366518942911 ], [ -122.374545280960533, 45.23549651889396 ], [ -122.374636281329259, 45.235610518827357 ], [ -122.374891282191001, 45.235870518637412 ], [ -122.375322283499202, 45.236259518313432 ], [ -122.375580284348871, 45.236516518120652 ], [ -122.375873285420013, 45.236846517903558 ], [ -122.375983285747822, 45.236944517820653 ], [ -122.376160286207252, 45.237078517685966 ], [ -122.376411286761055, 45.237234517493135 ], [ -122.376603287148953, 45.237341517344959 ], [ -122.377716289173861, 45.237886516481318 ], [ -122.377910289550428, 45.237990516331116 ], [ -122.378033289808741, 45.238063516236245 ], [ -122.378216290227485, 45.238184516095671 ], [ -122.378510290965195, 45.238402515870952 ], [ -122.378789291748106, 45.238639515659052 ], [ -122.379060292537005, 45.238880515453687 ], [ -122.37926729320526, 45.239088515297922 ], [ -122.379451293913192, 45.239314515161425 ], [ -122.379876295501973, 45.239821514845104 ], [ -122.380129296342275, 45.240086514654848 ], [ -122.3803832971616, 45.240344514463324 ], [ -122.380683298163817, 45.240662514237613 ], [ -122.38099229913351, 45.240968514003882 ], [ -122.38185330192448, 45.24185851335352 ], [ -122.381962302233021, 45.241955513270348 ], [ -122.382138302665396, 45.242088513134917 ], [ -122.382261302936996, 45.242170513039717 ], [ -122.38245830329619, 45.242274512885949 ], [ -122.382595303497965, 45.242329512778184 ], [ -122.382802303769168, 45.242400512614765 ], [ -122.383016304006844, 45.242458512445069 ], [ -122.383085304092432, 45.242480512390522 ], [ -122.383157304162637, 45.242496512333247 ], [ -122.384225305193766, 45.242731511483576 ], [ -122.384658305579109, 45.242815511138446 ], [ -122.385021305864882, 45.242872510848485 ], [ -122.386469306952151, 45.243082509690701 ], [ -122.386831307242844, 45.24314250940148 ], [ -122.387194307514449, 45.243195509111118 ], [ -122.38755330780819, 45.243257508824321 ], [ -122.387797307988407, 45.243292508629082 ], [ -122.38900330888076, 45.243467507663944 ], [ -122.390090309662128, 45.243618506793425 ], [ -122.390243309763136, 45.24363650667074 ], [ -122.39052130994726, 45.243669506447837 ], [ -122.390590310005592, 45.243682506392695 ], [ -122.391241310363839, 45.243732505869573 ], [ -122.391532310485999, 45.243740505635138 ], [ -122.391698310548918, 45.243742505501338 ], [ -122.392257310761508, 45.243749505050708 ], [ -122.395556312069417, 45.243812502391869 ], [ -122.395714312147234, 45.24382150226473 ], [ -122.396025312283172, 45.243832502014222 ], [ -122.396257312424851, 45.243856501827892 ], [ -122.396407312540632, 45.243881501707747 ], [ -122.396629312747521, 45.243932501530402 ], [ -122.396768312910211, 45.243977501419771 ], [ -122.396970313183516, 45.244057501259469 ], [ -122.397165313494682, 45.244153501105323 ], [ -122.397351313850606, 45.24426850095908 ], [ -122.397591314358678, 45.244436500770938 ], [ -122.398562316615497, 45.24520050001167 ], [ -122.398731317064247, 45.24535649988016 ], [ -122.399131317979325, 45.245668499566783 ], [ -122.399420318627165, 45.245889499340123 ], [ -122.399760319384498, 45.246148499073271 ], [ -122.401035322204123, 45.247120498071219 ], [ -122.401426323049122, 45.24741349776334 ], [ -122.401668323569638, 45.247594497572621 ], [ -122.40169832362804, 45.247614497548923 ], [ -122.401857323927345, 45.247716497423099 ], [ -122.402050324250865, 45.247824497269868 ], [ -122.402118324347271, 45.247855497215696 ], [ -122.402260324524335, 45.247910497102211 ], [ -122.402474324746578, 45.247975496930643 ], [ -122.402764324982769, 45.248037496697364 ], [ -122.402912325069565, 45.248055496577948 ], [ -122.403058325143348, 45.248068496459965 ], [ -122.403282325224666, 45.248075496278645 ], [ -122.405530325841113, 45.248064494456344 ], [ -122.406302326042805, 45.248056493830454 ], [ -122.406692326144835, 45.248052493514258 ], [ -122.407001326226123, 45.24804949326375 ], [ -122.407842326459857, 45.248046492582077 ], [ -122.408447326628419, 45.248044492091687 ], [ -122.408912326742652, 45.248036491714636 ], [ -122.408915327813588, 45.248486491722488 ], [ -122.408901331723428, 45.250082492193165 ], [ -122.408862339823443, 45.25226250274897 ], [ -122.408867342510874, 45.252984506230206 ], [ -122.408879343046195, 45.253127506910296 ], [ -122.408921343839111, 45.253337507888055 ], [ -122.408941344097656, 45.253405508199116 ], [ -122.409214345863433, 45.253859510154498 ], [ -122.408450347351987, 45.254317513028035 ], [ -122.407553348976961, 45.254823516260004 ], [ -122.40711334979369, 45.255077517877922 ], [ -122.405345352960666, 45.256070524274392 ], [ -122.403571356172776, 45.257081530811412 ], [ -122.402168358619548, 45.257859535909205 ], [ -122.401278360185458, 45.258358539185139 ], [ -122.399890362694066, 45.259157544420603 ], [ -122.399634363117357, 45.259294545338136 ], [ -122.399375363495309, 45.259419546199972 ], [ -122.39924536365649, 45.259474546594511 ], [ -122.399123363776113, 45.25951754692224 ], [ -122.399040363889512, 45.259555547188647 ], [ -122.399105364243397, 45.259646547578718 ], [ -122.399148364436485, 45.259695547781163 ], [ -122.399201364614399, 45.25973954794933 ], [ -122.399325364942953, 45.259818548223926 ], [ -122.399456365207783, 45.259879548402459 ], [ -122.39959236543389, 45.25992954852159 ], [ -122.399732365631962, 45.259971548597207 ], [ -122.400161366130419, 45.260070548681007 ], [ -122.40094336696859, 45.260231548734858 ], [ -122.402651368919763, 45.260614548994717 ], [ -122.402789369022642, 45.260630548941577 ], [ -122.402969369164722, 45.260653548882658 ], [ -122.403475369731666, 45.260763548938563 ], [ -122.403974370271158, 45.260866548965446 ], [ -122.404480370839337, 45.260976549018423 ], [ -122.4046203710394, 45.261018549089307 ], [ -122.404822371396222, 45.261097549281153 ], [ -122.404867371484613, 45.261117549335545 ], [ -122.404828371601539, 45.261152549543858 ], [ -122.404500372597639, 45.261450551315136 ], [ -122.404004373815141, 45.261823553618811 ], [ -122.403500375566765, 45.262342556650488 ], [ -122.403363376226608, 45.262533557720488 ], [ -122.403195378240724, 45.263094560635807 ], [ -122.403035379128028, 45.263349562044652 ], [ -122.402783379888234, 45.263578563418406 ], [ -122.4018753809613, 45.263952566161102 ], [ -122.401265382845025, 45.264520569570017 ], [ -122.400731383729322, 45.264810571538881 ], [ -122.400189384275023, 45.265009573070138 ], [ -122.399907384905163, 45.265207574335285 ], [ -122.398892388122192, 45.26618058019281 ], [ -122.398236390434022, 45.266874584316355 ], [ -122.397977391528329, 45.267198586196358 ], [ -122.397611393604066, 45.267801589579406 ], [ -122.397496394579505, 45.268079591084444 ], [ -122.397435396429756, 45.268591593698631 ], [ -122.397138398021681, 45.269056596331282 ], [ -122.396901400985968, 45.269891600748579 ], [ -122.39675640209029, 45.27020860248652 ], [ -122.396603402493596, 45.270334603281007 ], [ -122.39649740292883, 45.270464604044967 ], [ -122.396550404913228, 45.27100260667315 ], [ -122.396581406287012, 45.271375608501152 ], [ -122.39670340781241, 45.27178061038817 ], [ -122.397054410620981, 45.272512613650186 ], [ -122.397290414239535, 45.27347761819528 ], [ -122.397389415228744, 45.273737619378828 ], [ -122.397530416154282, 45.273975620404578 ], [ -122.410266418374945, 45.273230602397092 ], [ -122.410230418730038, 45.273329602913641 ], [ -122.409963419561521, 45.273580604421753 ], [ -122.409604420103008, 45.273763605708133 ], [ -122.408162421538208, 45.274301609939499 ], [ -122.40788742220991, 45.274511611268693 ], [ -122.407742423173943, 45.274786612765652 ], [ -122.40766642402015, 45.27502261399566 ], [ -122.407628424885118, 45.275259615187231 ], [ -122.407643427241737, 45.275892618236178 ], [ -122.407506429451274, 45.276502621350723 ], [ -122.407468430683195, 45.276838623023345 ], [ -122.407491431954895, 45.277178624644023 ], [ -122.40763643342919, 45.277559626319125 ], [ -122.407697434319672, 45.277792627375547 ], [ -122.407727435208571, 45.278028628482929 ], [ -122.407712436238498, 45.278307629851923 ], [ -122.40759743719687, 45.278578631301663 ], [ -122.407452437800771, 45.27875763234232 ], [ -122.406911439725519, 45.27933763580473 ], [ -122.40682744035395, 45.2795166367749 ], [ -122.406812441067089, 45.279710637734851 ], [ -122.406873442324439, 45.280042639272658 ], [ -122.4069954424766, 45.280069639255593 ], [ -122.407422443070729, 45.280180639275208 ], [ -122.40788044397209, 45.280370639638235 ], [ -122.408688444332853, 45.280374638673393 ], [ -122.408933444608877, 45.280420638596972 ], [ -122.409642445735685, 45.280641638797469 ], [ -122.409871446359389, 45.280782639196538 ], [ -122.410039447117441, 45.280966639876326 ], [ -122.410550450123907, 45.281713642839186 ], [ -122.41068745063869, 45.281835643255846 ], [ -122.411221451999126, 45.282137644043374 ], [ -122.411870453210071, 45.282385644424807 ], [ -122.412862455573247, 45.282900645648475 ], [ -122.413632458397828, 45.283563647842982 ], [ -122.413937459635889, 45.283857648857818 ], [ -122.41409046009052, 45.283960649154388 ], [ -122.414273460472558, 45.284040649303137 ], [ -122.414449460709022, 45.284082649279732 ], [ -122.41462446078755, 45.284082649057915 ], [ -122.415616460646461, 45.283926647061392 ], [ -122.415883460735984, 45.283918646685621 ], [ -122.41615846091554, 45.283933646408578 ], [ -122.41635646123369, 45.283994646446345 ], [ -122.416661462578574, 45.284315647576278 ], [ -122.416798462854771, 45.28437264767129 ], [ -122.416951462965102, 45.284383647528671 ], [ -122.417142462979569, 45.28436464719617 ], [ -122.417310462825398, 45.284303646694973 ], [ -122.417516462213413, 45.284116645552103 ], [ -122.417851461719053, 45.283945644322323 ], [ -122.417981461645326, 45.283910643993075 ], [ -122.418187461752623, 45.283914643751217 ], [ -122.418378462068333, 45.283975643796239 ], [ -122.418736463338689, 45.284269644723473 ], [ -122.418950463940988, 45.284403645080481 ], [ -122.419186464421287, 45.284502645244572 ], [ -122.420003465508429, 45.284692645093308 ], [ -122.419490465518393, 45.284756646047654 ], [ -122.418865466206015, 45.285013648051894 ], [ -122.418240466405194, 45.285141649453848 ], [ -122.417535466088481, 45.285142650362204 ], [ -122.415676464886303, 45.285047652295091 ], [ -122.41532446406535, 45.284871651911388 ], [ -122.414939462993658, 45.284632651269114 ], [ -122.414634462611986, 45.284567651349171 ], [ -122.414362462252882, 45.284504651396269 ], [ -122.414122461660924, 45.284375651088148 ], [ -122.413849461121927, 45.28426465090682 ], [ -122.413592460706653, 45.284184650852062 ], [ -122.413160459973398, 45.284040650713379 ], [ -122.412807459399701, 45.283929650630661 ], [ -122.412583458640952, 45.283753650073223 ], [ -122.412310457621487, 45.283513649270539 ], [ -122.412038456363931, 45.283209648158603 ], [ -122.411733455275822, 45.28295464732043 ], [ -122.411348454567758, 45.282810647112257 ], [ -122.410884453885231, 45.282682647078119 ], [ -122.410370453006053, 45.282507646878756 ], [ -122.409874451774414, 45.28223564618763 ], [ -122.40940845091481, 45.282059645918515 ], [ -122.408912450165772, 45.281916645843602 ], [ -122.408399449644349, 45.281836646092351 ], [ -122.407902448714296, 45.281644645778101 ], [ -122.407437448099884, 45.28153364581442 ], [ -122.406973447660846, 45.281469646076225 ], [ -122.406460446963649, 45.281341646086595 ], [ -122.406076446145164, 45.281165645703119 ], [ -122.405578445337468, 45.281005645535565 ], [ -122.405226444834028, 45.280910645504051 ], [ -122.405146445450683, 45.281086646460452 ], [ -122.405449446055357, 45.281214646712272 ], [ -122.405753446901585, 45.281407647278286 ], [ -122.405752447549176, 45.281582648131597 ], [ -122.405639448214586, 45.281775649211113 ], [ -122.405591448667508, 45.281903649893998 ], [ -122.405751449274305, 45.282048650401862 ], [ -122.406214449888125, 45.282159650367305 ], [ -122.406294450341932, 45.282272650817355 ], [ -122.406276453298716, 45.283072654729409 ], [ -122.40611645382063, 45.283232655708346 ], [ -122.405812453867114, 45.283281656328811 ], [ -122.405186453174636, 45.28316965656947 ], [ -122.404224451687526, 45.282882656373914 ], [ -122.403632451721137, 45.282962657506651 ], [ -122.403968452733977, 45.283196658230693 ], [ -122.404754455478695, 45.283844660407475 ], [ -122.405100456983732, 45.28420966175036 ], [ -122.406132461615755, 45.285334665912472 ], [ -122.4064784632006, 45.285719667338967 ], [ -122.406829464755859, 45.286095668711695 ], [ -122.409275475849881, 45.288773678458703 ], [ -122.409326476041613, 45.288818678607839 ], [ -122.409383476210181, 45.288856678715163 ], [ -122.409446476351818, 45.288886678775867 ], [ -122.409514476462334, 45.288907678786501 ], [ -122.409586476548725, 45.288921678758037 ], [ -122.409662476607238, 45.288927678685695 ], [ -122.410317476918834, 45.288927677813 ], [ -122.410471476973413, 45.28892267758377 ], [ -122.410683477115313, 45.288933677354173 ], [ -122.410759477196251, 45.288945677310515 ], [ -122.410837477330361, 45.288971677331411 ], [ -122.410899477572556, 45.289028677522388 ], [ -122.410929477840639, 45.289096677808772 ], [ -122.410931479662665, 45.289584680148472 ], [ -122.410943479922196, 45.289652680458765 ], [ -122.410971480159546, 45.289712680709144 ], [ -122.411016480371501, 45.289763680893437 ], [ -122.41107148054347, 45.289802681006698 ], [ -122.411135480682503, 45.289831681059773 ], [ -122.411205480798287, 45.2898536810712 ], [ -122.411837481535656, 45.2899696807767 ], [ -122.412340482106941, 45.290057680520263 ], [ -122.412483482295556, 45.290089680480499 ], [ -122.41255448241958, 45.290113680499452 ], [ -122.412634482622792, 45.290157680601823 ], [ -122.412648482689377, 45.290173680659358 ], [ -122.412691482882266, 45.290219680821068 ], [ -122.412716483178713, 45.290295681150276 ], [ -122.412713483461616, 45.290371681517321 ], [ -122.412661483934102, 45.290504682222938 ], [ -122.412602484391812, 45.29063468292388 ], [ -122.412581484639787, 45.290703683282025 ], [ -122.412571484889313, 45.290771683620477 ], [ -122.412586485143507, 45.29083768391547 ], [ -122.412624485364006, 45.290891684121846 ], [ -122.412677485543185, 45.290932684245661 ], [ -122.412732485674724, 45.290960684304643 ], [ -122.412798485781721, 45.290980684310412 ], [ -122.412866485848539, 45.2909896842609 ], [ -122.413090485976383, 45.290994683980145 ], [ -122.413167486043847, 45.29100268391359 ], [ -122.413251486197112, 45.291032683942404 ], [ -122.413320486485418, 45.291100684172754 ], [ -122.413329486789422, 45.291180684541949 ], [ -122.413304487043121, 45.291251684914542 ], [ -122.413241487487895, 45.291378685606112 ], [ -122.413217487745769, 45.291450685982277 ], [ -122.413215488006884, 45.291520686318862 ], [ -122.413225488266434, 45.29158868662951 ], [ -122.41328448905557, 45.291791687516778 ], [ -122.413299489340076, 45.291865687849089 ], [ -122.413298489616707, 45.291939688203307 ], [ -122.413281489881726, 45.292012688574758 ], [ -122.413248490112593, 45.292078688934822 ], [ -122.413209490318039, 45.292138689274616 ], [ -122.413117490691931, 45.292250689935443 ], [ -122.413020491048286, 45.292358690584386 ], [ -122.412931491423493, 45.292470691241626 ], [ -122.412892491621221, 45.292528691572322 ], [ -122.412879491858021, 45.292593691900571 ], [ -122.412878492100845, 45.292658692212228 ], [ -122.41290049235127, 45.292722692487359 ], [ -122.412933492584756, 45.292780692718544 ], [ -122.413108493180943, 45.292916693125228 ], [ -122.413165493419001, 45.292972693313359 ], [ -122.413210493696042, 45.2930406935753 ], [ -122.413234493988853, 45.293115693899686 ], [ -122.413229494267199, 45.293190694264325 ], [ -122.413241494539065, 45.29326169458627 ], [ -122.413226494804917, 45.293334694955256 ], [ -122.4132324950738, 45.293405695285522 ], [ -122.413250495333699, 45.293472695579993 ], [ -122.413277495586911, 45.293536695847564 ], [ -122.413313495833378, 45.293597696088227 ], [ -122.413355496067965, 45.293654696301381 ], [ -122.413407496288769, 45.29370669647669 ], [ -122.413789498065967, 45.29412969795758 ], [ -122.41393049878188, 45.294301698578614 ], [ -122.413965499046995, 45.294367698843594 ], [ -122.413950499346768, 45.294449699254926 ], [ -122.413878499475231, 45.294493699565642 ], [ -122.413798499479654, 45.294505699735318 ], [ -122.413722499426143, 45.294501699823194 ], [ -122.413647499354425, 45.294492699885829 ], [ -122.412294497610631, 45.294209700435893 ], [ -122.412160497400848, 45.294171700442128 ], [ -122.412093497337125, 45.294163700497805 ], [ -122.41202649730333, 45.294163700591753 ], [ -122.41195949731808, 45.29417670074794 ], [ -122.41189549739039, 45.29420470097174 ], [ -122.411839497519068, 45.294246701251389 ], [ -122.411798497715054, 45.294304701586647 ], [ -122.411772497948533, 45.294370701939215 ], [ -122.411763498198027, 45.294438702277503 ], [ -122.411764498729141, 45.294580702956104 ], [ -122.411758499264138, 45.294724703654161 ], [ -122.411741499524467, 45.294796704022929 ], [ -122.411716499769554, 45.294865704388663 ], [ -122.411684499999879, 45.294931704749963 ], [ -122.411606500404659, 45.295050705430263 ], [ -122.41112150221052, 45.295600708754698 ], [ -122.411077502400644, 45.295657709090719 ], [ -122.410998502811751, 45.295778709783775 ], [ -122.410967503034627, 45.295842710135076 ], [ -122.410942503271841, 45.295909710492296 ], [ -122.410916503777173, 45.296048711196555 ], [ -122.41089850485001, 45.296338712614364 ], [ -122.410860508584165, 45.29734471749844 ], [ -122.410849511000038, 45.297993720630181 ], [ -122.410536511081503, 45.298059721402289 ], [ -122.410047511319661, 45.298192722753434 ], [ -122.409106511824604, 45.298461725421404 ], [ -122.409055511853452, 45.298476725568229 ], [ -122.40880051196784, 45.298543726264036 ], [ -122.409088512760349, 45.298715726673109 ], [ -122.409475513728893, 45.298920727094824 ], [ -122.409727514384301, 45.29906072739967 ], [ -122.409857514688213, 45.299123727512175 ], [ -122.409989514963456, 45.299178727583012 ], [ -122.410125515207341, 45.299224727604475 ], [ -122.410264515426874, 45.299263727587679 ], [ -122.410405515625101, 45.299296727538987 ], [ -122.410551515807413, 45.299324727458782 ], [ -122.410693515965235, 45.299346727355541 ], [ -122.410837516101807, 45.299362727220448 ], [ -122.410977516210124, 45.299371727057611 ], [ -122.411119516267277, 45.299366726824587 ], [ -122.411261516272162, 45.299347726524466 ], [ -122.411551516206558, 45.299288725815003 ], [ -122.411689516160592, 45.299256725458775 ], [ -122.411898516126314, 45.299217724964755 ], [ -122.412046516145367, 45.29920172467066 ], [ -122.412125516179984, 45.299199724545026 ], [ -122.412201516250406, 45.299207724471586 ], [ -122.41228151634914, 45.299222724425725 ], [ -122.41235451648528, 45.299248724442727 ], [ -122.412488516811067, 45.299316724570701 ], [ -122.413606519985294, 45.300004726203689 ], [ -122.413983521035121, 45.300230726721182 ], [ -122.414109521361695, 45.300299726862519 ], [ -122.41424052163859, 45.300354726929633 ], [ -122.414376521880726, 45.300399726941627 ], [ -122.414870522684069, 45.300542726886583 ], [ -122.414940522823258, 45.300569726910588 ], [ -122.415007522990891, 45.300604726976999 ], [ -122.415072523195008, 45.300649727093756 ], [ -122.41512552342644, 45.300703727271035 ], [ -122.415187523978261, 45.300841727833202 ], [ -122.415363526455266, 45.301475730576293 ], [ -122.415798532259487, 45.302956736936174 ], [ -122.416140536630891, 45.304068741676524 ], [ -122.41623853770885, 45.304340742812421 ], [ -122.416291538238923, 45.304473743359772 ], [ -122.416352538758503, 45.30460274387567 ], [ -122.416481539478326, 45.304774744489613 ], [ -122.41652953970106, 45.304826744661185 ], [ -122.416700540283088, 45.304955745006296 ], [ -122.417096541305227, 45.305167745394002 ], [ -122.417216541670754, 45.305246745580639 ], [ -122.417272541879512, 45.305293745715403 ], [ -122.417370542323127, 45.305396746048991 ], [ -122.417417542560813, 45.305452746239929 ], [ -122.417724544310815, 45.305870747731561 ], [ -122.418317547772816, 45.306698750699873 ], [ -122.418716549942516, 45.307212752487239 ], [ -122.418816550442031, 45.307329752878829 ], [ -122.418928551012812, 45.30746375333095 ], [ -122.419221552701188, 45.307865754753045 ], [ -122.419498554483567, 45.308294756323953 ], [ -122.419572554995455, 45.308418756787084 ], [ -122.419702556050581, 45.308677757792871 ], [ -122.419753556594657, 45.308813758348201 ], [ -122.41979555714488, 45.308952758931824 ], [ -122.419839557961012, 45.309161759839746 ], [ -122.419880559051549, 45.309443761093895 ], [ -122.419889559601401, 45.309587761753384 ], [ -122.419879560140075, 45.309731762443441 ], [ -122.419864560392128, 45.309800762790559 ], [ -122.419819560891085, 45.309939763513768 ], [ -122.419724561583365, 45.310137764594117 ], [ -122.419646561998235, 45.310259765291541 ], [ -122.418859565487551, 45.311307771483698 ], [ -122.418418567400067, 45.311884774914972 ], [ -122.418194568272071, 45.312151776537803 ], [ -122.417953569219819, 45.312441778298442 ], [ -122.417748570226379, 45.31274178004864 ], [ -122.417120573188782, 45.313629785274074 ], [ -122.41705157363603, 45.313759786002151 ], [ -122.416995574121287, 45.313897786746558 ], [ -122.41693057486448, 45.314105787836539 ], [ -122.416694578155557, 45.315018792542396 ], [ -122.416650578933627, 45.315232793627175 ], [ -122.416579580771099, 45.315732796108975 ], [ -122.416539582646365, 45.316237798562724 ], [ -122.416501585655354, 45.317043802435968 ], [ -122.416491586446739, 45.31725580345487 ], [ -122.416480588354972, 45.317764805879143 ], [ -122.416509589189943, 45.317981806854718 ], [ -122.416545589754804, 45.318125807473173 ], [ -122.416810592769906, 45.318881810586092 ], [ -122.416881593448025, 45.319049811256107 ], [ -122.417009594874742, 45.31940681271864 ], [ -122.417107595676143, 45.31960281347277 ], [ -122.417178596166508, 45.319720813905612 ], [ -122.417134596190763, 45.319734814048381 ], [ -122.41639459569673, 45.319730815320014 ], [ -122.415753594823315, 45.319608815860128 ], [ -122.415295594298058, 45.319547816368839 ], [ -122.4148685939508, 45.319528817022231 ], [ -122.414685593663677, 45.319483817127136 ], [ -122.414044592188674, 45.319200816896235 ], [ -122.41364659099554, 45.318950816396587 ], [ -122.413466591183223, 45.31903181709464 ], [ -122.412988592414194, 45.319442819885261 ], [ -122.413027594453339, 45.319980822384679 ], [ -122.413462596346207, 45.320410823674045 ], [ -122.415768599170576, 45.320762821298516 ], [ -122.417680600475606, 45.320777818008452 ], [ -122.417698601196008, 45.320965818862206 ], [ -122.417692602304058, 45.321260820262118 ], [ -122.41757660682218, 45.322479826209644 ], [ -122.417582607101281, 45.322552826542896 ], [ -122.417595607392556, 45.322627826873038 ], [ -122.417641607954508, 45.322768827455185 ], [ -122.417703608489489, 45.322899827961493 ], [ -122.417890609824155, 45.323220829138378 ], [ -122.41803361084726, 45.323466830039777 ], [ -122.419089618132617, 45.325208836317124 ], [ -122.419359619955586, 45.325642837860798 ], [ -122.419645621730268, 45.32606083929717 ], [ -122.420127624476549, 45.326699841404491 ], [ -122.420406625924429, 45.32703184244351 ], [ -122.420537626684521, 45.327208843029155 ], [ -122.420692627408442, 45.327371843504508 ], [ -122.420853628106485, 45.327526843930748 ], [ -122.421024628773878, 45.327671844291167 ], [ -122.421446630217915, 45.327975844926939 ], [ -122.42228463297711, 45.328549846041348 ], [ -122.42252263378063, 45.328717846378616 ], [ -122.422636634201851, 45.328807846584034 ], [ -122.422686634430391, 45.328858846727556 ], [ -122.42274263465174, 45.328906846845925 ], [ -122.422791634883481, 45.328958846995818 ], [ -122.422882635372474, 45.329070847345619 ], [ -122.422961635883567, 45.329190847754674 ], [ -122.423216637722732, 45.329627849303627 ], [ -122.423603640393807, 45.330258851499458 ], [ -122.423687640913258, 45.330379851901327 ], [ -122.423869641916738, 45.330609852622281 ], [ -122.423969642394582, 45.330716852928305 ], [ -122.424076642862317, 45.330819853202307 ], [ -122.424347643994622, 45.331066853830855 ], [ -122.424426644271534, 45.331124853949085 ], [ -122.424714645283643, 45.331336854381568 ], [ -122.424990646371668, 45.331570854936672 ], [ -122.425082646715452, 45.331643855098257 ], [ -122.425331647655511, 45.33184385554592 ], [ -122.42543964810254, 45.33194085578689 ], [ -122.425532648592309, 45.332051856120671 ], [ -122.425572648914567, 45.332128856398882 ], [ -122.425602649233511, 45.332206856700701 ], [ -122.425635649596572, 45.332295857047342 ], [ -122.425720650271614, 45.332456857625836 ], [ -122.425959652297564, 45.332942859403602 ], [ -122.42615365419681, 45.333403861150039 ], [ -122.426489658101758, 45.33436286490651 ], [ -122.426651660056876, 45.334843866800057 ], [ -122.426780662301923, 45.335406869132193 ], [ -122.426876664557824, 45.335978871568415 ], [ -122.426911665145298, 45.336125872173966 ], [ -122.426960665720259, 45.336266872724373 ], [ -122.426997666003643, 45.336333872958903 ], [ -122.427039666275462, 45.336396873165164 ], [ -122.427090666534866, 45.336454873330752 ], [ -122.427197667011583, 45.336558873596822 ], [ -122.427316667451507, 45.336650873784009 ], [ -122.427440667853176, 45.336731873910665 ], [ -122.427567668226558, 45.336804873994502 ], [ -122.427698668587752, 45.336873874051918 ], [ -122.428418670447385, 45.337219874211335 ], [ -122.428482670625243, 45.337253874239998 ], [ -122.428574670904425, 45.337308874309088 ], [ -122.428607671005594, 45.33732887433505 ], [ -122.428720671415419, 45.337413874499219 ], [ -122.428833671863686, 45.337508874708703 ], [ -122.428883672100284, 45.33756087484678 ], [ -122.428978672600394, 45.337672875169069 ], [ -122.429566676242416, 45.338507877802755 ], [ -122.429952678574296, 45.339039879451143 ], [ -122.430174679874312, 45.339334880346868 ], [ -122.430285680342223, 45.339434880578345 ], [ -122.430348680558879, 45.339478880651697 ], [ -122.43067168151417, 45.339663880842409 ], [ -122.430801681973932, 45.339757881007323 ], [ -122.431164681480496, 45.339557879371228 ], [ -122.431237681420455, 45.33952787908872 ], [ -122.431273681370797, 45.339507878925836 ], [ -122.431361681256732, 45.339460878536386 ], [ -122.431477681067619, 45.339388877977676 ], [ -122.432486679720355, 45.338840873480535 ], [ -122.432620679570945, 45.338775872919499 ], [ -122.432754679463798, 45.338721872408257 ], [ -122.432893679418143, 45.338682871954838 ], [ -122.43303767942632, 45.338656871550164 ], [ -122.433182679485313, 45.338643871202073 ], [ -122.433327679575171, 45.338638870890065 ], [ -122.435460681091357, 45.33861586652867 ], [ -122.435605681184981, 45.338611866221335 ], [ -122.435681681218952, 45.338605866042812 ], [ -122.435916681256387, 45.338569865412957 ], [ -122.435994681218276, 45.338544865145693 ], [ -122.436074681111961, 45.338501864794097 ], [ -122.436234680480936, 45.338307863609352 ], [ -122.436280680004231, 45.338175862928836 ], [ -122.43632067922475, 45.337966861916925 ], [ -122.436390678041505, 45.337647860355105 ], [ -122.436612678153111, 45.337633859852431 ], [ -122.436887678463179, 45.337660859427331 ], [ -122.437558679569733, 45.337816858789751 ], [ -122.439237682754708, 45.338312857649221 ], [ -122.439793683541922, 45.338407856960963 ], [ -122.440320683996262, 45.338422855976532 ], [ -122.441808685040073, 45.338403852926668 ], [ -122.442510685493161, 45.338384851444125 ], [ -122.442921685653332, 45.338346850458812 ], [ -122.442792684973995, 45.338197850064098 ], [ -122.442624683343283, 45.337812848713568 ], [ -122.442571682455622, 45.337595847868933 ], [ -122.442571681603681, 45.337377846914706 ], [ -122.44261668080479, 45.337164845893383 ], [ -122.442685680140855, 45.336981844956263 ], [ -122.44279267954802, 45.336809843992633 ], [ -122.442983679154082, 45.336672843017055 ], [ -122.443547678687921, 45.336446840919521 ], [ -122.443639678505519, 45.336382840459301 ], [ -122.443678678150803, 45.336284839955105 ], [ -122.44308767785067, 45.336319841269436 ], [ -122.442590677744931, 45.336386842539518 ], [ -122.442459677843374, 45.336436843016081 ], [ -122.442286678164535, 45.336551843860185 ], [ -122.442131678662861, 45.336708844853462 ], [ -122.441766679754409, 45.337057847104205 ], [ -122.441634679945054, 45.33713184768979 ], [ -122.441411680110704, 45.337216848503893 ], [ -122.440863680061341, 45.337308849992375 ], [ -122.440278679878617, 45.337373851436425 ], [ -122.439651679465669, 45.337387852739482 ], [ -122.437788677859331, 45.337331856179127 ], [ -122.436787677043569, 45.33731385807998 ], [ -122.436675676983356, 45.337319858328343 ], [ -122.436463676825369, 45.337319858747861 ], [ -122.43650667601672, 45.337102857695335 ], [ -122.436577674488703, 45.336694855736461 ], [ -122.436604673702774, 45.336486854756217 ], [ -122.436619672880795, 45.336271853768494 ], [ -122.43664967234109, 45.336126853063362 ], [ -122.436671672093837, 45.336058852717208 ], [ -122.436702671860985, 45.335992852362274 ], [ -122.436743671658689, 45.335932852014572 ], [ -122.436795671479999, 45.335876851663194 ], [ -122.436904671223076, 45.335789851062202 ], [ -122.436967671129921, 45.335753850778538 ], [ -122.437032671061473, 45.335723850517745 ], [ -122.437166670970129, 45.3356748500374 ], [ -122.438008670658078, 45.335434847324542 ], [ -122.4381486705784, 45.335387846842515 ], [ -122.438214670506483, 45.335356846576097 ], [ -122.438279670402721, 45.335317846276219 ], [ -122.438338670263462, 45.335270845952664 ], [ -122.438384670056379, 45.335208845588042 ], [ -122.4384046697797, 45.335133845216546 ], [ -122.438402669479089, 45.335056844879126 ], [ -122.438373669170375, 45.334982844607559 ], [ -122.43832666889125, 45.334919844419765 ], [ -122.438266668657022, 45.334870844319269 ], [ -122.438199668456562, 45.334831844276678 ], [ -122.438058668132129, 45.334774844298096 ], [ -122.437860667637992, 45.334684844283551 ], [ -122.437799667449852, 45.3346478442378 ], [ -122.437685667048342, 45.33456584409506 ], [ -122.437632666823433, 45.334517843984706 ], [ -122.437586666591955, 45.33446684384738 ], [ -122.437508666085023, 45.334350843483143 ], [ -122.437451665527519, 45.334217843002435 ], [ -122.437437665280683, 45.334156842758347 ], [ -122.437415664969834, 45.334080842463045 ], [ -122.43723566036735, 45.332927837682341 ], [ -122.437197659397583, 45.33268483667419 ], [ -122.436828650384015, 45.330427827329025 ], [ -122.43680764987306, 45.330299826798516 ], [ -122.436711647863717, 45.329798824747265 ], [ -122.436536643870127, 45.328799820622606 ], [ -122.436361639599625, 45.327728816172147 ], [ -122.436339639185462, 45.327625815753436 ], [ -122.43625563723748, 45.327137813731525 ], [ -122.436180635245776, 45.326636811633961 ], [ -122.436099633273614, 45.326141809573187 ], [ -122.436044632175239, 45.325867808450568 ], [ -122.435999630921216, 45.325551807121769 ], [ -122.435973630357694, 45.325410806539516 ], [ -122.435838626925829, 45.324547802930041 ], [ -122.435791626352298, 45.324407802389537 ], [ -122.435724625796382, 45.324275801920692 ], [ -122.435647625260899, 45.324150801500956 ], [ -122.435518624489475, 45.323973800942071 ], [ -122.435199622775116, 45.323585799779863 ], [ -122.434728620319319, 45.323031798142509 ], [ -122.434668619780922, 45.322902797671489 ], [ -122.434657619507007, 45.322833797381818 ], [ -122.434653619230019, 45.322762797070659 ], [ -122.434660618944889, 45.322687796721958 ], [ -122.434671617565016, 45.322328795093028 ], [ -122.434671613075054, 45.321166789884089 ], [ -122.434663611133971, 45.32066578765226 ], [ -122.434644608613951, 45.320016784776101 ], [ -122.434643606785713, 45.319543782657306 ], [ -122.434641598071494, 45.317288772551265 ], [ -122.434642593242373, 45.316038766945653 ], [ -122.434645583646486, 45.313554755804532 ], [ -122.434643577988595, 45.312090749244554 ], [ -122.434649576040968, 45.311585746970763 ], [ -122.434654567701855, 45.309426737283822 ], [ -122.434663567139168, 45.309279736610378 ], [ -122.43467656687632, 45.30920973627574 ], [ -122.434700566627697, 45.309141735932464 ], [ -122.434732566387638, 45.309074735580893 ], [ -122.434816565988712, 45.308958734926591 ], [ -122.434919565647178, 45.308854734295927 ], [ -122.435357564418922, 45.308470731877911 ], [ -122.436874560030063, 45.307109723399634 ], [ -122.438384555563758, 45.305735714929831 ], [ -122.439592552060432, 45.304658708291932 ], [ -122.439697551707042, 45.304552707661905 ], [ -122.439743551503284, 45.304493707330558 ], [ -122.439780551271085, 45.30442870698662 ], [ -122.439807551013786, 45.304358706636059 ], [ -122.439823550738595, 45.304285706289221 ], [ -122.43983055045446, 45.304211705951822 ], [ -122.439822548768348, 45.303779704057312 ], [ -122.439814548207238, 45.303636703438336 ], [ -122.439810547091724, 45.303350702182023 ], [ -122.439819546267586, 45.303137701228117 ], [ -122.439810545896663, 45.30304370082689 ], [ -122.439774545109941, 45.30284670001199 ], [ -122.439737544260424, 45.30263369912776 ], [ -122.439485539724728, 45.301503694516803 ], [ -122.439189534721208, 45.300258689455021 ], [ -122.439148533843536, 45.300038688542827 ], [ -122.43912753326839, 45.299893687932567 ], [ -122.439116532414729, 45.299675686984543 ], [ -122.439123531858499, 45.299531686337261 ], [ -122.439172529912952, 45.299024684022754 ], [ -122.439210528583587, 45.298677682432519 ], [ -122.439282526035129, 45.298012679387142 ], [ -122.439393521763662, 45.296899674306673 ], [ -122.439435520124277, 45.296472672359315 ], [ -122.43963251251698, 45.294491663327904 ], [ -122.439744508545303, 45.29345665860086 ], [ -122.439796506722359, 45.292981656431643 ], [ -122.439813506442789, 45.292907656081447 ], [ -122.439840506187636, 45.292838655739509 ], [ -122.439873505951013, 45.292773655406918 ], [ -122.439914505737789, 45.292713655085414 ], [ -122.439962505555286, 45.292660654785202 ], [ -122.440016505387419, 45.292610654489998 ], [ -122.440194504965547, 45.292479653666497 ], [ -122.440320504720219, 45.292400653144476 ], [ -122.442998500188239, 45.290902642903617 ], [ -122.443885498658361, 45.290401639514229 ], [ -122.444195498138598, 45.290230638350295 ], [ -122.444319497892906, 45.290152637843327 ], [ -122.444428497600668, 45.290064637313314 ], [ -122.444536497245153, 45.28996063671525 ], [ -122.444571497030807, 45.289901636411486 ], [ -122.444661496611573, 45.289783635777148 ], [ -122.445085493799297, 45.289014631867147 ], [ -122.445336492200369, 45.2885766296314 ], [ -122.445466491316267, 45.288335628413193 ], [ -122.445606490711214, 45.288164627486218 ], [ -122.445715490362247, 45.288062626899922 ], [ -122.445776490214271, 45.288017626624303 ], [ -122.445904489995755, 45.287946626147679 ], [ -122.446039489827541, 45.287887625714063 ], [ -122.446177489688111, 45.287835625307004 ], [ -122.446612489298872, 45.28768462408096 ], [ -122.447138488825658, 45.287501622599024 ], [ -122.448102487917694, 45.287156619848325 ], [ -122.450026486132273, 45.286477614425856 ], [ -122.450183485991502, 45.286423613990934 ], [ -122.451383484895501, 45.286006610656052 ], [ -122.451521484812488, 45.285969610320024 ], [ -122.45257548679875, 45.286348610565668 ], [ -122.452711487039892, 45.286393610580042 ], [ -122.452852487247711, 45.286429610549575 ], [ -122.452924487328559, 45.286441610506927 ], [ -122.453070487455491, 45.286456610380817 ], [ -122.453216487558635, 45.286465610229214 ], [ -122.454245488038012, 45.286466608896291 ], [ -122.455259488403016, 45.286440607469196 ], [ -122.455769488499215, 45.286405606659599 ], [ -122.456273488568527, 45.286364605833121 ], [ -122.456409488575503, 45.286350605597875 ], [ -122.456845488509472, 45.286283604751461 ], [ -122.457498488327573, 45.286162603399006 ], [ -122.458059488142453, 45.286051602209355 ], [ -122.458558488000108, 45.285958601176461 ], [ -122.45954748768176, 45.285765599096969 ], [ -122.460046487573891, 45.285681598105107 ], [ -122.461048487446831, 45.285535596210501 ], [ -122.462335487134709, 45.285311593632727 ], [ -122.462479487115914, 45.285290593361488 ], [ -122.462625487126161, 45.285276593116507 ], [ -122.462770487164008, 45.285269592901642 ], [ -122.462924487242205, 45.285271592712178 ], [ -122.464229486873606, 45.285032590060197 ], [ -122.465772488744918, 45.28532258926414 ], [ -122.466147488980411, 45.285338588847573 ], [ -122.467808490008622, 45.285405586984844 ], [ -122.468746492386273, 45.28588658771644 ], [ -122.470017496096204, 45.286656589162753 ], [ -122.471146495516805, 45.286385586610002 ], [ -122.472546497014605, 45.286594585623362 ], [ -122.476348495845144, 45.28587957786916 ], [ -122.476730495167942, 45.285671576560219 ], [ -122.475297492164472, 45.28509757614561 ], [ -122.473913489976098, 45.284715576406654 ], [ -122.473366489010729, 45.284539576406679 ], [ -122.473348487958248, 45.284283575414307 ], [ -122.473552487613418, 45.284176574731092 ], [ -122.474286488519112, 45.284317574357175 ], [ -122.475129489033421, 45.284350573415999 ], [ -122.476735490940854, 45.28463957250753 ], [ -122.478326492657729, 45.284882571426458 ], [ -122.478708492304875, 45.284754570439659 ], [ -122.479115492974202, 45.28487257037898 ], [ -122.479886493698089, 45.284963569746452 ], [ -122.48080149433568, 45.285017568784575 ], [ -122.480870493439724, 45.284792567826507 ], [ -122.480992492612856, 45.284578566843798 ], [ -122.48144249037847, 45.283987563990394 ], [ -122.481580489792648, 45.283830563210209 ], [ -122.482053488464544, 45.283457561176256 ], [ -122.482350486986277, 45.28306755930241 ], [ -122.482861483795247, 45.282240555486773 ], [ -122.483022481671071, 45.281709553249321 ], [ -122.483106481079332, 45.281557552562489 ], [ -122.483285480334345, 45.281358551578798 ], [ -122.485186480971961, 45.28131354906683 ], [ -122.485184479499509, 45.280958547717496 ], [ -122.485219479498042, 45.280954547659377 ], [ -122.485524479612991, 45.280950547270258 ], [ -122.486424480428809, 45.281053546557565 ], [ -122.48787448040602, 45.280897544189727 ], [ -122.488690480295404, 45.280786542772596 ], [ -122.489056480357078, 45.280763542238347 ], [ -122.489423480564994, 45.280775541834402 ], [ -122.49031548136206, 45.280874541113306 ], [ -122.490582481477077, 45.280874540786286 ], [ -122.490918481237543, 45.280782540031474 ], [ -122.491223480683473, 45.280618539047019 ], [ -122.491940478887372, 45.280115536301338 ], [ -122.492963477644182, 45.279714533573447 ], [ -122.493932476314924, 45.279299530869906 ], [ -122.49462647625522, 45.279215529725242 ], [ -122.495107475991745, 45.279104528738827 ], [ -122.495564475620938, 45.278970527698235 ], [ -122.496236474653941, 45.278673525805175 ], [ -122.496485474471996, 45.278605525258847 ], [ -122.496991474102515, 45.278467524150727 ], [ -122.4976324731647, 45.278181522344752 ], [ -122.497678479194221, 45.279607527482121 ], [ -122.497945478957419, 45.279524526857728 ], [ -122.498189478575696, 45.279409526145351 ], [ -122.49866947741117, 45.279085524391469 ], [ -122.498703477391743, 45.279077524321593 ], [ -122.499020477221123, 45.279005523680105 ], [ -122.499165476669731, 45.278860522981077 ], [ -122.49924247595871, 45.278684522251702 ], [ -122.499219475159308, 45.278497521602183 ], [ -122.499249474466467, 45.278330520961816 ], [ -122.49950147397152, 45.278188520148248 ], [ -122.500378472771033, 45.277841517782512 ], [ -122.500615472084775, 45.277670516840672 ], [ -122.500691471482824, 45.277525516213899 ], [ -122.50130247117113, 45.277429515031081 ], [ -122.502530467003254, 45.276403509670196 ], [ -122.502683465683063, 45.276087508329525 ], [ -122.502919461598097, 45.275118504538341 ], [ -122.503209460144944, 45.274767502891279 ], [ -122.503201456801008, 45.273981500088723 ], [ -122.503339454627778, 45.273466498061602 ], [ -122.503370453406376, 45.273178496989971 ], [ -122.506777454012905, 45.273223492621838 ], [ -122.506788454069891, 45.273236492653311 ], [ -122.506889454895784, 45.27342649319236 ], [ -122.506951455477306, 45.273560493584633 ], [ -122.507029456035255, 45.273688493934138 ], [ -122.507150456457452, 45.273783494109189 ], [ -122.507297456681684, 45.273831494082913 ], [ -122.5074404567941, 45.273853493969831 ], [ -122.50758245687642, 45.27386849383327 ], [ -122.507722456937074, 45.273878493681629 ], [ -122.507865456968091, 45.27388149350125 ], [ -122.508017456965916, 45.273876493280568 ], [ -122.508171456921119, 45.273861493021904 ], [ -122.508569456713872, 45.273801492278707 ], [ -122.509163456307348, 45.273689491091311 ], [ -122.509764455866232, 45.273569489867711 ], [ -122.51073245527094, 45.273403487995495 ], [ -122.511200455177558, 45.273368487249968 ], [ -122.511649455228465, 45.273367486648979 ], [ -122.512098455313918, 45.273374486075937 ], [ -122.514778455691399, 45.273385482547525 ], [ -122.516104455902536, 45.273396480820736 ], [ -122.517417456081745, 45.273400479086895 ], [ -122.517936456176287, 45.273407478420147 ], [ -122.517907459938613, 45.274269481422564 ], [ -122.517828472535001, 45.277155491453506 ], [ -122.51782447319836, 45.277307491981716 ], [ -122.517795479640981, 45.278783497097919 ], [ -122.518561479824712, 45.278796496083423 ], [ -122.52001548005687, 45.278794494066041 ], [ -122.520881480244299, 45.278804492902644 ], [ -122.521177480293389, 45.278804492493322 ], [ -122.521655480306649, 45.278789491781275 ], [ -122.521677477020205, 45.278041489206053 ], [ -122.521694475377828, 45.277667487910328 ], [ -122.521723473473259, 45.277233486394181 ], [ -122.521916473863669, 45.277315486408988 ], [ -122.522076474645431, 45.277487486774525 ], [ -122.522176475198066, 45.277609487051969 ], [ -122.522313475655437, 45.277708487200293 ], [ -122.522565475946166, 45.277765487047908 ], [ -122.52287047688462, 45.2779674873141 ], [ -122.523091477325508, 45.278059487322032 ], [ -122.523335477699788, 45.278135487243716 ], [ -122.524030478266312, 45.278238486635168 ], [ -122.524251479008939, 45.278398486871161 ], [ -122.524770481808986, 45.279012488226186 ], [ -122.525006482711319, 45.279207488556558 ], [ -122.525296483437657, 45.279360488669624 ], [ -122.526166484969067, 45.279672488509966 ], [ -122.52646348671496, 45.280054489378877 ], [ -122.526631487046231, 45.280122489372665 ], [ -122.52672348796338, 45.280325489925097 ], [ -122.52689148868582, 45.280481490213248 ], [ -122.527310489169579, 45.280573489935136 ], [ -122.528043489746167, 45.280673489243206 ], [ -122.528158489313071, 45.280571488741415 ], [ -122.528174489048979, 45.280511488518634 ], [ -122.528196488416569, 45.280368488010254 ], [ -122.528200487456104, 45.28015248728331 ], [ -122.528211486812808, 45.280007486783752 ], [ -122.528228486192802, 45.279867486292524 ], [ -122.528214485224709, 45.279650485587347 ], [ -122.528199481688887, 45.278856482956549 ], [ -122.528203480083135, 45.278495481745416 ], [ -122.528256473327289, 45.276975476596867 ], [ -122.528253470759012, 45.276398474674281 ], [ -122.528247469828031, 45.276189473984566 ], [ -122.528248469133914, 45.276033473462284 ], [ -122.528251465413916, 45.27519747066669 ], [ -122.528270460391965, 45.274068466871398 ], [ -122.528287458177758, 45.273570465185955 ], [ -122.528300457453923, 45.27340746462442 ], [ -122.528551457516031, 45.273414464313667 ], [ -122.530466457770103, 45.27341846177773 ], [ -122.531821457999939, 45.273432460020175 ], [ -122.534480458386753, 45.273445456522737 ], [ -122.535152458411261, 45.273432455585407 ], [ -122.535188459447326, 45.273661456286916 ], [ -122.53519046036206, 45.273864456948594 ], [ -122.535268459772723, 45.273731456409259 ], [ -122.535359459392126, 45.273644456003261 ], [ -122.535490459007391, 45.273555455537576 ], [ -122.535659458690247, 45.273480455067279 ], [ -122.53583245845914, 45.273424454653949 ], [ -122.535954458496747, 45.27342945450787 ], [ -122.536886458638904, 45.273435453286602 ], [ -122.538519458858687, 45.273439451125412 ], [ -122.540958459137229, 45.273434447861973 ], [ -122.543008459367556, 45.273429445116662 ], [ -122.543330459402753, 45.273428444684754 ], [ -122.544846459608209, 45.273432442679201 ], [ -122.545289459639974, 45.273427442073533 ], [ -122.545731459382552, 45.273359441269434 ], [ -122.54610745840499, 45.273136440062657 ], [ -122.546404457003277, 45.272823438677399 ], [ -122.546696455503039, 45.272489437234135 ], [ -122.546863453619281, 45.272075435704778 ], [ -122.547210444748998, 45.270138429131457 ], [ -122.547248443786728, 45.269928428419092 ], [ -122.547293443156192, 45.269790427925081 ], [ -122.54737644259356, 45.269666427426145 ], [ -122.547428442359177, 45.269614427194746 ], [ -122.547488442148477, 45.26956742696877 ], [ -122.547551441988659, 45.269531426773675 ], [ -122.547615441856522, 45.269501426596243 ], [ -122.547749441661736, 45.269456426281053 ], [ -122.547952441427128, 45.269401425845267 ], [ -122.548868440445645, 45.269170423935442 ], [ -122.549087440262284, 45.26912642351467 ], [ -122.549231440164448, 45.269102423253599 ], [ -122.549373440149409, 45.269096423051643 ], [ -122.549661440272146, 45.269117422745978 ], [ -122.55050844074573, 45.269203421922185 ], [ -122.550627440811994, 45.269215421806045 ], [ -122.551688441403684, 45.269322420769619 ], [ -122.552218441725685, 45.269381420268331 ], [ -122.552799442029638, 45.269435419685003 ], [ -122.554514442997757, 45.26960941800462 ], [ -122.557597444783653, 45.269929414991552 ], [ -122.558887445536001, 45.270063413725502 ], [ -122.56058144650008, 45.270233412039865 ], [ -122.562269447496391, 45.270409410374569 ], [ -122.563967448526753, 45.270591408708547 ], [ -122.565588449473466, 45.270756407086438 ], [ -122.568357451143925, 45.271047404330758 ], [ -122.569886452025514, 45.271198402774004 ], [ -122.570112452207184, 45.271231402574919 ], [ -122.570459452401863, 45.271264402217092 ], [ -122.571486452568607, 45.27127640090621 ], [ -122.574746453151789, 45.271325396775147 ], [ -122.576392453429122, 45.271346394677394 ], [ -122.581241454308397, 45.271420388528107 ], [ -122.582926454606906, 45.27144438638485 ], [ -122.583958454786611, 45.271458385069828 ], [ -122.586398455216823, 45.271492381962048 ], [ -122.586533455255989, 45.27149738179871 ], [ -122.586776455336334, 45.271508381510287 ], [ -122.587058455514281, 45.271538381223266 ], [ -122.587550456261013, 45.271679380967853 ], [ -122.588019457306501, 45.271881380910095 ], [ -122.589862461918969, 45.272774380938209 ], [ -122.590051462454738, 45.272878380973438 ], [ -122.590211463155299, 45.273016381140089 ], [ -122.590325464038287, 45.273192381471752 ], [ -122.590384465023504, 45.27339038193653 ], [ -122.590412465871708, 45.273561382368364 ], [ -122.590406471932056, 45.274788385742347 ], [ -122.590397475467711, 45.275504387718705 ], [ -122.590408476190447, 45.275650388104346 ], [ -122.590484476873044, 45.275786388374534 ], [ -122.590686477563978, 45.275920388468258 ], [ -122.590914477804233, 45.275962388274301 ], [ -122.591139477895823, 45.275974388002126 ], [ -122.592173478068972, 45.275979386613919 ], [ -122.595383478718915, 45.276017382364337 ], [ -122.596922479050107, 45.276039380336194 ], [ -122.597546479244883, 45.276060379546003 ], [ -122.597757479260295, 45.276057379251753 ], [ -122.598197479333734, 45.276059378660214 ], [ -122.598727479490208, 45.276075377983858 ], [ -122.599475479583106, 45.276072376961096 ], [ -122.599711479416627, 45.276032376534758 ], [ -122.599932479162618, 45.275975376083842 ], [ -122.600417478298709, 45.275789374933908 ], [ -122.600954477641665, 45.275643373821076 ], [ -122.601533477220485, 45.275543372774294 ], [ -122.602078476783603, 45.275441371769261 ], [ -122.603103476049455, 45.275267369928741 ], [ -122.604423475130588, 45.275049367579378 ], [ -122.607671472847301, 45.27451236182052 ], [ -122.609204471879423, 45.27428235917418 ], [ -122.609715471538607, 45.274202358285031 ], [ -122.6102284710649, 45.274096357327629 ], [ -122.610856470145933, 45.273900355988268 ], [ -122.611038469924168, 45.273852355622942 ], [ -122.611375469767822, 45.27381335507377 ], [ -122.611897469736761, 45.273794354328679 ], [ -122.613963470008017, 45.273796351575967 ], [ -122.615496470242775, 45.273804349549664 ], [ -122.615765470256235, 45.273800349180576 ], [ -122.615386488869319, 45.277433358782822 ], [ -122.615237494053503, 45.278447361527235 ], [ -122.615221495098496, 45.278651362060366 ], [ -122.61528049617128, 45.278858362497367 ], [ -122.615421496990919, 45.279013362690343 ], [ -122.615827498585475, 45.279310362870483 ], [ -122.616017499152449, 45.279414362866568 ], [ -122.616226499645848, 45.279503362798458 ], [ -122.616753500683217, 45.279687362524449 ], [ -122.616846500894923, 45.279725362489664 ], [ -122.616912500870271, 45.279718362380386 ], [ -122.617032500849859, 45.279710362193498 ], [ -122.617200501017976, 45.279737362026836 ], [ -122.617635502134434, 45.279939361922828 ], [ -122.618184504041025, 45.280290362027088 ], [ -122.618344504348059, 45.280344361937217 ], [ -122.61877950471974, 45.280401361470119 ], [ -122.619481505020673, 45.280435360572383 ], [ -122.619923505140989, 45.280443359973958 ], [ -122.620252505039375, 45.280412359437641 ], [ -122.620435505625906, 45.280519359444483 ], [ -122.620564505866454, 45.280561359367056 ], [ -122.620717504117735, 45.280218358311615 ], [ -122.620839504077168, 45.280206358111833 ], [ -122.621358504941313, 45.280355357751702 ], [ -122.622777503770493, 45.280081355101679 ], [ -122.62321250271377, 45.279863353965339 ], [ -122.624532497995489, 45.278913349831264 ], [ -122.624989496898905, 45.278688348656146 ], [ -122.625829495466562, 45.278387346771972 ], [ -122.626210495011534, 45.278288346009049 ], [ -122.626416495003042, 45.278280345706008 ], [ -122.62734749385632, 45.278032343830731 ], [ -122.628354493655664, 45.277963342281467 ], [ -122.628911493188539, 45.277857341264024 ], [ -122.629437493271837, 45.277857340541438 ], [ -122.630345495322914, 45.278220340150845 ], [ -122.630378495764376, 45.278303340301306 ], [ -122.630407496509989, 45.278444340594078 ], [ -122.63041049727245, 45.278589340932115 ], [ -122.630405497655232, 45.278662341111264 ], [ -122.630355499133969, 45.278945341848299 ], [ -122.6302455016951, 45.27943634316 ], [ -122.630093505808034, 45.280224345233016 ], [ -122.630078506934595, 45.280439345761998 ], [ -122.630078510353798, 45.281090347300292 ], [ -122.630099519118673, 45.282758351211861 ], [ -122.630119522179612, 45.283340352558461 ], [ -122.630141523660058, 45.283621353190881 ], [ -122.630154526420426, 45.284146354412485 ], [ -122.63015453099564, 45.285017356469972 ], [ -122.630141534023707, 45.285594357851814 ], [ -122.630169536299107, 45.286026358831712 ], [ -122.630209538209712, 45.286388359628532 ], [ -122.630674554984267, 45.289559366426509 ], [ -122.630716556088316, 45.289767366854342 ], [ -122.630786557310003, 45.28999636728976 ], [ -122.631090561095661, 45.290701368495768 ], [ -122.631224562935031, 45.291044369101932 ], [ -122.631267563682911, 45.291184369366619 ], [ -122.63130256444461, 45.29132736965029 ], [ -122.63132256520764, 45.291471369958792 ], [ -122.631322565297069, 45.291488369998753 ], [ -122.631320565959555, 45.291614370297992 ], [ -122.631308566708796, 45.29175737065227 ], [ -122.631193570792135, 45.292539372665075 ], [ -122.631166571542309, 45.292683373044724 ], [ -122.631011573703418, 45.29310237426602 ], [ -122.63087257547366, 45.293446375287537 ], [ -122.630719577612396, 45.293861376498661 ], [ -122.63022958521664, 45.29533538072787 ], [ -122.63017258598768, 45.295485381170025 ], [ -122.630356586068658, 45.295490380897974 ], [ -122.631728586418475, 45.295479378755402 ], [ -122.634725587314193, 45.295480374134193 ], [ -122.636474587791426, 45.295472371417517 ], [ -122.638117588279485, 45.295472368882969 ], [ -122.638596588443079, 45.295476368153167 ], [ -122.642521589609089, 45.295476362098114 ], [ -122.642743589701823, 45.295481361766853 ], [ -122.642890589831154, 45.295497361575897 ], [ -122.643032590066113, 45.295533361437407 ], [ -122.643100590230929, 45.295560361392916 ], [ -122.643162590442174, 45.295596361377754 ], [ -122.64321959067874, 45.295637361381473 ], [ -122.643266590955221, 45.29568636141849 ], [ -122.643301591270969, 45.295743361491887 ], [ -122.643322591614734, 45.295806361600285 ], [ -122.643333591960868, 45.295870361726386 ], [ -122.643341594218413, 45.296291362655296 ], [ -122.643352595014562, 45.296439362969124 ], [ -122.643377595793595, 45.296583363252239 ], [ -122.643407596156337, 45.296649363353168 ], [ -122.643455596487129, 45.296708363410403 ], [ -122.643515596768069, 45.2967573634266 ], [ -122.643581596991993, 45.296795363408869 ], [ -122.643649597162934, 45.296823363365604 ], [ -122.643719597286321, 45.296842363299106 ], [ -122.643791597372811, 45.296854363213896 ], [ -122.64400559751914, 45.296869362914371 ], [ -122.648278599013494, 45.296902356337633 ], [ -122.648561599111559, 45.296904355901539 ], [ -122.648788599149142, 45.296898355535163 ], [ -122.648940599104179, 45.296881355261483 ], [ -122.649017599041485, 45.29686535510676 ], [ -122.649092598945771, 45.296843354942098 ], [ -122.64916759881757, 45.296815354764362 ], [ -122.649236598655079, 45.29678135458294 ], [ -122.649301598448119, 45.296739354390354 ], [ -122.649357598211296, 45.296692354200907 ], [ -122.649407597929425, 45.296637354003416 ], [ -122.649449597617973, 45.296577353807521 ], [ -122.649525596965546, 45.296452353417415 ], [ -122.649606596346928, 45.296333353032786 ], [ -122.649698595796337, 45.296226352657385 ], [ -122.649803595336067, 45.296135352296808 ], [ -122.649921594971502, 45.296061351953256 ], [ -122.650047594663306, 45.295997351619206 ], [ -122.650246594290365, 45.295917351137668 ], [ -122.650526593936036, 45.29583635052898 ], [ -122.650739593729156, 45.295786350091419 ], [ -122.650956593599176, 45.295750349678144 ], [ -122.651107593622669, 45.295746349436151 ], [ -122.651260593706411, 45.295753349214863 ], [ -122.651682594158032, 45.295813348692072 ], [ -122.651863594353301, 45.295839348468263 ], [ -122.652003594568882, 45.295871348320674 ], [ -122.652137594869558, 45.295919348216735 ], [ -122.652261595292146, 45.29599034817759 ], [ -122.652367595845121, 45.296086348219859 ], [ -122.652463596433265, 45.296189348292494 ], [ -122.652643597698642, 45.29641234849224 ], [ -122.652793598645843, 45.296578348615611 ], [ -122.652849598929123, 45.296627348633727 ], [ -122.652970599449674, 45.296716348636501 ], [ -122.653033599675453, 45.296754348619999 ], [ -122.65316860005926, 45.296817348544991 ], [ -122.653311600347834, 45.296862348418863 ], [ -122.653382600462123, 45.29687934834476 ], [ -122.653746600911461, 45.296941347910774 ], [ -122.654040601187205, 45.29697534752561 ], [ -122.654189601287626, 45.296985347314937 ], [ -122.654339601339416, 45.296986347083475 ], [ -122.65448960135312, 45.296980346837138 ], [ -122.654792601272405, 45.296948346297285 ], [ -122.655244601079474, 45.296887345464228 ], [ -122.655398600930639, 45.296851345148212 ], [ -122.655471600735055, 45.296811344949852 ], [ -122.655529600420266, 45.296750344730384 ], [ -122.655558600020242, 45.296675344526392 ], [ -122.655561599606699, 45.296599344360722 ], [ -122.655406596571765, 45.29605134343965 ], [ -122.655229592730407, 45.295356342239003 ], [ -122.655209591961466, 45.295216341972754 ], [ -122.655209591198442, 45.295076341675667 ], [ -122.655225590609064, 45.294967341419763 ], [ -122.655229590484879, 45.294944341364811 ], [ -122.655288589406553, 45.294743340847731 ], [ -122.655427587637007, 45.294411339930441 ], [ -122.655483586480926, 45.294196339388932 ], [ -122.655499585684026, 45.294049339052926 ], [ -122.65550758490113, 45.29390533873552 ], [ -122.655511582917569, 45.293541337958061 ], [ -122.655506581727522, 45.293323337503715 ], [ -122.655477578976885, 45.292820336481746 ], [ -122.655437577101267, 45.292478335817449 ], [ -122.655399576093217, 45.292295335486976 ], [ -122.655343575102236, 45.292116335192034 ], [ -122.655264573423864, 45.291812334666432 ], [ -122.655237572331984, 45.291613334284911 ], [ -122.655227571544486, 45.291469333994428 ], [ -122.655217566385943, 45.290523332002103 ], [ -122.655223562795769, 45.289864330594781 ], [ -122.655226562060705, 45.28972933030385 ], [ -122.655237561294982, 45.289588329988355 ], [ -122.655259560542873, 45.289449329660748 ], [ -122.655325559049402, 45.289172328975241 ], [ -122.655392557294192, 45.288847328186826 ], [ -122.655413556296224, 45.288663327765683 ], [ -122.655421555071513, 45.288438327276857 ], [ -122.655411553171888, 45.288090326553821 ], [ -122.656009553734918, 45.288167325836447 ], [ -122.655917554591255, 45.288328326312488 ], [ -122.655853555104997, 45.288425326612064 ], [ -122.655791555695501, 45.288536326938463 ], [ -122.655669557122067, 45.288803327683944 ], [ -122.655589558220413, 45.289008328236498 ], [ -122.655543558961583, 45.289146328597027 ], [ -122.655476560498897, 45.289431329300342 ], [ -122.655440562060079, 45.289719329964299 ], [ -122.655433562614405, 45.289821330190968 ], [ -122.655419563646731, 45.290011330614611 ], [ -122.655420565015405, 45.290262331145236 ], [ -122.655427569629467, 45.291108332928253 ], [ -122.655438572025773, 45.291547333842367 ], [ -122.655457573121282, 45.291747334237705 ], [ -122.655459573209015, 45.291763334268609 ], [ -122.655503574387623, 45.291977334655797 ], [ -122.655796579823203, 45.292959336291929 ], [ -122.655998583731403, 45.293665337478011 ], [ -122.656109585694651, 45.294019338056835 ], [ -122.656374590711053, 45.294924339562073 ], [ -122.656512592979283, 45.295332340210599 ], [ -122.656615594462465, 45.295598340612706 ], [ -122.656709595566497, 45.295795340882798 ], [ -122.656852596991513, 45.296048341194627 ], [ -122.657013598378839, 45.296293341461045 ], [ -122.657140599401146, 45.296473341642766 ], [ -122.657273600403769, 45.296649341806322 ], [ -122.657458601679778, 45.296872341987225 ], [ -122.657797603819262, 45.297244342239892 ], [ -122.658198606188179, 45.297654342472768 ], [ -122.658491607972351, 45.29796334266063 ], [ -122.658786607912376, 45.297935342140036 ], [ -122.659173607135898, 45.297771341192131 ], [ -122.660496601061539, 45.296589336673712 ], [ -122.660624597585311, 45.29594933514997 ], [ -122.660560592908581, 45.295101333493037 ], [ -122.660304586684163, 45.293981331565057 ], [ -122.660192580767585, 45.292909329512646 ], [ -122.660272573147594, 45.291517326504888 ], [ -122.66049656986813, 45.290909324908426 ], [ -122.66065656718537, 45.290413323641985 ], [ -122.661472557804146, 45.288669318826656 ], [ -122.661712555309947, 45.288205317516358 ], [ -122.662528549336912, 45.287085314016309 ], [ -122.662659548601439, 45.286946313539715 ], [ -122.663555542017377, 45.285715309716991 ], [ -122.664309538632878, 45.285072307316007 ], [ -122.664862537409007, 45.284829306024889 ], [ -122.667431538095443, 45.284854302374065 ], [ -122.675463563948128, 45.289157299096694 ], [ -122.679763578019916, 45.291462297072307 ], [ -122.682373593818937, 45.294129298111287 ], [ -122.68253759549188, 45.294416298394253 ], [ -122.68260859594298, 45.294492298426732 ], [ -122.683344601873074, 45.295500299165404 ], [ -122.683664605781274, 45.296172299914367 ], [ -122.684144610378084, 45.29695630061687 ], [ -122.684304614425741, 45.297660301665317 ], [ -122.684624618253565, 45.298316302372037 ], [ -122.685264621369654, 45.298828302306241 ], [ -122.686192623947505, 45.299228301574828 ], [ -122.686800625696236, 45.299500301109802 ], [ -122.687760627107522, 45.299692299939309 ], [ -122.688368628496264, 45.299900299352032 ], [ -122.68971262994944, 45.300076297536926 ], [ -122.691345631411323, 45.300236295229816 ], [ -122.692817632179612, 45.300284292976343 ], [ -122.692779635976493, 45.300947294204853 ], [ -122.693852636272453, 45.300935292472225 ], [ -122.693989636186657, 45.300912292213468 ], [ -122.694913635624758, 45.300760290475182 ], [ -122.696042634512281, 45.300501288228048 ], [ -122.69779763238391, 45.300031284630641 ], [ -122.698430631401806, 45.299825283274686 ], [ -122.699170629502362, 45.299455281473058 ], [ -122.699880627391551, 45.299051279666351 ], [ -122.701253624489951, 45.298475276533132 ], [ -122.702687621997029, 45.297968273434591 ], [ -122.704274619960728, 45.29753327022997 ], [ -122.705360619266358, 45.297356268242702 ], [ -122.705937618896442, 45.297262267188387 ], [ -122.707867618804912, 45.297144263987128 ], [ -122.709813619831991, 45.297216261069039 ], [ -122.711545621448806, 45.29739925865772 ], [ -122.712495622931627, 45.297600257490792 ], [ -122.712440618010731, 45.296769256269272 ], [ -122.712378612474794, 45.295834254894018 ], [ -122.711255611042191, 45.295648256335554 ], [ -122.708417609391148, 45.295511260497562 ], [ -122.706967608959957, 45.295511262734955 ], [ -122.705663609063379, 45.295595264884668 ], [ -122.704411610027094, 45.295824267195464 ], [ -122.703064612560084, 45.296328270116241 ], [ -122.703008612671226, 45.296350270239707 ], [ -122.702283613335638, 45.296502271618159 ], [ -122.702178609177167, 45.295793270595922 ], [ -122.702042608781454, 45.295732270704072 ], [ -122.701946608671278, 45.295718270828971 ], [ -122.701831607636336, 45.295546270718532 ], [ -122.701784607319851, 45.295494270703934 ], [ -122.701663606876764, 45.295424270773246 ], [ -122.701597606735064, 45.295403270839806 ], [ -122.701529606621861, 45.295387270917843 ], [ -122.701389606498978, 45.295373271110172 ], [ -122.701244606432752, 45.295369271326983 ], [ -122.701070606538124, 45.295396271640648 ], [ -122.700863606709135, 45.295436272027224 ], [ -122.700702606638146, 45.295432272268783 ], [ -122.700625606632698, 45.295435272392609 ], [ -122.700480606723232, 45.295458272655061 ], [ -122.700340606879067, 45.295492272928463 ], [ -122.700059607265601, 45.295573273499059 ], [ -122.699304608588648, 45.295840275118188 ], [ -122.698956609260762, 45.295974275884404 ], [ -122.698480610101953, 45.296144276911249 ], [ -122.698349610369192, 45.296197277204712 ], [ -122.698139610710797, 45.296267277649889 ], [ -122.697931610954384, 45.296320278063064 ], [ -122.697793611005039, 45.296336278304523 ], [ -122.697724610978298, 45.296335278409806 ], [ -122.697588610844434, 45.296319278593288 ], [ -122.697453610601031, 45.29628427874254 ], [ -122.697326610215583, 45.29622427883637 ], [ -122.696726607647832, 45.29581127905427 ], [ -122.696614607111755, 45.295724279077305 ], [ -122.696512606503717, 45.295624279062288 ], [ -122.696469606161699, 45.295567279030301 ], [ -122.696433605798717, 45.295506278980518 ], [ -122.696407605409846, 45.295440278906646 ], [ -122.696378604615916, 45.295304278716458 ], [ -122.696370601830338, 45.294822277896159 ], [ -122.696576601873161, 45.294819277574476 ], [ -122.696649601859775, 45.294813277451965 ], [ -122.696722601788665, 45.29479727731222 ], [ -122.696835601544294, 45.294749277055921 ], [ -122.696862601488604, 45.294738276995524 ], [ -122.696923601246297, 45.294693276824354 ], [ -122.696974600943307, 45.294638276651362 ], [ -122.697013600584754, 45.294574276481349 ], [ -122.697052599758038, 45.294429276172004 ], [ -122.697056598054132, 45.294134275658209 ], [ -122.697054594348785, 45.293493274558188 ], [ -122.697058592835589, 45.29323127410121 ], [ -122.697056591361232, 45.292976273665438 ], [ -122.697056590910407, 45.292898273531222 ], [ -122.697064565007594, 45.288416265806539 ], [ -122.697057542985121, 45.284606259260421 ], [ -122.697065538738656, 45.283871257984146 ], [ -122.697061538310138, 45.283797257862496 ], [ -122.697064531993433, 45.282704255977414 ], [ -122.697056523310721, 45.281202253404039 ], [ -122.697991523541234, 45.281212252106705 ], [ -122.698347523601242, 45.281211251604468 ], [ -122.698724523659266, 45.281209251071004 ], [ -122.698942523705369, 45.28121025076625 ], [ -122.700999524114408, 45.281215247882663 ], [ -122.70128352417268, 45.281216247485034 ], [ -122.702613524511634, 45.281232245641768 ], [ -122.703128524583519, 45.281228244910963 ], [ -122.704082524800739, 45.281235243581108 ], [ -122.705102524989371, 45.28123524214682 ], [ -122.705107520146356, 45.280406240777175 ], [ -122.705092513798135, 45.279320239012947 ], [ -122.705092512880782, 45.279163238754883 ], [ -122.705091510636933, 45.278779238125047 ], [ -122.705090508802058, 45.278465237610256 ], [ -122.705116508040817, 45.278334237359061 ], [ -122.705124508001205, 45.278327237336541 ], [ -122.709369508882943, 45.278360231538613 ], [ -122.709698508948094, 45.278362231088259 ], [ -122.709691509117462, 45.278391231144283 ], [ -122.709676510573033, 45.278639231561726 ], [ -122.709726511945306, 45.278871231863761 ], [ -122.709769513134304, 45.279072232125628 ], [ -122.709790513708185, 45.279169232251625 ], [ -122.709912515322515, 45.279440232515462 ], [ -122.710057516623706, 45.279657232660433 ], [ -122.710248517821611, 45.279855232710446 ], [ -122.710370518319493, 45.279936232669563 ], [ -122.710466518589328, 45.279979232604227 ], [ -122.710744519691858, 45.280158232501208 ], [ -122.713250525291073, 45.28103123036999 ], [ -122.714519530843305, 45.28193022998461 ], [ -122.714915536087219, 45.282803230777986 ], [ -122.714758541377535, 45.283702232395612 ], [ -122.714980543483392, 45.284050232617247 ], [ -122.715433545710013, 45.284410232524131 ], [ -122.716105547855349, 45.284748232078648 ], [ -122.716100548227857, 45.284811232182754 ], [ -122.717748567191492, 45.287943234577355 ], [ -122.718747570963671, 45.288537234007045 ], [ -122.718572569951533, 45.288374234018491 ], [ -122.718228567371042, 45.287954233888229 ], [ -122.717831563942397, 45.287393233618374 ], [ -122.717557561044515, 45.286916233292715 ], [ -122.717458557718913, 45.28636023258931 ], [ -122.717076553844791, 45.285722232169732 ], [ -122.716832550283172, 45.285131231618358 ], [ -122.716710547722826, 45.284704231140111 ], [ -122.716512546345911, 45.284479231079885 ], [ -122.716435545445762, 45.284330230961842 ], [ -122.716504543087055, 45.283930230248991 ], [ -122.71710754042067, 45.283460228667032 ], [ -122.717778538090201, 45.283045227077466 ], [ -122.718243537683307, 45.282961226288037 ], [ -122.718732538369466, 45.283060225742148 ], [ -122.719685541329852, 45.28352522508473 ], [ -122.720166542154828, 45.283647224580712 ], [ -122.720654542367669, 45.283666223911595 ], [ -122.721242541735407, 45.283540222883481 ], [ -122.721814540806022, 45.283365221806861 ], [ -122.7226155390955, 45.283052220202272 ], [ -122.72343953757121, 45.282770218615269 ], [ -122.724278536933269, 45.282636217227541 ], [ -122.726796536693001, 45.282514213477818 ], [ -122.728413536803416, 45.28248021113594 ], [ -122.729222537051442, 45.282495210009849 ], [ -122.729871536048776, 45.282308208826464 ], [ -122.730130533706955, 45.281912207903709 ], [ -122.730466531166414, 45.28148120682539 ], [ -122.731206527796445, 45.280901204974882 ], [ -122.731252526988229, 45.280766204722291 ], [ -122.731282526467368, 45.280679204559071 ], [ -122.731206525092688, 45.280454204351983 ], [ -122.730878523050933, 45.280126204352662 ], [ -122.730855521916325, 45.279939204123558 ], [ -122.730908519253092, 45.279497203432527 ], [ -122.730985517742425, 45.279245202973819 ], [ -122.731091516236347, 45.278993202475363 ], [ -122.731313515124057, 45.278803201903422 ], [ -122.731580514702358, 45.278726201427169 ], [ -122.732632513882294, 45.278562199746901 ], [ -122.73338051347713, 45.278475198594819 ], [ -122.733655512387301, 45.27828819795922 ], [ -122.734128508596129, 45.277651196437638 ], [ -122.734723504934152, 45.27703319478109 ], [ -122.735280501929708, 45.276525193332283 ], [ -122.735341501014403, 45.276373193043462 ], [ -122.735288500538388, 45.276296193011248 ], [ -122.734998499614647, 45.276151193208506 ], [ -122.734792499262724, 45.276098193416104 ], [ -122.734647499472686, 45.276136193664563 ], [ -122.734547500035319, 45.276231193929632 ], [ -122.734456500975725, 45.276388194267092 ], [ -122.73444150199397, 45.276556194516381 ], [ -122.734609503106356, 45.27673519453127 ], [ -122.734433503402002, 45.276788194843377 ], [ -122.734235504878299, 45.277036195451728 ], [ -122.733876506517234, 45.277315196323741 ], [ -122.73370150500962, 45.277071196229073 ], [ -122.733312503767692, 45.276876196492772 ], [ -122.732808503067474, 45.276773197038452 ], [ -122.731168500263351, 45.27635019868481 ], [ -122.730687498137755, 45.27601019886319 ], [ -122.730527495117272, 45.275514198385771 ], [ -122.730809492369701, 45.275053197360549 ], [ -122.730939483251063, 45.273542195076054 ], [ -122.731046481625512, 45.273271194555427 ], [ -122.731313480508717, 45.273081193935795 ], [ -122.73160348047108, 45.273069193533999 ], [ -122.731854481100683, 45.273168193338044 ], [ -122.732060482167228, 45.27334019330258 ], [ -122.732236483321458, 45.273527193327155 ], [ -122.732671486890425, 45.274107193547685 ], [ -122.733510490353424, 45.274660193183628 ], [ -122.73392949091911, 45.27474419273571 ], [ -122.734403490563437, 45.274675192004658 ], [ -122.735066489727771, 45.274523190907885 ], [ -122.735700488509508, 45.274309189768168 ], [ -122.736462486331163, 45.273935188244963 ], [ -122.737042484357289, 45.273599187020558 ], [ -122.7377374840475, 45.27353418600763 ], [ -122.73798148282691, 45.273329185410191 ], [ -122.738126481306693, 45.273077184882865 ], [ -122.738210479986208, 45.272859184482158 ], [ -122.738232478615402, 45.272634184154633 ], [ -122.73812647494718, 45.27203518349998 ], [ -122.73807247196298, 45.271547182923271 ], [ -122.737988470556459, 45.271318182729331 ], [ -122.737798469395344, 45.271131182729718 ], [ -122.737309467880635, 45.270891183049535 ], [ -122.736935466422082, 45.270658183226487 ], [ -122.736691465909928, 45.270578183437593 ], [ -122.7364244657916, 45.270563183765603 ], [ -122.736142465994504, 45.270601184184436 ], [ -122.735867466337879, 45.270662184625387 ], [ -122.735440467127688, 45.270799185367878 ], [ -122.735074468020215, 45.270952186053435 ], [ -122.734876468321758, 45.271005186384329 ], [ -122.734670468282019, 45.271002186649731 ], [ -122.734761467665621, 45.270899186390686 ], [ -122.734555466368519, 45.270689186374042 ], [ -122.734334464511875, 45.27038718625068 ], [ -122.734174462552886, 45.270067186022217 ], [ -122.734235461119638, 45.269830185619604 ], [ -122.734486460080447, 45.269655185055747 ], [ -122.735196458961383, 45.269460183871914 ], [ -122.736043458229943, 45.269327182597358 ], [ -122.736363457071675, 45.269132181921812 ], [ -122.736569455439522, 45.268861181292358 ], [ -122.736684454078897, 45.268636180842556 ], [ -122.736714452643753, 45.268400180487617 ], [ -122.736630451241766, 45.268171180288192 ], [ -122.736440450063029, 45.267980180274989 ], [ -122.735371446382771, 45.2673891808424 ], [ -122.735171445565044, 45.267257180918158 ], [ -122.735036445013932, 45.267168180969151 ], [ -122.734914443795375, 45.266969180854026 ], [ -122.734898442408522, 45.266741180564679 ], [ -122.734952440625335, 45.266447180097124 ], [ -122.735043438868672, 45.266157179588632 ], [ -122.735143437829592, 45.26598517922929 ], [ -122.735318437123382, 45.265867178849007 ], [ -122.735677437097635, 45.265859178386272 ], [ -122.736028437631333, 45.26594317805764 ], [ -122.736745439377344, 45.266222177528498 ], [ -122.736879439636056, 45.266263177414238 ], [ -122.737187440241911, 45.266359177153618 ], [ -122.737645440693839, 45.266428176666814 ], [ -122.738492439585414, 45.266237175343228 ], [ -122.739224439377637, 45.266195174363837 ], [ -122.739644440151608, 45.266317173993961 ], [ -122.739896440260367, 45.266332173695289 ], [ -122.74015544009427, 45.266302173328867 ], [ -122.740460439600582, 45.266218172834051 ], [ -122.740689438611625, 45.266054172331366 ], [ -122.740842436870025, 45.265768171766382 ], [ -122.740819434976103, 45.265459171393218 ], [ -122.740613432649198, 45.265081171159096 ], [ -122.739858426164631, 45.264028170723812 ], [ -122.73970542426737, 45.263719170508338 ], [ -122.739247416905329, 45.262518169494456 ], [ -122.739026415076168, 45.26222016937264 ], [ -122.738988414237781, 45.262083169238451 ], [ -122.739011413352571, 45.261938169019139 ], [ -122.739247412192967, 45.261747168479509 ], [ -122.739613411574638, 45.261644167897998 ], [ -122.739957411634109, 45.261652167489373 ], [ -122.740277412317155, 45.261762167243191 ], [ -122.740567413446698, 45.261945167128111 ], [ -122.740712414927259, 45.2621861672649 ], [ -122.740842422220055, 45.263376168654169 ], [ -122.740826425116182, 45.263849169289415 ], [ -122.740918426847912, 45.264131169542075 ], [ -122.741216429601863, 45.2645781697519 ], [ -122.741406430476275, 45.264719169697749 ], [ -122.741719431265992, 45.264845169470078 ], [ -122.742062431892435, 45.264944169169297 ], [ -122.742345432350291, 45.26501616890819 ], [ -122.742650432601025, 45.265054168575496 ], [ -122.742894432314145, 45.265005168207466 ], [ -122.743062431482286, 45.264868167822044 ], [ -122.743588426232179, 45.264009166069918 ], [ -122.743779425165712, 45.263834165610085 ], [ -122.744031424310691, 45.263693165118646 ], [ -122.74423742396354, 45.263635164790038 ], [ -122.744458423973782, 45.263635164516586 ], [ -122.74506142538722, 45.263860164054059 ], [ -122.74545042585568, 45.263933163663594 ], [ -122.745831425707806, 45.263906163157188 ], [ -122.746121424944889, 45.263780162640018 ], [ -122.746472423129404, 45.263483161834806 ], [ -122.746518422329459, 45.263353161615889 ], [ -122.746320418650967, 45.262758161117453 ], [ -122.746152417633056, 45.262594161118884 ], [ -122.745313414521178, 45.262094161519606 ], [ -122.744969412957857, 45.261842161622297 ], [ -122.744733411097513, 45.261541161529891 ], [ -122.7446794095695, 45.261293161282076 ], [ -122.744733405133118, 45.260572160305244 ], [ -122.744695403722801, 45.260343160061659 ], [ -122.744588402360577, 45.260122159911113 ], [ -122.744435401465566, 45.259977159911593 ], [ -122.74421440090191, 45.25988616006186 ], [ -122.743901400730664, 45.259859160403614 ], [ -122.742963401298539, 45.259954161652018 ], [ -122.742375402153613, 45.260095162540289 ], [ -122.741376404776702, 45.260526164301147 ], [ -122.741132404887793, 45.260545164620495 ], [ -122.740559404177219, 45.260431165163922 ], [ -122.739926402928177, 45.260229165663162 ], [ -122.739621402035553, 45.26008416584029 ], [ -122.739377400839018, 45.259889165877475 ], [ -122.739247399321087, 45.259641165707187 ], [ -122.739257398618349, 45.259526165543846 ], [ -122.741526398735814, 45.259540162843564 ], [ -122.741992398723966, 45.25953716228139 ], [ -122.742920398779972, 45.259544161178454 ], [ -122.74448939878981, 45.259542159295897 ], [ -122.744504398790028, 45.259542159277935 ], [ -122.744506398790037, 45.259542159275533 ], [ -122.744862398831998, 45.259548158856532 ], [ -122.745928398871712, 45.259552157584224 ], [ -122.748581398872176, 45.259546154397768 ], [ -122.749016398835025, 45.259539153867991 ], [ -122.750780399363123, 45.2595501507055 ], [ -122.752494400358358, 45.259553146330163 ], [ -122.763473406521513, 45.259538118262846 ], [ -122.764284407026977, 45.25954511619922 ], [ -122.764299410489386, 45.26010311682559 ], [ -122.764297426135897, 45.26263111984192 ], [ -122.764292426541587, 45.262697119933335 ], [ -122.764292428386128, 45.262995120288302 ], [ -122.769035431705774, 45.263096108265003 ], [ -122.76903443127209, 45.263026108184711 ], [ -122.769053426363882, 45.262231107194964 ], [ -122.76906942456624, 45.261939106808363 ], [ -122.76911242189918, 45.261504106183452 ], [ -122.769131421012816, 45.261359105963216 ], [ -122.769124420563344, 45.261287105895889 ], [ -122.769152419737779, 45.261151105663302 ], [ -122.769249416247618, 45.260578104737142 ], [ -122.769246415812816, 45.260508104661973 ], [ -122.769298414085213, 45.260224104192936 ], [ -122.769316413724226, 45.260164104075926 ], [ -122.769431410021681, 45.259555103061444 ], [ -122.770814410815916, 45.25955609952932 ], [ -122.770962410925009, 45.259560099155919 ], [ -122.771331411073405, 45.259550098201373 ], [ -122.772715411905338, 45.259557094673738 ], [ -122.772783411925502, 45.259554094496501 ], [ -122.777464414617555, 45.259558082542043 ], [ -122.777916414850353, 45.259554081382568 ], [ -122.778373415160218, 45.259562080224363 ], [ -122.779285415630454, 45.259554077885021 ], [ -122.779663415790182, 45.259545076908758 ], [ -122.780016416022235, 45.259550076012765 ], [ -122.781834417064374, 45.259551071369266 ], [ -122.782275417290919, 45.25954707023795 ], [ -122.783151417845716, 45.259556068010383 ], [ -122.784582418685801, 45.25956006435905 ], [ -122.784730418739258, 45.259555063975128 ], [ -122.784846418817708, 45.259557063681079 ], [ -122.784846418842406, 45.259561063685716 ], [ -122.784897428128787, 45.26105906529191 ], [ -122.784903428577138, 45.261131065360047 ], [ -122.784911428760907, 45.261160065373197 ], [ -122.784994431088464, 45.261529065588633 ], [ -122.784990431302461, 45.26156406563944 ], [ -122.784928434109872, 45.262024066331215 ], [ -122.78493043458684, 45.262101066415369 ], [ -122.785186432847638, 45.261796065406898 ], [ -122.785446431259047, 45.261515064416237 ], [ -122.785706430288499, 45.261334063541604 ], [ -122.786016429408235, 45.26116306255085 ], [ -122.786346428724784, 45.261022061543756 ], [ -122.786777428345957, 45.260921060324904 ], [ -122.787518427945983, 45.260788058276567 ], [ -122.78774742780449, 45.260744057640252 ], [ -122.787938427684594, 45.260707057109229 ], [ -122.788138427236234, 45.26061605649285 ], [ -122.788348426490884, 45.260476055794463 ], [ -122.788488425452343, 45.260295055227779 ], [ -122.788538424239036, 45.260094054868105 ], [ -122.788547421031623, 45.259574054245284 ], [ -122.789390421444025, 45.259563052078882 ], [ -122.790197421848276, 45.259554050006741 ], [ -122.79192242286824, 45.259560045606555 ], [ -122.792767423374414, 45.259564043452301 ], [ -122.795078424746819, 45.259573037558361 ], [ -122.795297424877802, 45.259574036999979 ], [ -122.798837426894892, 45.259574027955779 ], [ -122.801737428670776, 45.259594020569381 ], [ -122.802014428828613, 45.259594019861673 ], [ -122.804327430146515, 45.259594013952203 ], [ -122.803567434773484, 45.260414016820711 ], [ -122.801693446197774, 45.262438023904458 ], [ -122.802757446839649, 45.262444021188145 ], [ -122.805347448435199, 45.262464014582093 ], [ -122.805377464000244, 45.264984017346421 ], [ -122.80537748016522, 45.267604020300304 ], [ -122.805397490788664, 45.269324022188094 ], [ -122.805407495483351, 45.270084023019216 ], [ -122.805397504609061, 45.271564024713477 ], [ -122.805397505781329, 45.271754024927667 ], [ -122.805397519478348, 45.273974027430519 ], [ -122.805534520178625, 45.274075027191273 ], [ -122.805595520206765, 45.274074027032945 ], [ -122.809652522440629, 45.274066016567673 ], [ -122.821054528715749, 45.274042987155489 ], [ -122.821058547099966, 45.277025990435767 ], [ -122.821062548846129, 45.277308990737609 ], [ -122.82104655015587, 45.277522991015012 ], [ -122.82122155067924, 45.277591990639131 ], [ -122.821517551689539, 45.277728990025651 ], [ -122.82161555202795, 45.277774989823222 ], [ -122.821966553118315, 45.277919989076302 ], [ -122.822078553464593, 45.27796598883765 ], [ -122.822279553996339, 45.278033988393268 ], [ -122.822488554458573, 45.27808998791496 ], [ -122.822699554841861, 45.278132987417159 ], [ -122.822914555134972, 45.27816098689248 ], [ -122.823050555260522, 45.2781689865499 ], [ -122.823059555271726, 45.278169986527743 ], [ -122.823279555395132, 45.278169985959323 ], [ -122.826509555149158, 45.277835977248358 ], [ -122.826942555028666, 45.277776976065297 ], [ -122.827072554941438, 45.277750975701053 ], [ -122.827210556133679, 45.277931975542522 ], [ -122.82747455790161, 45.27819497514804 ], [ -122.827895559474186, 45.278411974297356 ], [ -122.828090559189349, 45.278347973723527 ], [ -122.828601558391952, 45.278171972211048 ], [ -122.828958557231147, 45.277950971047602 ], [ -122.829446555860642, 45.277683969495847 ], [ -122.830009553756454, 45.277290967613581 ], [ -122.830640550656156, 45.276729965373619 ], [ -122.831249548042621, 45.276249963279596 ], [ -122.831797545481265, 45.275783961359082 ], [ -122.832147543307556, 45.27539896003799 ], [ -122.832710540687344, 45.274921958068241 ], [ -122.83314353818507, 45.274475956468059 ], [ -122.833561535391397, 45.273983954857265 ], [ -122.834660535880687, 45.273962952002201 ], [ -122.833764546506586, 45.275770956270136 ], [ -122.833144549753484, 45.276354958502978 ], [ -122.833627554149402, 45.277024957982448 ], [ -122.834375560195696, 45.277938957040533 ], [ -122.83481256389409, 45.27849995651848 ], [ -122.834413563485725, 45.278469957517096 ], [ -122.833565562622454, 45.278406959640201 ], [ -122.833645563442971, 45.278532959570015 ], [ -122.833736564220402, 45.278650959462688 ], [ -122.83384656492845, 45.278755959292148 ], [ -122.834028565812304, 45.278882958959286 ], [ -122.834226566544984, 45.27898395855685 ], [ -122.834500567357196, 45.279090957964371 ], [ -122.834979568530471, 45.279237956885069 ], [ -122.835108568965921, 45.279296956615347 ], [ -122.835285569760629, 45.279409956279892 ], [ -122.835567571291222, 45.279632955791726 ], [ -122.83591857305737, 45.27988795515946 ], [ -122.8362585750573, 45.280181954597481 ], [ -122.836986580462309, 45.280993953589942 ], [ -122.837835586869843, 45.281957952430993 ], [ -122.83868959342702, 45.282945951282301 ], [ -122.839273597814454, 45.283605950478517 ], [ -122.839562600067865, 45.283945950094683 ], [ -122.840734608148153, 45.285152948350706 ], [ -122.841008609039179, 45.285272947768469 ], [ -122.841227609462734, 45.285321947252733 ], [ -122.841454609749221, 45.285347946691594 ], [ -122.841677609904238, 45.285352946118287 ], [ -122.841898609867457, 45.285326945516978 ], [ -122.842116609675202, 45.285275944896725 ], [ -122.842449609097955, 45.285151943900004 ], [ -122.842640608620002, 45.285056943302841 ], [ -122.843241607312606, 45.284789941458278 ], [ -122.843850606218936, 45.284556939629759 ], [ -122.844141606073677, 45.284506938821657 ], [ -122.844360606115842, 45.284493938239784 ], [ -122.844576606260944, 45.284497937683859 ], [ -122.844791606497708, 45.284516937146535 ], [ -122.845007606827309, 45.284550936622551 ], [ -122.845218607258644, 45.284601936129654 ], [ -122.845425607773862, 45.284666935662003 ], [ -122.845628608379101, 45.284746935220653 ], [ -122.84582660902457, 45.2848339347997 ], [ -122.846018609734344, 45.284931934405961 ], [ -122.846238610705683, 45.285069933982065 ], [ -122.846294611025968, 45.285116933886798 ], [ -122.846345611368051, 45.285167933808729 ], [ -122.846402612248525, 45.285305933807649 ], [ -122.846428612822649, 45.285396933836985 ], [ -122.846441613377237, 45.285485933897938 ], [ -122.846446614038072, 45.285592933998778 ], [ -122.846427621702631, 45.28684093537565 ], [ -122.846461622607137, 45.286984935440522 ], [ -122.846536623448372, 45.28711493538399 ], [ -122.846613623958604, 45.287190935264803 ], [ -122.846186623308952, 45.287123936302713 ], [ -122.84648268416116, 45.296991946030182 ], [ -122.846590711323216, 45.301398950434844 ], [ -122.84599871150219, 45.301480952073014 ], [ -122.84534271327594, 45.301827954161361 ], [ -122.844983713195603, 45.301846955122322 ], [ -122.844678713477023, 45.301919955999402 ], [ -122.844586713844748, 45.301987956313027 ], [ -122.844319715857111, 45.302338957387278 ], [ -122.844228716299199, 45.302418957711183 ], [ -122.844113716611275, 45.302479958077733 ], [ -122.843823717067195, 45.302579958944726 ], [ -122.843510717153706, 45.302621959810125 ], [ -122.843060716974378, 45.302632961001635 ], [ -122.841624715866203, 45.302580964710614 ], [ -122.841714699027705, 45.299835961534583 ], [ -122.837277697096837, 45.299918973237041 ], [ -122.837294706553152, 45.301453974847171 ], [ -122.837567707595525, 45.301598974288183 ], [ -122.838155709537062, 45.301861973030753 ], [ -122.838891712335126, 45.302250971520444 ], [ -122.838902712987306, 45.302355971604548 ], [ -122.838981714722934, 45.302630971693191 ], [ -122.839021716067876, 45.302845971819501 ], [ -122.839041716509627, 45.302915971842339 ], [ -122.839097717383353, 45.303052971842774 ], [ -122.839143717790137, 45.303114971788787 ], [ -122.839269718689948, 45.303249971603485 ], [ -122.839410719573422, 45.303380971374487 ], [ -122.839536720128635, 45.303459971128881 ], [ -122.839799721017428, 45.303580970569001 ], [ -122.84013172207942, 45.303723969851639 ], [ -122.840739724190996, 45.304012968566632 ], [ -122.841555719999519, 45.303258965617843 ], [ -122.841467728619932, 45.304667967358313 ], [ -122.841313728430961, 45.304650967744337 ], [ -122.840894728225976, 45.304654968848396 ], [ -122.840825729597128, 45.304883969275089 ], [ -122.8408337305613, 45.305039969421394 ], [ -122.841252735017562, 45.305726969057666 ], [ -122.841405735544313, 45.305798968732987 ], [ -122.841840735499417, 45.305752967541146 ], [ -122.842168736878634, 45.305947966888418 ], [ -122.842336737253589, 45.305993966496331 ], [ -122.842671737270834, 45.305966965587452 ], [ -122.842534735411803, 45.30567696563709 ], [ -122.842580734311213, 45.305493965320522 ], [ -122.842542733705969, 45.305398965318687 ], [ -122.842185732581513, 45.30524796609452 ], [ -122.851342736797406, 45.305117941913643 ], [ -122.851347722777547, 45.302836939491471 ], [ -122.857256725578296, 45.302764923922915 ], [ -122.857396755266137, 45.30758392860011 ], [ -122.85804275574823, 45.307604926923567 ], [ -122.859110756467103, 45.307626924138361 ], [ -122.860156757038752, 45.307626921388014 ], [ -122.861305757734272, 45.307637918378276 ], [ -122.861864758168778, 45.307658916930272 ], [ -122.861839767454825, 45.309172918570361 ], [ -122.861844770602502, 45.309684919089598 ], [ -122.861861772436129, 45.309981919353675 ], [ -122.861879773324304, 45.310124919454971 ], [ -122.861881773749232, 45.310193919521446 ], [ -122.861868774583655, 45.310330919698139 ], [ -122.86182077540515, 45.310468919968052 ], [ -122.861796775588616, 45.310500920064555 ], [ -122.867957775858997, 45.309997903319122 ], [ -122.867963782161397, 45.311023904360447 ], [ -122.867984801070264, 45.314101907476463 ], [ -122.867991807373201, 45.315127908515073 ], [ -122.867991808005584, 45.315230908621196 ], [ -122.867993809903766, 45.315539908934298 ], [ -122.8679948105367, 45.315642909037763 ], [ -122.867996812655903, 45.315987909387921 ], [ -122.868003819020217, 45.317023910436809 ], [ -122.86800682114611, 45.317369910785381 ], [ -122.869038821619284, 45.317355908041833 ], [ -122.872135823057917, 45.317316899811928 ], [ -122.873168823537867, 45.317303897066964 ], [ -122.873748823833708, 45.317300895530138 ], [ -122.874998824486468, 45.317296892220568 ], [ -122.875490824796017, 45.317303890926659 ], [ -122.87582582501436, 45.317309890046893 ], [ -122.876070825269792, 45.317329889419369 ], [ -122.878453826432121, 45.317308883096352 ], [ -122.885603829944529, 45.317249864129614 ], [ -122.887987831113733, 45.3172298578056 ], [ -122.894141834387156, 45.31721984152275 ], [ -122.894197834411386, 45.317218841373681 ], [ -122.894181834684531, 45.317264841461508 ], [ -122.894137836658047, 45.317590841900518 ], [ -122.894133836864214, 45.317624841944763 ], [ -122.894063838921653, 45.317966842468437 ], [ -122.893604842318723, 45.318561844272075 ], [ -122.893543842775884, 45.31864184451274 ], [ -122.893535843984736, 45.318839844730078 ], [ -122.893589844369316, 45.318897844644603 ], [ -122.893643845090907, 45.319010844613636 ], [ -122.89371784783296, 45.319451844854498 ], [ -122.8937298482561, 45.319519844890095 ], [ -122.893705851024791, 45.319973845403283 ], [ -122.893627853108711, 45.320320845953574 ], [ -122.893642854826297, 45.320599846190191 ], [ -122.893627855504405, 45.320711846340892 ], [ -122.89348685803229, 45.321136847135577 ], [ -122.893455858609883, 45.321233847313835 ], [ -122.893494859929888, 45.321445847420527 ], [ -122.893624861354169, 45.321666847294807 ], [ -122.893675861914744, 45.321753847245787 ], [ -122.89371986239189, 45.321827847202393 ], [ -122.893878863384472, 45.32197584692738 ], [ -122.893952863847161, 45.322044846799443 ], [ -122.893913864126347, 45.322093846951397 ], [ -122.893904864250146, 45.322114846996058 ], [ -122.893812865615871, 45.322345847468782 ], [ -122.893812865677134, 45.322355847478676 ], [ -122.89381786620676, 45.3224418475506 ], [ -122.893756866345399, 45.322469847740109 ], [ -122.893576866762984, 45.322553848300778 ], [ -122.893516866908342, 45.322582848488636 ], [ -122.893377867231678, 45.322647848921747 ], [ -122.89328686747055, 45.322694849209746 ], [ -122.89260886930478, 45.323053851364485 ], [ -122.892383869918802, 45.323173852080565 ], [ -122.892337870059421, 45.323200852229434 ], [ -122.892200870500346, 45.323284852676387 ], [ -122.89215587064767, 45.323312852823584 ], [ -122.892091870846031, 45.323350853031179 ], [ -122.891901871454479, 45.323466853650586 ], [ -122.891838871665641, 45.323506853857531 ], [ -122.891789871302208, 45.323451853932916 ], [ -122.891643870224641, 45.323288854158449 ], [ -122.891595869867871, 45.323234854232155 ], [ -122.891482869028707, 45.323107854405805 ], [ -122.891477868989242, 45.323101854413082 ], [ -122.891401868978917, 45.323106854619745 ], [ -122.891125869265252, 45.323177855422699 ], [ -122.891040869881309, 45.323285855755628 ], [ -122.890937870646979, 45.323419856162239 ], [ -122.890490870534833, 45.323440857369434 ], [ -122.8904498705066, 45.323439857477254 ], [ -122.890210870353272, 45.323435858107565 ], [ -122.890124870472448, 45.323462858362696 ], [ -122.890062870714814, 45.323507858572057 ], [ -122.889852872452607, 45.323809859430327 ], [ -122.889680873211844, 45.323948860025432 ], [ -122.889361874884926, 45.324249861172433 ], [ -122.889351875045037, 45.324276861225925 ], [ -122.889337875288788, 45.324317861303982 ], [ -122.889315875994072, 45.324434861479062 ], [ -122.889182877742826, 45.32473186212848 ], [ -122.889292878114617, 45.324782861887186 ], [ -122.889622879248378, 45.324938861166196 ], [ -122.889733879626803, 45.32499086092318 ], [ -122.889562880411233, 45.325133861519959 ], [ -122.889320881525251, 45.325336862365255 ], [ -122.889062882857502, 45.325576863290188 ], [ -122.888899883701512, 45.325728863874978 ], [ -122.888846883366526, 45.325678863965926 ], [ -122.888695882414936, 45.325536864225448 ], [ -122.888686882379432, 45.325531864244375 ], [ -122.88862088216618, 45.325502864390806 ], [ -122.888277883661232, 45.325776865575868 ], [ -122.888208883967394, 45.325832865815194 ], [ -122.887921886105644, 45.326206866951694 ], [ -122.887632887905767, 45.326525868038892 ], [ -122.887470889535123, 45.326805868749638 ], [ -122.887469889552989, 45.326808868755279 ], [ -122.887422890992823, 45.327047869119312 ], [ -122.887437891828426, 45.327182869214433 ], [ -122.887480892078358, 45.32721986913706 ], [ -122.887711890639281, 45.326964868267716 ], [ -122.887931890628721, 45.326943867661662 ], [ -122.888064890105568, 45.326846867211053 ], [ -122.888422889280378, 45.326680866093305 ], [ -122.888732889606302, 45.326706865294973 ], [ -122.888998890484757, 45.326826864707407 ], [ -122.88875089340398, 45.32732486586395 ], [ -122.888668894837139, 45.327565866322622 ], [ -122.888775895624008, 45.327684866156744 ], [ -122.888953894640792, 45.327508865507575 ], [ -122.889252892386409, 45.327114864319199 ], [ -122.889614888652133, 45.326473862717471 ], [ -122.889875885997611, 45.326017861569248 ], [ -122.890250882761009, 45.325456860013908 ], [ -122.89044988130523, 45.325201859231292 ], [ -122.89083687979749, 45.324921857924608 ], [ -122.891272878690046, 45.324702856548754 ], [ -122.891794878419475, 45.324612855072971 ], [ -122.892469878850235, 45.324623853291278 ], [ -122.893293880206741, 45.324772851250607 ], [ -122.893777880816486, 45.324829850021551 ], [ -122.89440388085319, 45.32478084831039 ], [ -122.894754879982216, 45.324607847207034 ], [ -122.894832880287623, 45.324650847042413 ], [ -122.894938880473362, 45.324671846781662 ], [ -122.895076880553745, 45.324672846416142 ], [ -122.895788880667482, 45.324628844481744 ], [ -122.895972880717494, 45.324620843985215 ], [ -122.896452880945233, 45.324615842705505 ], [ -122.897567881527081, 45.324612839741391 ], [ -122.898006881763379, 45.324612838575526 ], [ -122.898408882004247, 45.324616837511833 ], [ -122.898898882329291, 45.324626836220361 ], [ -122.899490882678592, 45.324631834653083 ], [ -122.900129882826576, 45.32459983292464 ], [ -122.900199882882632, 45.324602832741675 ], [ -122.901491883927122, 45.324659829366247 ], [ -122.901968884141027, 45.324652828092582 ], [ -122.903114884776258, 45.324655825051963 ], [ -122.904164885292474, 45.324647822255571 ], [ -122.906048886355563, 45.324655817259824 ], [ -122.908843887933486, 45.324667809848449 ], [ -122.908876887951251, 45.324667809760804 ], [ -122.908888931689035, 45.331813816638224 ], [ -122.908884934538676, 45.332279817099455 ], [ -122.908879937008336, 45.332683817503415 ], [ -122.908865944442439, 45.333899818716532 ], [ -122.908862946919314, 45.334304819116156 ], [ -122.90886194710238, 45.33433481914782 ], [ -122.908853951516519, 45.335056819867312 ], [ -122.908829965309835, 45.337312822112935 ], [ -122.908821969907592, 45.33806482286149 ], [ -122.908816972297771, 45.338455823252964 ], [ -122.908804979469821, 45.339628824419393 ], [ -122.908800981866648, 45.340020824809173 ], [ -122.908793984953391, 45.340525825316263 ], [ -122.908776994258631, 45.342047826833692 ], [ -122.908772997359222, 45.342554827334723 ], [ -122.908487996535086, 45.342444827993106 ], [ -122.908428996424306, 45.342431828138835 ], [ -122.907662995051552, 45.34227383004125 ], [ -122.907483994871058, 45.342259830507956 ], [ -122.90735099485569, 45.342268830873564 ], [ -122.907297994852073, 45.342272831019642 ], [ -122.906986994650595, 45.342266831848271 ], [ -122.90700599474637, 45.342280831810875 ], [ -122.907031995298738, 45.342368831826441 ], [ -122.907011996169544, 45.342512832019757 ], [ -122.906978996776374, 45.342614832207239 ], [ -122.90691099746256, 45.34273283250419 ], [ -122.906899997542439, 45.342746832547292 ], [ -122.906859997851768, 45.342800832707013 ], [ -122.906806998747939, 45.342951832995745 ], [ -122.906825003715227, 45.343761833733197 ], [ -122.90682000695044, 45.344290834259802 ], [ -122.906816010149456, 45.344813834777895 ], [ -122.906813011788188, 45.345081835045946 ], [ -122.906806016711656, 45.345886835845704 ], [ -122.90680501835763, 45.346155836109361 ], [ -122.907191018555253, 45.346154835070365 ], [ -122.907398018664523, 45.346154834513705 ], [ -122.908349019117551, 45.346146831948595 ], [ -122.908669019274228, 45.346144831086129 ], [ -122.908735019321313, 45.346146830910563 ], [ -122.908735019517152, 45.346178830941504 ], [ -122.908895019607712, 45.346179830512192 ], [ -122.909375019879448, 45.346182829224297 ], [ -122.909535019976133, 45.346184828795955 ], [ -122.910000020239949, 45.346187827548363 ], [ -122.91028102040049, 45.346189826794649 ], [ -122.910295030247269, 45.347797828308202 ], [ -122.91202803107501, 45.347783823630024 ], [ -122.912953031580912, 45.347786821143089 ], [ -122.913091031696467, 45.347793820778385 ], [ -122.913174031899274, 45.347819820579936 ], [ -122.913296032300025, 45.347874820304341 ], [ -122.913591033593335, 45.348060819688733 ], [ -122.913927035250765, 45.348302819016276 ], [ -122.914140036298903, 45.348455818589471 ], [ -122.914780039455877, 45.348916817307625 ], [ -122.914994040510535, 45.349070816878687 ], [ -122.915080040935067, 45.349132816706366 ], [ -122.915161041332439, 45.349190816543683 ], [ -122.915343042174484, 45.349312816170134 ], [ -122.915432042588307, 45.349372815987792 ], [ -122.915342042981351, 45.349444816299155 ], [ -122.914554047343984, 45.350225819170504 ], [ -122.914378048352489, 45.350405819817396 ], [ -122.914277048947767, 45.350511820191258 ], [ -122.914142049898373, 45.350678820715345 ], [ -122.91402005095371, 45.350861821219731 ], [ -122.913977051928185, 45.351024821491997 ], [ -122.913952054086693, 45.351379821899883 ], [ -122.913941055671415, 45.351639822178882 ], [ -122.913913063321601, 45.352892823456173 ], [ -122.913934065981422, 45.353325823814743 ], [ -122.913923067339809, 45.353548824058301 ], [ -122.913889074277293, 45.354685825240644 ], [ -122.913889074369052, 45.354700825255016 ], [ -122.9139000766382, 45.355070825580164 ], [ -122.913858079503584, 45.355542826146404 ], [ -122.913754081302713, 45.355845826718287 ], [ -122.913595082865086, 45.35611482740638 ], [ -122.913735082760937, 45.35608582699993 ], [ -122.914051082461299, 45.356009826072402 ], [ -122.914511082120811, 45.355914824737333 ], [ -122.914586082068269, 45.355899824520129 ], [ -122.914815081766022, 45.355830823834793 ], [ -122.915003081240471, 45.355728823228766 ], [ -122.91515008063233, 45.355616822724059 ], [ -122.915306079093071, 45.355351822048668 ], [ -122.915887074082079, 45.354482819647217 ], [ -122.916346070714027, 45.353892817843331 ], [ -122.916473069783692, 45.353729817344579 ], [ -122.916886067608885, 45.353338815855913 ], [ -122.916998067153898, 45.353254815473335 ], [ -122.917020067134857, 45.353249815409157 ], [ -122.91702006892065, 45.353541815687805 ], [ -122.917129070928723, 45.353860815697772 ], [ -122.917175072249336, 45.354072815775787 ], [ -122.917199074047716, 45.35436481598952 ], [ -122.917158076833317, 45.354823816538214 ], [ -122.917136078283434, 45.355062816825686 ], [ -122.917089079029438, 45.35518881707295 ], [ -122.917066080008141, 45.355350817289704 ], [ -122.916871082603137, 45.35579181823779 ], [ -122.916777083434667, 45.355935818629447 ], [ -122.916707084058572, 45.356043818921876 ], [ -122.916474085227151, 45.356254819753552 ], [ -122.916350085633269, 45.356331820162524 ], [ -122.915976087303122, 45.356636821465692 ], [ -122.91569608836781, 45.356834822412544 ], [ -122.914870090798743, 45.35730282509563 ], [ -122.914637091196909, 45.35738782580767 ], [ -122.914302092067956, 45.357558826878289 ], [ -122.913749093803901, 45.357889828692684 ], [ -122.91370309395117, 45.357917828844116 ], [ -122.913376095077339, 45.358129829932899 ], [ -122.912636098569763, 45.358763832545961 ], [ -122.91237910022214, 45.359055833522852 ], [ -122.911429105722689, 45.360035837040222 ], [ -122.911336106585907, 45.360184837435796 ], [ -122.911281107627971, 45.360359837753478 ], [ -122.91118710849068, 45.36050883815188 ], [ -122.911156109465736, 45.360670838391982 ], [ -122.911171111400904, 45.360985838654749 ], [ -122.91121811214127, 45.361102838639972 ], [ -122.911288114851502, 45.361539838871018 ], [ -122.911389116721224, 45.361836838883022 ], [ -122.911482117540544, 45.361962838751992 ], [ -122.911583120150581, 45.362380838880313 ], [ -122.911644120873646, 45.362493838823539 ], [ -122.911731121910066, 45.362655838743279 ], [ -122.911953123873189, 45.362957838431143 ], [ -122.912120125636363, 45.363231838241255 ], [ -122.912221127512012, 45.363529838253562 ], [ -122.912229128066755, 45.363619838318385 ], [ -122.912213129349382, 45.36383083856478 ], [ -122.912213131252116, 45.36414183886388 ], [ -122.91226713389257, 45.364568839127763 ], [ -122.91222813453308, 45.364676839337633 ], [ -122.912252135536647, 45.364838839428188 ], [ -122.912221136621838, 45.36501883968554 ], [ -122.912197138236806, 45.365284840006616 ], [ -122.912251139005079, 45.365405839976148 ], [ -122.912400140489467, 45.365635839792148 ], [ -122.912419140584987, 45.365649839753971 ], [ -122.912866143019116, 45.366009838884217 ], [ -122.913115144689812, 45.36626183844897 ], [ -122.913388147009059, 45.366617838048036 ], [ -122.913465147984951, 45.366770837985385 ], [ -122.913613149217753, 45.366959837764 ], [ -122.913816150124262, 45.36709083733723 ], [ -122.91392415073075, 45.367180837129588 ], [ -122.913979151309746, 45.367270837066194 ], [ -122.914135152907562, 45.367518836879363 ], [ -122.91432915653138, 45.368094836903296 ], [ -122.914671159766698, 45.368594836450903 ], [ -122.914804160385984, 45.368684836174822 ], [ -122.914858160933818, 45.368769836109109 ], [ -122.915091162461096, 45.368999835694531 ], [ -122.915558165124551, 45.369395834800919 ], [ -122.915737165828673, 45.369495834408738 ], [ -122.915831166427708, 45.369585834238606 ], [ -122.916080167406463, 45.369724833692807 ], [ -122.916155168356511, 45.36987383363077 ], [ -122.916188168789446, 45.369941833605772 ], [ -122.916399173246901, 45.370652833709741 ], [ -122.916562175312563, 45.370976833574616 ], [ -122.91687317908135, 45.371566833289499 ], [ -122.917008180086654, 45.371719833067132 ], [ -122.917472183463119, 45.372232832290159 ], [ -122.917535184241657, 45.372354832234507 ], [ -122.917830186020339, 45.372620831682738 ], [ -122.918017187822784, 45.372899831437977 ], [ -122.918126189530028, 45.373169831397526 ], [ -122.918345191813614, 45.373524831137466 ], [ -122.918398192366809, 45.373610831074558 ], [ -122.918499193189263, 45.373736830918595 ], [ -122.91853819423055, 45.373903830971031 ], [ -122.918655195415866, 45.374087830826461 ], [ -122.918748196075214, 45.374187830667523 ], [ -122.919013197997018, 45.374479830221098 ], [ -122.919169199342974, 45.374686829991589 ], [ -122.919223201217335, 45.374988830131144 ], [ -122.919309202527273, 45.375195830092807 ], [ -122.919480203966415, 45.375416829835316 ], [ -122.919791205801559, 45.375690829245173 ], [ -122.919900206634068, 45.375817829067678 ], [ -122.920017207819157, 45.376001828922398 ], [ -122.920118210928123, 45.376501829120855 ], [ -122.920188211789466, 45.376636829057475 ], [ -122.920212212627192, 45.37677182911996 ], [ -122.920375215052545, 45.377154829037387 ], [ -122.92041421641764, 45.377374829139406 ], [ -122.920476218595468, 45.377725829302733 ], [ -122.920421221184114, 45.378153829859507 ], [ -122.920460223759775, 45.378571830149355 ], [ -122.920452225051875, 45.378783830372427 ], [ -122.920545228046493, 45.379265830574958 ], [ -122.920554228179469, 45.379286830570202 ], [ -122.91977422781693, 45.379292832713517 ], [ -122.917433226747235, 45.379313839149212 ], [ -122.91665422639133, 45.379320841290799 ], [ -122.913961224517564, 45.379239848593571 ], [ -122.911747222986733, 45.379174854598418 ], [ -122.912022258979988, 45.385034859482232 ], [ -122.912126272462217, 45.387229861307574 ], [ -122.912149275514594, 45.38772686172225 ], [ -122.912209288393029, 45.389826863576651 ], [ -122.912353319007124, 45.394818867979488 ], [ -122.911044318726383, 45.394880871658145 ], [ -122.909772318458252, 45.394941875233783 ], [ -122.908946318286553, 45.394981877556198 ], [ -122.907294317631084, 45.395010882151929 ], [ -122.90551131693411, 45.395043887113872 ], [ -122.905049320839368, 45.395719889048934 ], [ -122.905726322802565, 45.395984887433848 ], [ -122.907351323559936, 45.395974882928662 ], [ -122.909003324337007, 45.395965878349834 ], [ -122.909006325495142, 45.396154878524214 ], [ -122.909016328982219, 45.396723879046597 ], [ -122.909020330146944, 45.396913879219206 ], [ -122.908067329844826, 45.396942881885074 ], [ -122.905210328945742, 45.39703088987865 ], [ -122.904439328704655, 45.397054892036188 ], [ -122.90434832867723, 45.397057892291024 ], [ -122.904258328650315, 45.397060892543081 ], [ -122.904358329729121, 45.397228892429879 ], [ -122.904422330820395, 45.397401892421158 ], [ -122.904475331465378, 45.397502892372778 ], [ -122.904515332348652, 45.397643892399316 ], [ -122.90452433279394, 45.397715892444502 ], [ -122.904536333197896, 45.397780892474564 ], [ -122.904570334341429, 45.397964892559528 ], [ -122.904570334561797, 45.398000892594581 ], [ -122.904605335442568, 45.398141892634918 ], [ -122.904608335664463, 45.398177892661657 ], [ -122.904597336534309, 45.398320892831329 ], [ -122.904580336960464, 45.398391892947544 ], [ -122.904564339370523, 45.398786893376446 ], [ -122.90455934288191, 45.399360893949144 ], [ -122.90457934420813, 45.399575894103009 ], [ -122.904588344426912, 45.399610894112129 ], [ -122.904624344855151, 45.399677894077577 ], [ -122.90478434605572, 45.399860893812111 ], [ -122.904910346810695, 45.399973893572756 ], [ -122.904915346849933, 45.399979893564726 ], [ -122.904961347215817, 45.400035893491676 ], [ -122.904992347408921, 45.400064893433928 ], [ -122.905093347943193, 45.400143893230727 ], [ -122.90517434879186, 45.400275893134513 ], [ -122.905226349662698, 45.400413893124522 ], [ -122.905285351087997, 45.400641893182623 ], [ -122.905299351425569, 45.4006958931963 ], [ -122.905303351641805, 45.400730893219233 ], [ -122.905284352501525, 45.400872893410039 ], [ -122.905234353774219, 45.401084893754906 ], [ -122.905196354159187, 45.401150893924545 ], [ -122.905113354668515, 45.401240894242342 ], [ -122.90490935555799, 45.401402894966012 ], [ -122.904794355928871, 45.401472895353244 ], [ -122.904489356565776, 45.401601896325211 ], [ -122.904398356716072, 45.401633896608907 ], [ -122.904350356771616, 45.401646896754784 ], [ -122.904010357029819, 45.401716897766583 ], [ -122.903862357102625, 45.401740898200714 ], [ -122.90321235718109, 45.401806900069118 ], [ -122.903113357217208, 45.401820900357542 ], [ -122.90296235722731, 45.401834900790305 ], [ -122.902155357116996, 45.401882903077073 ], [ -122.901800357012661, 45.401894904074112 ], [ -122.900894356944661, 45.401957906650544 ], [ -122.90043535674539, 45.401962907929473 ], [ -122.899977356607891, 45.401977909215468 ], [ -122.899571356416828, 45.401979910344402 ], [ -122.898963356253176, 45.402002912054662 ], [ -122.898709356113699, 45.402000912757714 ], [ -122.898659356058062, 45.401995912891579 ], [ -122.898458355914528, 45.401988913442644 ], [ -122.898154355743884, 45.401985914283543 ], [ -122.897801355469113, 45.401969915247626 ], [ -122.897650355301607, 45.401954915651977 ], [ -122.897602355204072, 45.401942915773404 ], [ -122.89745635497782, 45.401917916154055 ], [ -122.897357354848609, 45.401904916416051 ], [ -122.897113354456891, 45.401860917049937 ], [ -122.896916354168312, 45.401829917566168 ], [ -122.896431353294432, 45.401726918810745 ], [ -122.896084352795953, 45.401673919721489 ], [ -122.895986352630459, 45.401654919974717 ], [ -122.895293351609382, 45.401544921789274 ], [ -122.895189351483751, 45.401532922066025 ], [ -122.895042351312085, 45.401516922458136 ], [ -122.89484535097445, 45.401477922966265 ], [ -122.894647350685304, 45.40144692348504 ], [ -122.894505350375212, 45.401407923840516 ], [ -122.894318349932306, 45.401350924303017 ], [ -122.893988349209394, 45.401259925128606 ], [ -122.893895348978958, 45.401229925356922 ], [ -122.893705348583538, 45.401180925835575 ], [ -122.89345334830405, 45.401155926509958 ], [ -122.893149348047487, 45.401138927336568 ], [ -122.892996347995336, 45.401142927765015 ], [ -122.89289834806263, 45.401161928055757 ], [ -122.892715348369165, 45.401226928627949 ], [ -122.892650348600071, 45.401269928850972 ], [ -122.892546349791886, 45.40147292934094 ], [ -122.892509350857921, 45.401649929619261 ], [ -122.892520352622071, 45.401936929873514 ], [ -122.892512354156111, 45.402187930144791 ], [ -122.892518355923841, 45.402475930413885 ], [ -122.892554357026455, 45.402652930489573 ], [ -122.892689359208021, 45.402997930456955 ], [ -122.892711359654086, 45.403068930466276 ], [ -122.892746360082128, 45.403135930435518 ], [ -122.89285936112519, 45.40329693028135 ], [ -122.893072362726812, 45.403540929931538 ], [ -122.893173363543212, 45.403665929774867 ], [ -122.893327364496415, 45.403808929488704 ], [ -122.89340136483365, 45.40385792933165 ], [ -122.893481365143231, 45.403901929152966 ], [ -122.893916366506431, 45.404088928129369 ], [ -122.894087367075898, 45.404167927732345 ], [ -122.894241367722671, 45.404260927396393 ], [ -122.894321368026112, 45.404303927216588 ], [ -122.894434368529787, 45.404376926974741 ], [ -122.89460936941984, 45.404507926617896 ], [ -122.894743370142308, 45.404614926351236 ], [ -122.894872370886787, 45.404725926102344 ], [ -122.894959371469383, 45.404813925947494 ], [ -122.895178373055202, 45.405054925576778 ], [ -122.895303374079461, 45.405211925384329 ], [ -122.895447375793168, 45.405479925248613 ], [ -122.895532377330355, 45.405723925253191 ], [ -122.895540378020485, 45.405835925341549 ], [ -122.895542379338622, 45.4060509255483 ], [ -122.895537380653266, 45.406265925774541 ], [ -122.895511381289651, 45.406371925951568 ], [ -122.895402383158924, 45.406685926565039 ], [ -122.895373384014391, 45.406827926786022 ], [ -122.89537638620908, 45.407185927131316 ], [ -122.895388386870579, 45.407292927203606 ], [ -122.895402387312529, 45.407363927234762 ], [ -122.895510389051012, 45.407638927205696 ], [ -122.895556389704922, 45.407741927179323 ], [ -122.8956113903388, 45.407840927123921 ], [ -122.895656390759399, 45.407905927062764 ], [ -122.895711391154364, 45.407965926968856 ], [ -122.895745391336675, 45.407992926900803 ], [ -122.895862392111667, 45.408109926690464 ], [ -122.896153393781901, 45.408358926125615 ], [ -122.89626439428433, 45.408431925888429 ], [ -122.896505395206731, 45.408562925346232 ], [ -122.89662139568712, 45.408631925091072 ], [ -122.896709395951433, 45.408667924881399 ], [ -122.897233397933377, 45.408948923698233 ], [ -122.897472398432043, 45.409010923093298 ], [ -122.897893399407081, 45.409135922043113 ], [ -122.897985399642707, 45.409166921817217 ], [ -122.898686401277516, 45.40937692006996 ], [ -122.898781401471723, 45.409400919828769 ], [ -122.899514402797706, 45.409557917939779 ], [ -122.899814403197936, 45.409598917143761 ], [ -122.899958403496115, 45.409635916778633 ], [ -122.900008403551595, 45.409640916644143 ], [ -122.900314403679246, 45.409636915787218 ], [ -122.900364403679561, 45.409632915643925 ], [ -122.900863403486738, 45.409560914182386 ], [ -122.901113403433428, 45.40953191345713 ], [ -122.901213403385199, 45.409515913162728 ], [ -122.901567403377456, 45.409485912146607 ], [ -122.901669403434326, 45.409486911863283 ], [ -122.901770403527394, 45.409493911588612 ], [ -122.901820403595096, 45.409500911456071 ], [ -122.902159404253496, 45.409580910589327 ], [ -122.902519405259056, 45.409715909717676 ], [ -122.902895406560233, 45.409897908847135 ], [ -122.903124407157748, 45.409976908285778 ], [ -122.903425407515456, 45.410010907479709 ], [ -122.903731407704242, 45.410016906632364 ], [ -122.903883407700221, 45.41000390619589 ], [ -122.90427740746135, 45.409932905028214 ], [ -122.905164406224841, 45.409658902288633 ], [ -122.905259406112904, 45.409632901998535 ], [ -122.90535740604534, 45.409613901706869 ], [ -122.905981404886447, 45.409373899734291 ], [ -122.906068404703234, 45.409336899455866 ], [ -122.90610840459459, 45.409315899323964 ], [ -122.906537402628899, 45.4089598977828 ], [ -122.906588402274778, 45.40889789758053 ], [ -122.906698401350184, 45.408737897118748 ], [ -122.906737400733036, 45.408633896909194 ], [ -122.906757399867715, 45.408490896714753 ], [ -122.906755399432129, 45.408419896651402 ], [ -122.906776397698195, 45.408134896316426 ], [ -122.90676739725302, 45.408062896271637 ], [ -122.906756397033305, 45.408027896268351 ], [ -122.906754396597762, 45.407956896204993 ], [ -122.90672939571617, 45.407814896136863 ], [ -122.906723395272479, 45.407742896083718 ], [ -122.906736394844401, 45.407671895978645 ], [ -122.906791393659873, 45.407473895633395 ], [ -122.906823393504453, 45.407445895517135 ], [ -122.906862393383093, 45.407422895386269 ], [ -122.906905393288227, 45.407403895248081 ], [ -122.907094393045739, 45.407348894668544 ], [ -122.907144393027821, 45.407341894522567 ], [ -122.907195393040979, 45.407339894378644 ], [ -122.907348393147814, 45.407344893957536 ], [ -122.907546393460649, 45.407379893440179 ], [ -122.907883394124298, 45.407460892580396 ], [ -122.908057394657746, 45.407533892166597 ], [ -122.908099394807195, 45.407554892069967 ], [ -122.908282395283905, 45.40761789162142 ], [ -122.908543396093236, 45.407728891002037 ], [ -122.909128398147004, 45.408016889651371 ], [ -122.909486399169708, 45.408154888787585 ], [ -122.909795400094566, 45.408280888048601 ], [ -122.910023400703679, 45.408361887491658 ], [ -122.910120400880501, 45.408382887241721 ], [ -122.910623401497972, 45.408442885898374 ], [ -122.910725401579313, 45.408447885619033 ], [ -122.910776401598596, 45.408446885476017 ], [ -122.910928401741558, 45.40845788506315 ], [ -122.91117940206226, 45.408489884394768 ], [ -122.911228402141731, 45.408498884266926 ], [ -122.911275402250766, 45.408512884149481 ], [ -122.911407402652955, 45.408567883834721 ], [ -122.911567403283243, 45.408657883475591 ], [ -122.911661404107051, 45.40878488333594 ], [ -122.911678404317442, 45.408817883320339 ], [ -122.911734405422067, 45.408993883333686 ], [ -122.911739405858981, 45.409064883388112 ], [ -122.91166240663442, 45.409197883730705 ], [ -122.91161140699451, 45.409260883933499 ], [ -122.91134340818283, 45.40947688488842 ], [ -122.911184408960395, 45.409616885466498 ], [ -122.911003409647464, 45.409743886093423 ], [ -122.910972409803392, 45.409771886206819 ], [ -122.910946409986266, 45.409803886310158 ], [ -122.910891410570812, 45.40990388655986 ], [ -122.910864410979585, 45.409972886701638 ], [ -122.910856411269293, 45.410020886770212 ], [ -122.910881411710037, 45.410090886767968 ], [ -122.910900411921375, 45.410123886746788 ], [ -122.911201413851458, 45.410414886187809 ], [ -122.911268414215158, 45.410468886052946 ], [ -122.911631415937293, 45.410720885283183 ], [ -122.91167141609175, 45.410742885192782 ], [ -122.911854416574187, 45.410806884743906 ], [ -122.912004417058583, 45.410873884389936 ], [ -122.912198417681083, 45.41095988393149 ], [ -122.912330418076962, 45.411013883615183 ], [ -122.912619418642564, 45.41108288287527 ], [ -122.913234420006219, 45.411255881325594 ], [ -122.913577420604653, 45.411325880435719 ], [ -122.913874421057926, 45.411375879655004 ], [ -122.914407422062624, 45.411496878283728 ], [ -122.914752422637505, 45.41156287738422 ], [ -122.915518424198055, 45.411755875431218 ], [ -122.915717424486388, 45.411786874905467 ], [ -122.915819424555323, 45.411789874623651 ], [ -122.916175424872591, 45.411812873652075 ], [ -122.916478424967863, 45.411803872797776 ], [ -122.916528424962081, 45.411798872653463 ], [ -122.916730425013327, 45.411790872082044 ], [ -122.916932425113572, 45.411790871518292 ], [ -122.916983425114381, 45.411786871372115 ], [ -122.917134425189303, 45.411786870950685 ], [ -122.917236425264363, 45.41179087066984 ], [ -122.917636425756299, 45.41183886959918 ], [ -122.917931426220662, 45.411890868825388 ], [ -122.918172426676534, 45.411945868205102 ], [ -122.918418427079843, 45.411991867562278 ], [ -122.918653427612227, 45.412059866971049 ], [ -122.918997428730592, 45.412214866158244 ], [ -122.919114429216663, 45.412284865898194 ], [ -122.919433430463201, 45.412462865176806 ], [ -122.919670431730196, 45.412650864693745 ], [ -122.9198924327452, 45.41279886421443 ], [ -122.920100433814326, 45.412956863783585 ], [ -122.920129434005986, 45.412985863730142 ], [ -122.920197434632755, 45.413082863632326 ], [ -122.920321436363366, 45.4133558635451 ], [ -122.920425439893805, 45.413924863794577 ], [ -122.920462440994299, 45.414101863859145 ], [ -122.920516442305001, 45.414311863907486 ], [ -122.920542442745855, 45.414381863901234 ], [ -122.920722445121527, 45.414755863752887 ], [ -122.920771445537042, 45.414819863676598 ], [ -122.920827445931607, 45.414879863576957 ], [ -122.920923446486526, 45.414962863387267 ], [ -122.920940446568295, 45.414974863351105 ], [ -122.920881446985419, 45.415047863585301 ], [ -122.920822447402557, 45.415120863819496 ], [ -122.920596449002772, 45.415400864717071 ], [ -122.92045345003261, 45.415580865287765 ], [ -122.920261451588544, 45.415850866081058 ], [ -122.920116453051577, 45.416101866724958 ], [ -122.919805457343102, 45.416828868285663 ], [ -122.919590460318702, 45.417332869366327 ], [ -122.919128467086026, 45.41847687174765 ], [ -122.918835471387126, 45.419203873260145 ], [ -122.917710487308042, 45.421897878980843 ], [ -122.917409491569529, 45.422618880513191 ], [ -122.917225494011092, 45.42303288142476 ], [ -122.917589494776777, 45.423128880494041 ], [ -122.917616494838938, 45.423136880425822 ], [ -122.918512496972369, 45.423413878173044 ], [ -122.918777497652655, 45.423503877514285 ], [ -122.919161498641998, 45.423634876560165 ], [ -122.919992500779813, 45.42391787449435 ], [ -122.920978503323482, 45.424254872043441 ], [ -122.922492507134166, 45.424756868263437 ], [ -122.923326509241974, 45.425034866181569 ], [ -122.923964510850226, 45.425246864587834 ], [ -122.924989513436145, 45.425587862026887 ], [ -122.925880515656743, 45.425879859795728 ], [ -122.926520517253167, 45.426089858192825 ], [ -122.927053518583293, 45.426264856857685 ], [ -122.927205518963149, 45.426314856476964 ], [ -122.92865052260268, 45.426794852860866 ], [ -122.929183523944644, 45.426971851526417 ], [ -122.930494527242871, 45.427406848242612 ], [ -122.931672530206768, 45.427797845290542 ], [ -122.934318536738971, 45.428655838635699 ], [ -122.934436537016424, 45.428691838336654 ], [ -122.935449539440398, 45.429007835775394 ], [ -122.935755540188097, 45.429105835003853 ], [ -122.936368541683876, 45.429301833457664 ], [ -122.936598542351689, 45.429392832893583 ], [ -122.936632542453779, 45.429406832810692 ], [ -122.936802542994585, 45.429481832400874 ], [ -122.937135544286576, 45.429666831633085 ], [ -122.937461545788722, 45.429886830917148 ], [ -122.938112548920614, 45.430347829506815 ], [ -122.938622551824849, 45.430782828469262 ], [ -122.938762552863679, 45.430941828220767 ], [ -122.938953554275415, 45.431157827880774 ], [ -122.939368557163519, 45.431597827114686 ], [ -122.940390564290126, 45.432683825227898 ], [ -122.9407345666243, 45.433038824582347 ], [ -122.940750566735858, 45.433055824552781 ], [ -122.94102156822872, 45.433278823991991 ], [ -122.941335569516554, 45.433464823275635 ], [ -122.943905578759001, 45.434774817211903 ], [ -122.944262579993989, 45.434948816361477 ], [ -122.94452658078103, 45.435056815713637 ], [ -122.944760581370446, 45.435134815123199 ], [ -122.945036581821569, 45.435186814390249 ], [ -122.945973582861527, 45.435282811828415 ], [ -122.946156583023466, 45.435294811321924 ], [ -122.948138584832051, 45.435433805843886 ], [ -122.948440585179753, 45.435466805019843 ], [ -122.948539585300921, 45.435478804750744 ], [ -122.948747585621334, 45.435514804195165 ], [ -122.948913585939664, 45.435553803761039 ], [ -122.949088586445399, 45.435622803328592 ], [ -122.949275587176516, 45.435727802894704 ], [ -122.949298587297477, 45.435745802845958 ], [ -122.949373587681492, 45.43580280268538 ], [ -122.949517588580832, 45.435938802401012 ], [ -122.949525588645727, 45.435948802387443 ], [ -122.949564588981829, 45.436000802324131 ], [ -122.949693590837668, 45.4362948022249 ], [ -122.949700590926469, 45.436308802217738 ], [ -122.949948597860015, 45.437425802525013 ], [ -122.950032600206356, 45.437803802628594 ], [ -122.950221605494662, 45.438655802862648 ], [ -122.95053661459481, 45.44012280329401 ], [ -122.950561615308288, 45.440237803326866 ], [ -122.950688619407387, 45.440899803563966 ], [ -122.950687620541387, 45.441085803734588 ], [ -122.950645621930136, 45.441316804062097 ], [ -122.950538623757254, 45.441624804643553 ], [ -122.950013631129124, 45.442874807261937 ], [ -122.949608637070867, 45.443880809320952 ], [ -122.948396654186183, 45.446781815391063 ], [ -122.948281655827074, 45.447059815970057 ], [ -122.947565666063156, 45.448793819580118 ], [ -122.947477667100941, 45.448970819991295 ], [ -122.948133667841603, 45.44904081818602 ], [ -122.948993668813927, 45.449132815819311 ], [ -122.950020670238047, 45.449285813031672 ], [ -122.950098670330235, 45.449294812817577 ], [ -122.950588670906001, 45.449350811472023 ], [ -122.950672671001001, 45.449359811240818 ], [ -122.95075567110166, 45.449369811013341 ], [ -122.950837671201853, 45.449379810788727 ], [ -122.950919671295921, 45.449388810563185 ], [ -122.951298671739309, 45.449431809522068 ], [ -122.951583671912061, 45.449437808715409 ], [ -122.951911671940735, 45.449416807761921 ], [ -122.952009672079029, 45.449431807496175 ], [ -122.952230672715231, 45.449518806944738 ], [ -122.952286673022542, 45.449564806826551 ], [ -122.952400673656356, 45.44965980658715 ], [ -122.952583674329219, 45.449755806151963 ], [ -122.953984677797365, 45.450214802571004 ], [ -122.956775683476735, 45.450927795251516 ], [ -122.958297686574113, 45.451316791257554 ], [ -122.959112688230618, 45.451524789117869 ], [ -122.961559693212337, 45.452150782691675 ], [ -122.961883693872565, 45.45223378184054 ], [ -122.962379694791352, 45.452345780524126 ], [ -122.962462694837029, 45.452346780288131 ], [ -122.962595695003955, 45.452363779923587 ], [ -122.962943695450051, 45.452409778971052 ], [ -122.963166695623329, 45.45242077834434 ], [ -122.963246695661425, 45.452420778115993 ], [ -122.963464695783557, 45.452423777496485 ], [ -122.963467696979279, 45.45261977766085 ], [ -122.963402704808658, 45.45390977898456 ], [ -122.963271720784036, 45.456541781681516 ], [ -122.963162731858887, 45.458367783605119 ], [ -122.963078740538819, 45.459798785108923 ], [ -122.963085740877261, 45.459853785137433 ], [ -122.963501740836307, 45.459814783910971 ], [ -122.964273740774786, 45.459744781637163 ], [ -122.964752740757589, 45.459704780229465 ], [ -122.965170740754189, 45.45967177900274 ], [ -122.966125740724522, 45.459592776197105 ], [ -122.966798740713827, 45.459538774221507 ], [ -122.968548740816644, 45.459419769103668 ], [ -122.968993740905319, 45.459399767811341 ], [ -122.969951741108744, 45.45935876503107 ], [ -122.971503741434901, 45.459291760526725 ], [ -122.972235741653307, 45.459270758411577 ], [ -122.972722741865411, 45.459267757013897 ], [ -122.974202742510755, 45.45925875276648 ], [ -122.974728742826542, 45.459269751269225 ], [ -122.975143743193328, 45.459297750104604 ], [ -122.97550174380099, 45.459369749141239 ], [ -122.977732747978578, 45.459882743191166 ], [ -122.978419749453607, 45.46007174138488 ], [ -122.979098751009957, 45.460274739613148 ], [ -122.979541752156479, 45.460428738475457 ], [ -122.980086753801402, 45.460656737108543 ], [ -122.98072075613932, 45.460991735577579 ], [ -122.980759756291619, 45.461013735484578 ], [ -122.981512759324417, 45.46145373370134 ], [ -122.982180762122027, 45.461861732133642 ], [ -122.982942765578201, 45.462370730381409 ], [ -122.983110766344893, 45.46248372999559 ], [ -122.983570768447663, 45.462793728939396 ], [ -122.984892774502811, 45.463686725903301 ], [ -122.984950774773438, 45.463726725770698 ], [ -122.985406776916392, 45.464043724730175 ], [ -122.985623777000271, 45.464040724104407 ], [ -122.986276777252925, 45.464031722221364 ], [ -122.986494777343381, 45.464029721593562 ], [ -122.987748777836444, 45.46401371797856 ], [ -122.987926777908058, 45.464011717465674 ], [ -122.988540778051146, 45.463987715682045 ], [ -122.988851778234036, 45.463993714793929 ], [ -122.98912377859925, 45.464032714045622 ], [ -122.990260781013305, 45.464341711039921 ], [ -122.991429783442101, 45.464650707941203 ], [ -122.992253785155029, 45.464868705756473 ], [ -122.992645785910852, 45.46496270470881 ], [ -122.992922786393677, 45.465020703961386 ], [ -122.994633788924531, 45.46530469928161 ], [ -122.994851789251925, 45.465341698685918 ], [ -123.00061179883555, 45.466257683715057 ], [ -123.001592802352079, 45.466414682350759 ], [ -123.002599806137596, 45.466603680975858 ], [ -123.002664813101376, 45.467713681812278 ], [ -123.002712818143209, 45.468516682416478 ], [ -123.002738819932233, 45.468797682614145 ], [ -123.002750822370018, 45.46919068292744 ], [ -123.002803822859875, 45.469247682895713 ], [ -123.002878823304201, 45.469287682816592 ], [ -123.002997823767714, 45.469311682657754 ], [ -123.003372824820232, 45.469320682101092 ], [ -123.00361182546817, 45.469322681743151 ], [ -123.004569828059303, 45.469329680307581 ], [ -123.005682831075333, 45.469338678640604 ], [ -123.006168832553513, 45.469368677935279 ], [ -123.006486833405731, 45.469369677457763 ], [ -123.00760383642104, 45.469376675783394 ], [ -123.008149837805419, 45.469365674952329 ], [ -123.008900839903106, 45.469381673836587 ], [ -123.008977840120394, 45.469383673722518 ], [ -123.009704842385517, 45.469436672675911 ], [ -123.009711842260657, 45.469413672644954 ], [ -123.009859842148884, 45.469332672350333 ], [ -123.010093841615799, 45.469147671833518 ], [ -123.010507841196258, 45.468904670993084 ], [ -123.010655840913245, 45.46879667067342 ], [ -123.01088984068852, 45.468661670199658 ], [ -123.011061840636842, 45.468580669867471 ], [ -123.011458840697287, 45.468422669126106 ], [ -123.01215384100901, 45.468179667856724 ], [ -123.012317840907926, 45.468094667531844 ], [ -123.012488840963186, 45.468031667216117 ], [ -123.013198841840975, 45.46787366599802 ], [ -123.013861842307293, 45.467670664808502 ], [ -123.014069842286546, 45.467580664410889 ], [ -123.014407842265683, 45.467436663766314 ], [ -123.014906841672499, 45.467135662732083 ], [ -123.015819841752048, 45.46677066100704 ], [ -123.016217841650601, 45.466590660234232 ], [ -123.016521841358482, 45.46641965961215 ], [ -123.016599841129917, 45.466351659429954 ], [ -123.016732841019206, 45.466279659160101 ], [ -123.016818840760209, 45.466203658958037 ], [ -123.016989839112753, 45.465874658389794 ], [ -123.017060836637413, 45.465456657890506 ], [ -123.017130836214392, 45.465361657694565 ], [ -123.017208836276581, 45.465339657554601 ], [ -123.017395836130788, 45.465240657175656 ], [ -123.017590835514426, 45.465064656711917 ], [ -123.017770834685962, 45.464861656245375 ], [ -123.018106833576098, 45.464551655438193 ], [ -123.018301833472535, 45.464456655049197 ], [ -123.018730832941984, 45.464200654148101 ], [ -123.018964833026061, 45.464119653711577 ], [ -123.019463834277403, 45.464114652939273 ], [ -123.020017835471279, 45.464078652052756 ], [ -123.020320836622645, 45.464136651642086 ], [ -123.021334839263048, 45.464141650087264 ], [ -123.021474839333479, 45.464096649828605 ], [ -123.021818839986068, 45.464060649264667 ], [ -123.021989840161368, 45.46401964896193 ], [ -123.022293840071683, 45.463884648363347 ], [ -123.022980839476602, 45.463519646950402 ], [ -123.023526838894611, 45.46321364580961 ], [ -123.023705838186586, 45.463033645357221 ], [ -123.023776837584137, 45.46291264512913 ], [ -123.024041835512108, 45.46248864430396 ], [ -123.024283835109586, 45.462331643775109 ], [ -123.024525835257435, 45.462259643329297 ], [ -123.024774835539333, 45.462205642890133 ], [ -123.02501683600444, 45.462182642492238 ], [ -123.025180836628905, 45.462214642269565 ], [ -123.025351837381876, 45.462263642052854 ], [ -123.025562838126149, 45.462295641757485 ], [ -123.025881838845578, 45.462281641249177 ], [ -123.02623283926809, 45.46220964063356 ], [ -123.02639683923465, 45.462140640310636 ], [ -123.026599839201864, 45.462056639912099 ], [ -123.02686483922777, 45.461957639402158 ], [ -123.027781838614118, 45.461508637528148 ], [ -123.029282837572751, 45.460772634448148 ], [ -123.029461837760081, 45.460732634128384 ], [ -123.029914839813955, 45.460871633563187 ], [ -123.030085841521597, 45.461065633494236 ], [ -123.030295842847934, 45.461186633290545 ], [ -123.030498843419309, 45.461195632983667 ], [ -123.030670843708123, 45.461173632693374 ], [ -123.030724843633294, 45.461141632576556 ], [ -123.030911844315938, 45.461173632318129 ], [ -123.031200844087508, 45.461028631719351 ], [ -123.031582843087136, 45.460731630818763 ], [ -123.03166084260242, 45.46062863059111 ], [ -123.031674842558303, 45.460616630556913 ], [ -123.031933841826586, 45.460407629937308 ], [ -123.032503840871996, 45.46004762867458 ], [ -123.03266784014923, 45.459876628241012 ], [ -123.032768838671601, 45.459615627812504 ], [ -123.032927837456924, 45.459372627311325 ], [ -123.032948837297027, 45.459340627245197 ], [ -123.033088835887682, 45.459075626750462 ], [ -123.033392834552188, 45.458760625945416 ], [ -123.033634834308955, 45.458633625432576 ], [ -123.034094834045973, 45.458422624488421 ], [ -123.03415583403067, 45.458397624366214 ], [ -123.034453833976045, 45.45827862377233 ], [ -123.034671833795841, 45.458170623315624 ], [ -123.034703833361974, 45.458093623184432 ], [ -123.034687831463899, 45.457814622917176 ], [ -123.034586830735407, 45.457742623001202 ], [ -123.034492830417193, 45.457729623136025 ], [ -123.034519830370527, 45.457712623075587 ], [ -123.03460083023711, 45.457662622895285 ], [ -123.03462883019948, 45.457646622834275 ], [ -123.034980831066349, 45.457646622278219 ], [ -123.035732832717784, 45.457616621058612 ], [ -123.035890833066716, 45.457610620802619 ], [ -123.036440834367269, 45.457602619925161 ], [ -123.037191836236232, 45.457605618741788 ], [ -123.037239836408048, 45.457613618674436 ], [ -123.037348836931258, 45.457651618542691 ], [ -123.037409837276002, 45.457680618477248 ], [ -123.037486837814498, 45.457732618411065 ], [ -123.03753283839751, 45.457802618413098 ], [ -123.037547839011552, 45.457888618481149 ], [ -123.03756084688078, 45.459056619706665 ], [ -123.037560848162386, 45.459247619910414 ], [ -123.037560852631188, 45.459913620620895 ], [ -123.037564855586908, 45.460352621082954 ], [ -123.037567857842291, 45.460687621435639 ], [ -123.037568858187043, 45.460738621488503 ], [ -123.037565862145115, 45.461329622123671 ], [ -123.03756786458591, 45.461692622507805 ], [ -123.037569865738391, 45.461863622687126 ], [ -123.037588866309946, 45.461941622740873 ], [ -123.037631866908882, 45.462014622752029 ], [ -123.037681867377998, 45.462065622728879 ], [ -123.03776986787652, 45.462106622636163 ], [ -123.037910868375434, 45.462127622439866 ], [ -123.038129868951444, 45.462130622103466 ], [ -123.03956987259312, 45.46212861986794 ], [ -123.040873875896281, 45.462127617844409 ], [ -123.041241876749083, 45.462115617260579 ], [ -123.041407877089114, 45.462103616990007 ], [ -123.041550877323232, 45.462084616747454 ], [ -123.041670877471844, 45.46206161653614 ], [ -123.042156877971848, 45.461953615663774 ], [ -123.042321878301905, 45.461940615393424 ], [ -123.042498878743814, 45.461939615117586 ], [ -123.042716879479997, 45.461966614808915 ], [ -123.043061881089443, 45.462074614392513 ], [ -123.043276882036551, 45.462133614124092 ], [ -123.043437882608686, 45.462157613900892 ], [ -123.043621883150749, 45.462168613627718 ], [ -123.045281887221762, 45.462147611030105 ], [ -123.045438887592923, 45.462143610782149 ], [ -123.045661888124783, 45.462138610430735 ], [ -123.046614890557677, 45.462140608954996 ], [ -123.04721589221387, 45.462159608044331 ], [ -123.047409892706398, 45.46215960774348 ], [ -123.047514894004706, 45.462309607750278 ], [ -123.047667896698528, 45.462644607892273 ], [ -123.047756898067647, 45.462810607942487 ], [ -123.04780689871825, 45.462886607951233 ], [ -123.047978900678814, 45.463107607935846 ], [ -123.048224902733537, 45.463314607790878 ], [ -123.048343903561758, 45.46339060769354 ], [ -123.048477904497659, 45.463476607584582 ], [ -123.048665905737877, 45.463586607419828 ], [ -123.04919390839639, 45.463775606821599 ], [ -123.049378909375505, 45.463848606620047 ], [ -123.049523910231628, 45.463918606476824 ], [ -123.049804911997796, 45.464069606217194 ], [ -123.050440915891343, 45.46439560561344 ], [ -123.050835918517805, 45.46462760527384 ], [ -123.050973919803397, 45.464761605216495 ], [ -123.051468924998716, 45.465325605109221 ], [ -123.052035932122479, 45.466138605184334 ], [ -123.052845942316324, 45.467298605300272 ], [ -123.052956943409299, 45.46741360526584 ], [ -123.053072943686217, 45.467409605085201 ], [ -123.053139943827389, 45.467404604977723 ], [ -123.053146943845761, 45.467404604967108 ], [ -123.05368994500013, 45.467365604097701 ], [ -123.053873945399658, 45.467353603804433 ], [ -123.053999945437099, 45.467311603564006 ], [ -123.05406494513953, 45.467244603386774 ], [ -123.054133943789864, 45.467025603025093 ], [ -123.054232940679455, 45.466543602308874 ], [ -123.05440493886266, 45.466219601666303 ], [ -123.054576937463821, 45.465955601093576 ], [ -123.054689936778075, 45.465815600756365 ], [ -123.054722936590892, 45.46577660066005 ], [ -123.055503933081141, 45.464986598533265 ], [ -123.055736931866448, 45.464727597869619 ], [ -123.05590193085348, 45.464522597373609 ], [ -123.055989930167641, 45.464392597084434 ], [ -123.056142928539018, 45.464104596507738 ], [ -123.056188927217278, 45.46389959619377 ], [ -123.056188925320654, 45.463629595873464 ], [ -123.056206923701893, 45.463392595564486 ], [ -123.056298922454815, 45.463181595172045 ], [ -123.056303921750896, 45.463079595043276 ], [ -123.056219919667654, 45.46281359485738 ], [ -123.056048916745809, 45.462459594702167 ], [ -123.055761913292955, 45.462071594687437 ], [ -123.055416910790939, 45.461839594948522 ], [ -123.05500190726697, 45.461486595176815 ], [ -123.054997907221846, 45.461481595177148 ], [ -123.054808905294948, 45.461274595227316 ], [ -123.054702903746488, 45.461091595176931 ], [ -123.054719903173378, 45.461003595046868 ], [ -123.054773902735363, 45.4609215948662 ], [ -123.054878902509543, 45.460851594620053 ], [ -123.054951902455159, 45.460817594466178 ], [ -123.055273902543419, 45.460714593842461 ], [ -123.055822902527197, 45.460515592750376 ], [ -123.05592090252054, 45.460479592554698 ], [ -123.056032902633191, 45.460455592351408 ], [ -123.056100902712544, 45.460442592229747 ], [ -123.056273903083536, 45.460433591948913 ], [ -123.056334903299856, 45.460442591864286 ], [ -123.056439903675852, 45.46045859171933 ], [ -123.056648904615358, 45.460517591463102 ], [ -123.056674904772066, 45.460530591437987 ], [ -123.056763905298055, 45.460573591350183 ], [ -123.056864906023179, 45.460640591272316 ], [ -123.05693290650369, 45.460684591218644 ], [ -123.057246908926913, 45.460916591005542 ], [ -123.057515910301845, 45.461015590704555 ], [ -123.057642910798037, 45.461040590536548 ], [ -123.057777911187586, 45.461047590334616 ], [ -123.057917911448698, 45.461034590100944 ], [ -123.058067911424445, 45.460977589798922 ], [ -123.058246910865833, 45.460834589348444 ], [ -123.05874890824181, 45.46028458790412 ], [ -123.05883690805949, 45.460227587698 ], [ -123.05900190819014, 45.460187587391893 ], [ -123.059169908420031, 45.460160587096681 ], [ -123.059505909325452, 45.46016958658219 ], [ -123.059976910597555, 45.460182585861517 ], [ -123.060238911112108, 45.460162585427625 ], [ -123.060399911338052, 45.460137585145539 ], [ -123.060599911455611, 45.46008358476719 ], [ -123.061200911481649, 45.459875583573734 ], [ -123.061587910954955, 45.459665582711494 ], [ -123.061985910160899, 45.459414581780763 ], [ -123.062291909690501, 45.459241581088818 ], [ -123.062537909554067, 45.459136580573862 ], [ -123.062652909718892, 45.459119580372409 ], [ -123.062782910199275, 45.459141580195315 ], [ -123.062897910813703, 45.459187580071294 ], [ -123.063000911569802, 45.459257579995715 ], [ -123.063142912923226, 45.459397579945204 ], [ -123.063250913749627, 45.459475579871885 ], [ -123.063369914353586, 45.459518579738308 ], [ -123.063591915193285, 45.45955857943963 ], [ -123.063786915837142, 45.459580579161148 ], [ -123.064035916494262, 45.459585578777066 ], [ -123.064300916869044, 45.459545578312209 ], [ -123.064534916987057, 45.459480577864774 ], [ -123.064802916974173, 45.459385577326614 ], [ -123.065093917290355, 45.459328576799258 ], [ -123.065275917793983, 45.459335576522427 ], [ -123.065388918333952, 45.459371576389991 ], [ -123.065495919203812, 45.459455576326818 ], [ -123.06552691992033, 45.459544576389142 ], [ -123.065522920937397, 45.459687576573643 ], [ -123.065484922659437, 45.459940576948455 ], [ -123.065500924214831, 45.460151577186359 ], [ -123.065542924880248, 45.460229577217909 ], [ -123.06560792548855, 45.460291577193601 ], [ -123.065730926321507, 45.46036457709247 ], [ -123.06602192787841, 45.460479576781545 ], [ -123.06612192851783, 45.460533576692924 ], [ -123.066505931886567, 45.460867576511788 ], [ -123.066643932918026, 45.460962576415739 ], [ -123.066796933692387, 45.461016576245058 ], [ -123.066934934212995, 45.461040576060149 ], [ -123.067087934576918, 45.461037575818033 ], [ -123.067245934679406, 45.460996575520312 ], [ -123.067305934650221, 45.460971575395398 ], [ -123.067792934454403, 45.460774574388033 ], [ -123.068428934694737, 45.46058657315826 ], [ -123.068792934943346, 45.460494572473515 ], [ -123.069991936052176, 45.460232570267294 ], [ -123.070255935885939, 45.46011856970906 ], [ -123.070330935834079, 45.460085569549605 ], [ -123.070625935983941, 45.460004568984601 ], [ -123.07109593602496, 45.459848568049232 ], [ -123.071613936074101, 45.459677567018431 ], [ -123.072310936471808, 45.459493565689108 ], [ -123.072532936806425, 45.459463565302293 ], [ -123.072797937247984, 45.459433564847949 ], [ -123.073046937832132, 45.459428564450988 ], [ -123.07321193830191, 45.459436564202555 ], [ -123.073352938828961, 45.459460564012566 ], [ -123.073446939253543, 45.459486563898913 ], [ -123.073507940086145, 45.459579563923938 ], [ -123.073523940777307, 45.459668564014358 ], [ -123.073527941065379, 45.459706564057406 ], [ -123.073534941558492, 45.459771564130818 ], [ -123.073527943041057, 45.45997656440781 ], [ -123.073496944756101, 45.460221564774244 ], [ -123.073478946445022, 45.46045856510986 ], [ -123.073447947289054, 45.460584565321746 ], [ -123.07327494795139, 45.460734565786183 ], [ -123.073235949037922, 45.460896566056945 ], [ -123.073103949597453, 45.461018566420719 ], [ -123.072487951067572, 45.461432567915011 ], [ -123.072414951423227, 45.461506568124072 ], [ -123.071848954278451, 45.462094569760922 ], [ -123.071240956804346, 45.462653571421278 ], [ -123.07098295798032, 45.462905572143463 ], [ -123.070701959066241, 45.463153572895237 ], [ -123.06961096140472, 45.463860575479892 ], [ -123.069212961817257, 45.4640585763442 ], [ -123.069075961761968, 45.464099576607019 ], [ -123.068386961523032, 45.464311577935035 ], [ -123.06801996106924, 45.464379578584932 ], [ -123.067832960876316, 45.464419578922715 ], [ -123.067723961180178, 45.464500579192261 ], [ -123.069739966276572, 45.464486576078428 ], [ -123.072586973485016, 45.46446857168273 ], [ -123.072870974231719, 45.464470571249095 ], [ -123.072851995508813, 45.467389575053808 ], [ -123.072840010213, 45.469406577680715 ], [ -123.072842010393686, 45.469430577708778 ], [ -123.072849010938327, 45.46950257779136 ], [ -123.072852011128973, 45.469527577819157 ], [ -123.072858012562307, 45.469721578061083 ], [ -123.072864013995741, 45.469915578303002 ], [ -123.073255015003056, 45.469910577709662 ], [ -123.073450015509025, 45.469908577414394 ], [ -123.077104024090943, 45.46974957171976 ], [ -123.078280026850038, 45.469698569885651 ], [ -123.083215038398976, 45.469483562179214 ], [ -123.085248010646737, 45.46507055306293 ], [ -123.086135998441463, 45.463144549046994 ], [ -123.08733099419392, 45.462177545860726 ], [ -123.086960963824311, 45.458276541035296 ], [ -123.086107893878335, 45.449267529959862 ], [ -123.085851873025447, 45.446575526671374 ], [ -123.085597852275527, 45.44389352340216 ], [ -123.085482842860529, 45.442675521919782 ], [ -123.08695684263985, 45.442214518811504 ], [ -123.087354842579899, 45.44209051797138 ], [ -123.086944832247966, 45.440840516930102 ], [ -123.086483821205363, 45.439508515868667 ], [ -123.087926821443844, 45.439128512892715 ], [ -123.089421821684198, 45.438736509804443 ], [ -123.089456822047495, 45.438774509798129 ], [ -123.089502822525475, 45.43882450978991 ], [ -123.089566823125608, 45.4388855097665 ], [ -123.089604823487932, 45.438922509753745 ], [ -123.089805825832627, 45.439174509765422 ], [ -123.090005827956574, 45.439397509738761 ], [ -123.090216829535819, 45.43954550958864 ], [ -123.090254829822996, 45.439572509562126 ], [ -123.09045383097461, 45.439667509358273 ], [ -123.090656831899707, 45.439731509104249 ], [ -123.090829832539725, 45.439766508860345 ], [ -123.091382834138344, 45.439819507998131 ], [ -123.091570834796244, 45.439852507726243 ], [ -123.091645835118484, 45.439873507628896 ], [ -123.091863836230559, 45.439957507378551 ], [ -123.09213683795079, 45.44010550712602 ], [ -123.092581841344042, 45.440423506824509 ], [ -123.092765842339745, 45.440501506624337 ], [ -123.092949843007176, 45.440536506363181 ], [ -123.093366844013062, 45.440549505677161 ], [ -123.094082845623163, 45.440556504477456 ], [ -123.09420484588837, 45.440556504271321 ], [ -123.094508846549274, 45.440556503757712 ], [ -123.095186847977118, 45.440550502603607 ], [ -123.095446848457783, 45.440539502148532 ], [ -123.095737849128753, 45.44054450166405 ], [ -123.096726851502154, 45.440573500035022 ], [ -123.097737853692621, 45.440572498325615 ], [ -123.098810856102958, 45.440582496527469 ], [ -123.099208856906387, 45.440574495843414 ], [ -123.099492857562637, 45.440579495370955 ], [ -123.099990858637696, 45.440578494528204 ], [ -123.100779860415457, 45.440586493207086 ], [ -123.101376861705816, 45.440585492197101 ], [ -123.102414864150248, 45.440609490479197 ], [ -123.10318186587304, 45.440616489194021 ], [ -123.10444986857604, 45.440609487041769 ], [ -123.105705871488439, 45.44063248495479 ], [ -123.106927874138705, 45.440631482889316 ], [ -123.108310877099584, 45.440625480544277 ], [ -123.10948587970293, 45.440631478568818 ], [ -123.109528879804373, 45.440632478497712 ], [ -123.110428881905037, 45.440650477005214 ], [ -123.111283883796929, 45.440654475567385 ], [ -123.112769886997953, 45.440650473051534 ], [ -123.114225890237577, 45.440659470606533 ], [ -123.114579890959718, 45.440653469999347 ], [ -123.114593892183805, 45.440802470208347 ], [ -123.114594895037911, 45.441158470762552 ], [ -123.11457290119003, 45.441932472008155 ], [ -123.114571902365412, 45.442079472239335 ], [ -123.114570907193539, 45.442682473182543 ], [ -123.114632909101118, 45.442903473423783 ], [ -123.114668909741653, 45.442973473472833 ], [ -123.114766911168815, 45.443124473544763 ], [ -123.115296918008099, 45.443830473763654 ], [ -123.115446919851237, 45.444018473807986 ], [ -123.115707922947223, 45.444331473863834 ], [ -123.115873925375027, 45.444587473989237 ], [ -123.115984927463742, 45.444816474164227 ] ], [ [ -123.109597993653026, 45.454976500319226 ], [ -123.109382991128783, 45.454723500275968 ], [ -123.109207989074946, 45.454517500241174 ], [ -123.108778985232135, 45.454162500386424 ], [ -123.108442982930043, 45.453973500637069 ], [ -123.108157981281821, 45.453851500908527 ], [ -123.108138981173042, 45.453843500926872 ], [ -123.107725979440403, 45.453749501446758 ], [ -123.107662979273613, 45.453747501544811 ], [ -123.10698297749407, 45.453728502607319 ], [ -123.106908977308848, 45.453727502724554 ], [ -123.106664976653249, 45.453718503102579 ], [ -123.106446976311943, 45.453741503487187 ], [ -123.105854975113303, 45.453769504479368 ], [ -123.104943972835372, 45.4537575059232 ], [ -123.104528971801457, 45.453752506581679 ], [ -123.104264971231402, 45.453760507017293 ], [ -123.10426497222663, 45.453887507207178 ], [ -123.104269973280864, 45.45402050739802 ], [ -123.104280975242972, 45.454267507749726 ], [ -123.104272979400676, 45.454800508559501 ], [ -123.104271980283769, 45.454913508730051 ], [ -123.104278980786574, 45.454975508811579 ], [ -123.104301981484809, 45.455057508897468 ], [ -123.104616982168324, 45.455047508379629 ], [ -123.104975983052327, 45.455049507809541 ], [ -123.106750987440122, 45.455061504994013 ], [ -123.106998988032132, 45.455060504596609 ], [ -123.107673989664889, 45.455060503519071 ], [ -123.10808799066632, 45.455060502858188 ], [ -123.108229991009793, 45.45506050263149 ], [ -123.109329993749824, 45.455070500890784 ], [ -123.109743994783059, 45.455074500236066 ], [ -123.109597993653026, 45.454976500319226 ] ], [ [ -123.186839943170256, 45.555187667032435 ], [ -123.186906943260482, 45.5551696668836 ], [ -123.187400943962004, 45.555042665806766 ], [ -123.187565944199022, 45.55500066544856 ], [ -123.187247940465468, 45.554560664261587 ], [ -123.187119939044877, 45.55439666383112 ], [ -123.187086938428791, 45.55431466357701 ], [ -123.187074938241324, 45.554290663505583 ], [ -123.187046937791408, 45.554232663331696 ], [ -123.186999935761335, 45.553932662309634 ], [ -123.18697893425059, 45.553702661507202 ], [ -123.186989932440881, 45.553409660437602 ], [ -123.186905930411328, 45.553127659526915 ], [ -123.186772927823625, 45.552780658443567 ], [ -123.186628924554171, 45.552330657003033 ], [ -123.186581923240823, 45.55214465639191 ], [ -123.18652192241008, 45.552041656096186 ], [ -123.186463921063151, 45.551855655498919 ], [ -123.186440920653297, 45.551801655333257 ], [ -123.186359919217352, 45.551612654754138 ], [ -123.186200917008804, 45.551338653966866 ], [ -123.185968914716028, 45.551086653350715 ], [ -123.185842913463517, 45.550948653012021 ], [ -123.185652911581585, 45.550741652505337 ], [ -123.185476909698025, 45.550527651955875 ], [ -123.185359908441114, 45.550384651588011 ], [ -123.185172906429273, 45.550155650998491 ], [ -123.184573900131625, 45.549445649195498 ], [ -123.184494899298642, 45.549351648956474 ], [ -123.183988894132781, 45.548776647523312 ], [ -123.183621890316118, 45.548348646444786 ], [ -123.183221886315891, 45.547907645361356 ], [ -123.18269288088068, 45.547301643847078 ], [ -123.182906881156811, 45.547241643361225 ], [ -123.183268882169045, 45.547226642850696 ], [ -123.183500882859434, 45.547223642547323 ], [ -123.184198884949353, 45.547216641641803 ], [ -123.184724886507098, 45.547208640949599 ], [ -123.184589885609526, 45.547131640842572 ], [ -123.184355884302079, 45.54703764079926 ], [ -123.183604882012006, 45.547038641750156 ], [ -123.180395872237511, 45.547044645819419 ], [ -123.180294871701577, 45.547008645817343 ], [ -123.18015987077149, 45.546926645692707 ], [ -123.179755867983971, 45.546680645317672 ], [ -123.179607866029613, 45.546442644648522 ], [ -123.17948986484204, 45.546311644326366 ], [ -123.179388864084999, 45.546240644198527 ], [ -123.17930586343347, 45.546177644076742 ], [ -123.179065863973932, 45.546379645105972 ], [ -123.178992864350121, 45.546474645539661 ], [ -123.178971864721376, 45.546543645814275 ], [ -123.178968864939364, 45.546579645947475 ], [ -123.178987865672795, 45.546686646308238 ], [ -123.178979865869223, 45.546721646444155 ], [ -123.178921866316642, 45.546820646873286 ], [ -123.17886686652713, 45.546880647158403 ], [ -123.178758866670236, 45.546955647564296 ], [ -123.178715866664945, 45.546975647690438 ], [ -123.178614866842182, 45.547052648094663 ], [ -123.178590866970751, 45.547084648239981 ], [ -123.178565867323542, 45.547152648515983 ], [ -123.17854686747377, 45.547185648658555 ], [ -123.178522867829642, 45.547253648933278 ], [ -123.178502868443914, 45.547360649343204 ], [ -123.178469868753339, 45.547425649618475 ], [ -123.178445869109211, 45.547493649893205 ], [ -123.178434869523812, 45.547564650162315 ], [ -123.178470870056771, 45.547631650357808 ], [ -123.178478870125389, 45.547638650372882 ], [ -123.178501870328247, 45.547659650419362 ], [ -123.178752872218851, 45.547837650742864 ], [ -123.178797872469957, 45.547855650750854 ], [ -123.17884687263863, 45.547858650699887 ], [ -123.178943872789873, 45.547835650494896 ], [ -123.178987872817032, 45.547818650378311 ], [ -123.17921887306855, 45.547746649828241 ], [ -123.179268873170855, 45.547738649736424 ], [ -123.179420873704771, 45.547749649584375 ], [ -123.179506874207362, 45.547787649612609 ], [ -123.17956887474385, 45.547842649732218 ], [ -123.179646875556372, 45.547933649961145 ], [ -123.179706876351716, 45.548030650234352 ], [ -123.179861878244793, 45.548255650848162 ], [ -123.179887878513483, 45.548285650923297 ], [ -123.179948879059381, 45.548342651051435 ], [ -123.180277881754819, 45.548610651600811 ], [ -123.180305882023234, 45.548639651669816 ], [ -123.180361882818701, 45.548738651955354 ], [ -123.180408883832669, 45.548876652392558 ], [ -123.180454885524696, 45.549122653219442 ], [ -123.180504886554047, 45.549261653656473 ], [ -123.18053588731091, 45.549366653995108 ], [ -123.180563888519046, 45.54954465460014 ], [ -123.180557888727776, 45.549580654737163 ], [ -123.18054188889343, 45.549614654879619 ], [ -123.180506889442611, 45.549718655297767 ], [ -123.180483890041003, 45.549824655707994 ], [ -123.180467890200319, 45.549857655846829 ], [ -123.180455890838601, 45.549964656246829 ], [ -123.180474891331755, 45.550033656471079 ], [ -123.180507891855001, 45.550100656670558 ], [ -123.180551892399208, 45.550165656848996 ], [ -123.180628893214248, 45.550257657083044 ], [ -123.180687893753671, 45.550314657213853 ], [ -123.180952896466223, 45.550616657966856 ], [ -123.181050897275767, 45.550697658135007 ], [ -123.181188898345923, 45.550800658331987 ], [ -123.181251898878443, 45.550854658447044 ], [ -123.181657901786565, 45.551119658889938 ], [ -123.18173790232666, 45.5511666589585 ], [ -123.181853903115112, 45.551235659060914 ], [ -123.182063904372725, 45.551333659149556 ], [ -123.182158904819744, 45.551358659120091 ], [ -123.182602906689283, 45.551440658857082 ], [ -123.182653906876141, 45.55144565881097 ], [ -123.182753907117771, 45.551435658649282 ], [ -123.182851907309228, 45.551418658464897 ], [ -123.182898907364162, 45.551404658355416 ], [ -123.183066907378233, 45.551325657859863 ], [ -123.183163907535203, 45.551303657658742 ], [ -123.183417908195707, 45.551285657274626 ], [ -123.183467908366936, 45.551288657222571 ], [ -123.183485908447011, 45.551292657214354 ], [ -123.183515908576211, 45.551298657198224 ], [ -123.183607909045492, 45.551328657190574 ], [ -123.183646909309218, 45.551351657224366 ], [ -123.183673909580435, 45.551381657298393 ], [ -123.183717910123931, 45.551446657477101 ], [ -123.183736910610165, 45.551514657698043 ], [ -123.183740910842801, 45.551549657819017 ], [ -123.183737911501396, 45.55165565820441 ], [ -123.183651912020494, 45.551779658758896 ], [ -123.183640912207466, 45.551814658898721 ], [ -123.183628912618204, 45.551885659169415 ], [ -123.183651913116563, 45.551953659385305 ], [ -123.183761914440524, 45.552110659812328 ], [ -123.183737915387894, 45.552272660425714 ], [ -123.183730915416959, 45.552280660463282 ], [ -123.183694915609706, 45.552328660681326 ], [ -123.183663915937387, 45.552395660961473 ], [ -123.183737916748498, 45.552488661203341 ], [ -123.183804917279957, 45.552540661306423 ], [ -123.183885917809931, 45.552585661366692 ], [ -123.183972918307759, 45.552622661390643 ], [ -123.184114918991838, 45.552662661356329 ], [ -123.184514920517799, 45.552711661030472 ], [ -123.184612920910467, 45.552726660961426 ], [ -123.184798921854295, 45.552786660943923 ], [ -123.184886922342471, 45.552821660959459 ], [ -123.185050923357764, 45.552903661048866 ], [ -123.185136923846073, 45.552939661070546 ], [ -123.185174924112786, 45.552963661109274 ], [ -123.185304924829381, 45.55301466112973 ], [ -123.185442925538808, 45.553060661122153 ], [ -123.185750927237422, 45.553181661171344 ], [ -123.185879927982285, 45.553237661211142 ], [ -123.185919928248722, 45.553260661243797 ], [ -123.185952928519015, 45.553287661299635 ], [ -123.185997929064982, 45.553352661477327 ], [ -123.186026929574822, 45.553419661682284 ], [ -123.186042930064005, 45.553489661914355 ], [ -123.186056930320561, 45.553523662019273 ], [ -123.186110932957916, 45.553916663367303 ], [ -123.186111933181223, 45.553951663492128 ], [ -123.186127933450123, 45.553986663598153 ], [ -123.186194934257898, 45.554082663859951 ], [ -123.186276935086084, 45.554174664088528 ], [ -123.186329935618417, 45.554233664234616 ], [ -123.186508937534143, 45.55445166479555 ], [ -123.186738940240019, 45.554770665656513 ], [ -123.186761940750273, 45.554840665879894 ], [ -123.186755940952253, 45.554875666013523 ], [ -123.186744942252602, 45.555087666791174 ], [ -123.186742943032982, 45.555212667244099 ], [ -123.186839943170256, 45.555187667032435 ] ], [ [ -122.891202705558584, 45.62061126394881 ], [ -122.891053704779978, 45.620511263946369 ], [ -122.890641702805539, 45.620263263996584 ], [ -122.889717698089271, 45.619660264029939 ], [ -122.889332695921695, 45.619376263985941 ], [ -122.88914369486686, 45.619238263968128 ], [ -122.888836692787422, 45.618955263828994 ], [ -122.888523690279214, 45.618604263571243 ], [ -122.888062686256845, 45.61803426309698 ], [ -122.887903684786679, 45.617824262909807 ], [ -122.887871702224871, 45.620631268244431 ], [ -122.888076702437701, 45.620631267982461 ], [ -122.888197702563374, 45.620631267827804 ], [ -122.891156705635623, 45.620631264046217 ], [ -122.891227705709369, 45.620631263955467 ], [ -122.891202705558584, 45.62061126394881 ] ], [ [ -123.178017632100449, 45.510161516241745 ], [ -123.179559641124982, 45.510821516614023 ], [ -123.179759642606754, 45.510956516840089 ], [ -123.179874644798545, 45.511246517733895 ], [ -123.180265642573119, 45.510698515255868 ], [ -123.180297640365268, 45.51033251389795 ], [ -123.180102638161046, 45.510080513244617 ], [ -123.180034625727188, 45.50814350636643 ], [ -123.17915861826647, 45.507399504829806 ], [ -123.177473617528463, 45.508125509630332 ], [ -123.177896630298434, 45.509936515590027 ], [ -123.178017632100449, 45.510161516241745 ] ], [ [ -123.181951911602113, 45.552534663612036 ], [ -123.181830912217237, 45.552690664325368 ], [ -123.18177291251979, 45.552766664671658 ], [ -123.181593913229705, 45.552965665612454 ], [ -123.181738913513271, 45.552940665340451 ], [ -123.181865913761015, 45.552918665101835 ], [ -123.182048914330437, 45.552920664879267 ], [ -123.182190915008334, 45.552959664841303 ], [ -123.182311915723147, 45.553014664887336 ], [ -123.182442916613297, 45.553092665003561 ], [ -123.1825669174317, 45.55316266509984 ], [ -123.182720918120708, 45.553197665032478 ], [ -123.182874918633289, 45.553204664864374 ], [ -123.183022919020502, 45.553194664642604 ], [ -123.18323291918054, 45.553118664105426 ], [ -123.183117918030504, 45.552991663792632 ], [ -123.182828915367892, 45.552708663136869 ], [ -123.182694913970721, 45.552551662740086 ], [ -123.18264191341872, 45.55248966258349 ], [ -123.182352910711288, 45.552199661902854 ], [ -123.182219909190735, 45.552022661432936 ], [ -123.181946906688978, 45.551757660822361 ], [ -123.181835907214548, 45.551894661454831 ], [ -123.182075909811189, 45.552190662218436 ], [ -123.182022911087017, 45.55241866310547 ], [ -123.181951911602113, 45.552534663612036 ] ], [ [ -123.070611054155023, 45.476268589810381 ], [ -123.070566054109989, 45.476279589890169 ], [ -123.070041053617288, 45.476412590826342 ], [ -123.069909053809127, 45.476489591117101 ], [ -123.069846054548094, 45.476615591369537 ], [ -123.069818054760376, 45.476655591461309 ], [ -123.069900054981346, 45.476654591340512 ], [ -123.070553056835394, 45.476659590395052 ], [ -123.072362061973266, 45.476673587776247 ], [ -123.072761063091377, 45.47667458719598 ], [ -123.073497065169605, 45.476678586128408 ], [ -123.073492062324078, 45.476291585633554 ], [ -123.073480053796231, 45.475130584144729 ], [ -123.073478051968877, 45.474881583824597 ], [ -123.073477050956441, 45.474743583647026 ], [ -123.073418051101399, 45.474785583788211 ], [ -123.073145052718814, 45.475109584609122 ], [ -123.073044053624415, 45.475271584967082 ], [ -123.072927054324452, 45.475411585319826 ], [ -123.072918054387273, 45.47542358534853 ], [ -123.072787055515548, 45.47562758580429 ], [ -123.072436056580997, 45.47590658667837 ], [ -123.072358057058153, 45.476001586915025 ], [ -123.071984057304448, 45.476177587688419 ], [ -123.071625056861691, 45.476253588310492 ], [ -123.070611054155023, 45.476268589810381 ] ], [ [ -123.058053978936655, 45.470550601292999 ], [ -123.058069980059173, 45.470703601452421 ], [ -123.058155981306243, 45.47084760149643 ], [ -123.05813198191224, 45.4709426016462 ], [ -123.058053982492922, 45.471054601896995 ], [ -123.057827983189839, 45.471239602455981 ], [ -123.057835983655693, 45.471302602519458 ], [ -123.057905984669461, 45.47141960255513 ], [ -123.057905985748661, 45.471572602738341 ], [ -123.057671986957317, 45.471833603399205 ], [ -123.057234988248325, 45.472184604468517 ], [ -123.056797988774306, 45.472427605407312 ], [ -123.056673989324139, 45.472553605741311 ], [ -123.056626989864597, 45.472648605924036 ], [ -123.056485990873483, 45.472846606368499 ], [ -123.056462991443581, 45.472936606509506 ], [ -123.056392991759125, 45.473008606698741 ], [ -123.056126994890974, 45.473557607743814 ], [ -123.055955995441906, 45.473702608168317 ], [ -123.05587099658527, 45.473898608525943 ], [ -123.055822997254012, 45.474012608731769 ], [ -123.055510997977379, 45.474237609457781 ], [ -123.055487998482334, 45.474318609587407 ], [ -123.05573700106018, 45.474588609540291 ], [ -123.055613002234537, 45.474804609978136 ], [ -123.05563600267665, 45.474858610008219 ], [ -123.056089005567259, 45.47509260962017 ], [ -123.056104005735023, 45.475110609619456 ], [ -123.056236006541596, 45.47517360950053 ], [ -123.056798009801412, 45.475416608965205 ], [ -123.05736801235534, 45.475555608295764 ], [ -123.057648013763952, 45.475645607993279 ], [ -123.057711013938246, 45.475645607901015 ], [ -123.057749013754304, 45.475604607796335 ], [ -123.05782001263195, 45.475417607468529 ], [ -123.057874011786652, 45.475276607220593 ], [ -123.057866010495061, 45.47509660701683 ], [ -123.057750006903575, 45.474632606631943 ], [ -123.057750005634432, 45.47445260641657 ], [ -123.057836000891641, 45.473746605444923 ], [ -123.057890000305804, 45.473642605240663 ], [ -123.05795999900154, 45.47343060488334 ], [ -123.058146996625339, 45.473021604116518 ], [ -123.05831099481243, 45.47270160348959 ], [ -123.058576993564031, 45.472422602759835 ], [ -123.058739992698577, 45.47223760229528 ], [ -123.059090991293957, 45.47190460137238 ], [ -123.05924699098685, 45.471801601016004 ], [ -123.059621989096129, 45.471391599962246 ], [ -123.059852988180864, 45.471174599355152 ], [ -123.060260986569148, 45.470792598282863 ], [ -123.060455986390096, 45.470693597871076 ], [ -123.060514986292887, 45.47065759773912 ], [ -123.060720985979103, 45.470535597282606 ], [ -123.060900985538026, 45.470405596854988 ], [ -123.061126984828277, 45.470220596291149 ], [ -123.061211984764157, 45.470179596113759 ], [ -123.061391983709242, 45.469963595580417 ], [ -123.061243982261729, 45.469815595622137 ], [ -123.061040981684584, 45.469810595920841 ], [ -123.060767980444865, 45.469738596243246 ], [ -123.060634980225089, 45.46975759646611 ], [ -123.060416979799768, 45.469779596820224 ], [ -123.060244980014801, 45.469874597193751 ], [ -123.060081980692914, 45.470031597628605 ], [ -123.059667981315116, 45.470275598544639 ], [ -123.059340981268207, 45.470392599175867 ], [ -123.059012980262565, 45.470374599645496 ], [ -123.059009980247467, 45.470373599648802 ], [ -123.058607978641191, 45.470298600160831 ], [ -123.058311978865717, 45.470442600777176 ], [ -123.058279978998868, 45.470473600862313 ], [ -123.058225978889482, 45.470478600949164 ], [ -123.058053978936655, 45.470550601292999 ] ], [ [ -123.004742833690258, 45.470169680766318 ], [ -123.004672833139949, 45.47011068082081 ], [ -123.004228830490135, 45.469872681283697 ], [ -123.004126830328474, 45.469890681452171 ], [ -123.004056830307505, 45.469917681580249 ], [ -123.003924830452604, 45.469998681847287 ], [ -123.003931830888945, 45.470066681894636 ], [ -123.004341835999838, 45.470719681836933 ], [ -123.004547838570588, 45.471047681809154 ], [ -123.0046168392238, 45.471123681771097 ], [ -123.004959841088933, 45.471276681390123 ], [ -123.005162843743236, 45.471618681380896 ], [ -123.005279844811042, 45.471740681311417 ], [ -123.005458846848725, 45.471992681261739 ], [ -123.005910851819806, 45.472599681113486 ], [ -123.006034851853784, 45.472550680887132 ], [ -123.006229851740258, 45.472446680507751 ], [ -123.006472851323252, 45.472272679996088 ], [ -123.006760850840919, 45.472068679390915 ], [ -123.007161850376917, 45.471818678576668 ], [ -123.007244850285119, 45.471767678408668 ], [ -123.007822850387527, 45.471532677342147 ], [ -123.008040850391609, 45.471438676934753 ], [ -123.008594849222476, 45.471010675731698 ], [ -123.008812849080229, 45.470893675302804 ], [ -123.00939785009065, 45.470803674348694 ], [ -123.00942184976229, 45.470740674256994 ], [ -123.009733848240927, 45.47036267345463 ], [ -123.009944847657025, 45.470178672974903 ], [ -123.010005847607843, 45.470144672853202 ], [ -123.010303847404629, 45.469984672263671 ], [ -123.010451846930906, 45.46984567191749 ], [ -123.010373846272685, 45.469773671970401 ], [ -123.010085844742491, 45.46965167229429 ], [ -123.010022844574578, 45.469651672388963 ], [ -123.009851843725542, 45.46958867258995 ], [ -123.009648843328208, 45.469611672915434 ], [ -123.009523842963915, 45.469606673098866 ], [ -123.009195843547985, 45.469840673798849 ], [ -123.008907843619951, 45.469975674350437 ], [ -123.008174844098008, 45.470367675794542 ], [ -123.00811384405894, 45.470387675903467 ], [ -123.00783884389368, 45.470479676395975 ], [ -123.00752684342369, 45.470538676914707 ], [ -123.006871841860033, 45.47056967792215 ], [ -123.006060839494353, 45.470538679109232 ], [ -123.005584837798949, 45.470470679763189 ], [ -123.005069835593602, 45.470336680419358 ], [ -123.004742833690258, 45.470169680766318 ] ], [ [ -122.916655492795726, 45.422879882879457 ], [ -122.914694488622075, 45.422354887883394 ], [ -122.909986478594462, 45.421093899883317 ], [ -122.908816476061034, 45.420773902856205 ], [ -122.908805476043383, 45.420771902885129 ], [ -122.906853471955912, 45.420260907864574 ], [ -122.906367477084856, 45.421137910078755 ], [ -122.904912492494006, 45.423771916723709 ], [ -122.904427497631232, 45.424649918941334 ], [ -122.904207500351788, 45.425111920009769 ], [ -122.903947503212095, 45.42559992121636 ], [ -122.90394750324883, 45.425605921222221 ], [ -122.903951504150726, 45.425752921354231 ], [ -122.90403150515715, 45.42591092128319 ], [ -122.904184506333948, 45.42609092102817 ], [ -122.905140512182356, 45.426969919193787 ], [ -122.905251513136477, 45.427116919024336 ], [ -122.905289513834518, 45.427227919025349 ], [ -122.905293514460851, 45.427329919113255 ], [ -122.905212515284418, 45.427470919478417 ], [ -122.904669518514709, 45.428041921562937 ], [ -122.90444151987262, 45.428281922438728 ], [ -122.904345520731837, 45.428429922853262 ], [ -122.904299521560318, 45.428568923118206 ], [ -122.904289524108293, 45.428985923552553 ], [ -122.907200521666013, 45.428354914738662 ], [ -122.914488515564145, 45.426775892697869 ], [ -122.915207508006787, 45.425482889436964 ], [ -122.916655492795726, 45.422879882879457 ] ], [ [ -122.932751603841922, 45.439766853381826 ], [ -122.932772603461117, 45.439702853262816 ], [ -122.933021601938222, 45.439433852307062 ], [ -122.933045601345128, 45.439334852147034 ], [ -122.933029599712697, 45.439068851945123 ], [ -122.933048599312613, 45.439001851829062 ], [ -122.933076598690903, 45.438897851653074 ], [ -122.933185597399799, 45.438677851139822 ], [ -122.933200596167154, 45.438474850908747 ], [ -122.933481595398959, 45.438326849975397 ], [ -122.933614594828029, 45.438222849502147 ], [ -122.933809593248753, 45.437948848695569 ], [ -122.933964592138807, 45.437754848076658 ], [ -122.934193590881492, 45.437530847220536 ], [ -122.934245590601279, 45.43748084702694 ], [ -122.934300589669007, 45.43732384672564 ], [ -122.93438558929482, 45.437255846421962 ], [ -122.934611587730757, 45.436981845528308 ], [ -122.93465058711449, 45.436877845321533 ], [ -122.934627586639181, 45.436801845316168 ], [ -122.934588586455419, 45.436774845401516 ], [ -122.934011585870806, 45.436724846987843 ], [ -122.933801585958477, 45.436755847610861 ], [ -122.933653586326628, 45.436827848096485 ], [ -122.933614586778063, 45.436904848278338 ], [ -122.933661587955129, 45.437093848320842 ], [ -122.93363758862759, 45.437205848492731 ], [ -122.933442590017449, 45.437448849270368 ], [ -122.933287591292341, 45.437669849914464 ], [ -122.933333591589417, 45.437714849826008 ], [ -122.933302591873741, 45.437763849959303 ], [ -122.9330845928922, 45.43794785074752 ], [ -122.932811594244484, 45.438190851746455 ], [ -122.932631595892218, 45.438474852520358 ], [ -122.932464596880507, 45.43864985315615 ], [ -122.932343597591711, 45.438775853616143 ], [ -122.932335597972681, 45.438838853697433 ], [ -122.932390599019328, 45.439005853697005 ], [ -122.932429600412519, 45.43923085379582 ], [ -122.932437601430351, 45.439396853927583 ], [ -122.93240060182174, 45.439463854094782 ], [ -122.932296602932155, 45.43965385456633 ], [ -122.932343603528992, 45.43974785452059 ], [ -122.932320604342536, 45.439882854711406 ], [ -122.93224260485465, 45.439972855016251 ], [ -122.932164605586692, 45.440098855354613 ], [ -122.932133607495885, 45.44041385573572 ], [ -122.932288607326285, 45.440373855259026 ], [ -122.932351606831361, 45.440287855000349 ], [ -122.932554605939742, 45.440125854274129 ], [ -122.932702604746709, 45.439918853662085 ], [ -122.932751603841922, 45.439766853381826 ] ], [ [ -122.772219093289834, 45.710887443473872 ], [ -122.772667094222996, 45.710935443469168 ], [ -122.772203089641721, 45.710247443280245 ], [ -122.772219093289834, 45.710887443473872 ] ], [ [ -122.71235453218938, 45.282228233512505 ], [ -122.712605533182099, 45.282388233408646 ], [ -122.71291853396319, 45.282510233156465 ], [ -122.71397153575316, 45.282778232080624 ], [ -122.71415453651079, 45.28290023201054 ], [ -122.714406539086994, 45.283327232315955 ], [ -122.714543539516981, 45.283395232226184 ], [ -122.714642538229015, 45.283174231741853 ], [ -122.714665537085466, 45.28298023140799 ], [ -122.714581534535981, 45.282552230862926 ], [ -122.714505533213426, 45.282331230627385 ], [ -122.714330531150466, 45.281988230341845 ], [ -122.714078529227706, 45.281671230204239 ], [ -122.713811527935931, 45.28146123025315 ], [ -122.713498526843409, 45.281286230420406 ], [ -122.71268952435004, 45.280889230934704 ], [ -122.711942522663037, 45.28062623156756 ], [ -122.711301521581277, 45.280462232205352 ], [ -122.710828520348514, 45.280267232557122 ], [ -122.71070652082139, 45.280351232861122 ], [ -122.71112552463056, 45.280985233281008 ], [ -122.711629528542389, 45.281633233598072 ], [ -122.711858529847277, 45.281847233613099 ], [ -122.71235453218938, 45.282228233512505 ] ], [ [ -122.720794574055418, 45.288972231634901 ], [ -122.721110575368741, 45.289179231475593 ], [ -122.721283575966808, 45.289272231357607 ], [ -122.721768577072993, 45.289437230883081 ], [ -122.721691573869762, 45.288904230206072 ], [ -122.721315572284823, 45.288654230390385 ], [ -122.7209585724665, 45.288699230984889 ], [ -122.720794574055418, 45.288972231634901 ] ], [ [ -122.682701619248604, 45.298600305918811 ], [ -122.682579619532305, 45.298657306216647 ], [ -122.682549619630279, 45.298676306299171 ], [ -122.682462619908137, 45.298730306536548 ], [ -122.682350620342106, 45.298813306867352 ], [ -122.682305620656066, 45.298871307046234 ], [ -122.682274621002776, 45.29893430721242 ], [ -122.682228621876916, 45.299091307577378 ], [ -122.682362621501426, 45.299017307228254 ], [ -122.682618620865028, 45.298890306588497 ], [ -122.682799620356931, 45.298790306117596 ], [ -122.682845619975069, 45.298720305915189 ], [ -122.682828619550136, 45.298646305804496 ], [ -122.682773619317118, 45.298608305820387 ], [ -122.682701619248604, 45.298600305918811 ] ], [ [ -122.668701608077285, 45.297400325544494 ], [ -122.668265607619077, 45.297342326109295 ], [ -122.668121607524242, 45.29733332631605 ], [ -122.667975607495364, 45.297336326549875 ], [ -122.66754360763251, 45.29738532732221 ], [ -122.666885607504753, 45.297399328377494 ], [ -122.6664506072526, 45.297378329014265 ], [ -122.666300607200228, 45.297377329246402 ], [ -122.666201607191525, 45.297381329408985 ], [ -122.666130607097372, 45.297368329493587 ], [ -122.664347605453258, 45.297171331875752 ], [ -122.663144606656417, 45.297457334336315 ], [ -122.663361606680155, 45.297449333981071 ], [ -122.663796606794065, 45.297445333293616 ], [ -122.66571360736566, 45.297440330289994 ], [ -122.666083607475755, 45.297439329710201 ], [ -122.666351607587188, 45.297444329301804 ], [ -122.666423607648468, 45.29745132920349 ], [ -122.666497607738066, 45.297463329112084 ], [ -122.666572607900036, 45.297488329045258 ], [ -122.666638608136751, 45.297527329020689 ], [ -122.666735608754465, 45.297633329082352 ], [ -122.66683860931883, 45.29772932911434 ], [ -122.666958609694703, 45.297790329049192 ], [ -122.667054609874654, 45.297817328953194 ], [ -122.667160609941376, 45.297823328799339 ], [ -122.667301609952602, 45.297817328566616 ], [ -122.668308609670561, 45.297709326774886 ], [ -122.668596609672306, 45.297693326292553 ], [ -122.669032609776082, 45.297687325598702 ], [ -122.669180609739215, 45.297672325337452 ], [ -122.669323609606224, 45.297640325050267 ], [ -122.669458609303774, 45.297578324716106 ], [ -122.669565608797697, 45.297481324356383 ], [ -122.66970760797409, 45.297325323825248 ], [ -122.669503608127442, 45.297364324220993 ], [ -122.668846608139248, 45.297403325324069 ], [ -122.668701608077285, 45.297400325544494 ] ], [ [ -122.679893609511566, 45.2970353073841 ], [ -122.680087610153151, 45.297138307275929 ], [ -122.680421611171809, 45.297300307059949 ], [ -122.680697611834177, 45.297402306820878 ], [ -122.681035612595537, 45.297518306510625 ], [ -122.68122461055107, 45.297146305518737 ], [ -122.681273609791461, 45.297009305185888 ], [ -122.681300608985367, 45.296865304874281 ], [ -122.681300608159646, 45.29671930460097 ], [ -122.681275607314959, 45.296571304362764 ], [ -122.681238606494972, 45.296428304152464 ], [ -122.681184605692522, 45.296289303975932 ], [ -122.681103604955538, 45.296163303865427 ], [ -122.680985604348848, 45.296062303858868 ], [ -122.680920604103164, 45.29602230388447 ], [ -122.680651603332706, 45.295900304071736 ], [ -122.680529602894936, 45.295829304126997 ], [ -122.680413602391312, 45.295746304150285 ], [ -122.680313601819208, 45.295650304124202 ], [ -122.68024060114233, 45.295534304018602 ], [ -122.680213600750292, 45.295466303932272 ], [ -122.68019959992732, 45.29532130368095 ], [ -122.680163598691337, 45.29510430332784 ], [ -122.680111597896854, 45.294966303147994 ], [ -122.680045597041939, 45.294818302970647 ], [ -122.679994596524608, 45.294729302881287 ], [ -122.679911596150475, 45.29466730289186 ], [ -122.679602595710818, 45.294605303249092 ], [ -122.679456595566919, 45.294587303439066 ], [ -122.679306595545967, 45.294591303676775 ], [ -122.679166595781666, 45.294640303984288 ], [ -122.679056596285307, 45.294735304332988 ], [ -122.678990596998943, 45.294865304680549 ], [ -122.678964597808744, 45.295010304995166 ], [ -122.678971598639478, 45.295157305262855 ], [ -122.678986599061076, 45.295231305379964 ], [ -122.67903559989864, 45.295377305580935 ], [ -122.679081600250569, 45.295437305623615 ], [ -122.679194601755924, 45.295698305943162 ], [ -122.679324604141044, 45.296114306528935 ], [ -122.679447606524889, 45.29653030712452 ], [ -122.679459607301368, 45.296667307364757 ], [ -122.679452607688461, 45.296736307506031 ], [ -122.679428608109802, 45.296812307686977 ], [ -122.679893609511566, 45.2970353073841 ] ], [ [ -122.676768581490407, 45.292221303031184 ], [ -122.676647582311631, 45.292373303505386 ], [ -122.676680602971373, 45.29604831049749 ], [ -122.676690605885227, 45.296566311474557 ], [ -122.676696611517684, 45.297568313385106 ], [ -122.676676617456536, 45.298626315443727 ], [ -122.676698618918991, 45.29888531590538 ], [ -122.676772618212397, 45.298755315539822 ], [ -122.676854617693692, 45.29865831522504 ], [ -122.677230615970288, 45.298330314006733 ], [ -122.677323615696281, 45.298276313757583 ], [ -122.677433613970692, 45.297963312987413 ], [ -122.677580611344752, 45.297488311851033 ], [ -122.677687606983412, 45.296707310194904 ], [ -122.677696606198353, 45.296567309913989 ], [ -122.677713605398836, 45.296424309615013 ], [ -122.677736603790706, 45.296137309032247 ], [ -122.677764600951519, 45.295631308024561 ], [ -122.677760598907454, 45.295268307338901 ], [ -122.677743597236656, 45.294972306800915 ], [ -122.677766596421733, 45.294826306487302 ], [ -122.677818595654585, 45.294687306142578 ], [ -122.677896594962405, 45.294560305780927 ], [ -122.678075593730625, 45.294332305072537 ], [ -122.678232592413025, 45.294090304371942 ], [ -122.678448590249701, 45.293695303291393 ], [ -122.678515589496868, 45.293558302929057 ], [ -122.678743587487304, 45.293190301883627 ], [ -122.678844586901121, 45.293081301523415 ], [ -122.678952586514029, 45.293007301219099 ], [ -122.679097586086328, 45.292924300841747 ], [ -122.678934585686022, 45.292861300969854 ], [ -122.678800585401007, 45.292817301089784 ], [ -122.678377584856122, 45.292741301587178 ], [ -122.677508584070978, 45.292644302719879 ], [ -122.677197583839302, 45.292618303141516 ], [ -122.67696658365783, 45.29259730345138 ], [ -122.676881583572666, 45.292586303559112 ], [ -122.676812583469442, 45.292571303634908 ], [ -122.676756583307977, 45.292545303669932 ], [ -122.676731583048223, 45.292500303621608 ], [ -122.676728582777656, 45.292452303534176 ], [ -122.676768581490407, 45.292221303031184 ] ], [ [ -122.66679457183406, 45.290967315584957 ], [ -122.666648571762622, 45.290961315791812 ], [ -122.666502571580423, 45.29093531595835 ], [ -122.665359571707555, 45.291012317827807 ], [ -122.665376573360007, 45.291310318405621 ], [ -122.66537957363731, 45.291360318502349 ], [ -122.665381574340174, 45.29148731875646 ], [ -122.665390576941846, 45.291957319694383 ], [ -122.665393577932562, 45.292136320052244 ], [ -122.665383580285777, 45.292562320929783 ], [ -122.665386580629502, 45.292624321050759 ], [ -122.665403581059977, 45.292701321180857 ], [ -122.665420581330139, 45.292749321252259 ], [ -122.66546758182983, 45.292837321359066 ], [ -122.665817581970771, 45.292845320844137 ], [ -122.668661582756783, 45.292845316528464 ], [ -122.66964158306655, 45.292852315055242 ], [ -122.669641574537209, 45.291319312014252 ], [ -122.669647572630382, 45.290976311324847 ], [ -122.669339572516449, 45.290970311774785 ], [ -122.66803157223535, 45.290981313758117 ], [ -122.667230571936997, 45.290965314927192 ], [ -122.66679457183406, 45.290967315584957 ] ], [ [ -122.496079763226234, 45.347299777324885 ], [ -122.497019753573099, 45.344828766320788 ], [ -122.497103753693963, 45.344841766193547 ], [ -122.498317755387745, 45.345016764304866 ], [ -122.499557757117017, 45.345194762367193 ], [ -122.499832757435442, 45.34521876188073 ], [ -122.499957757567913, 45.345226761649066 ], [ -122.50003475762496, 45.345226761490963 ], [ -122.500582757994039, 45.345224760377015 ], [ -122.500616758758142, 45.345399760939024 ], [ -122.500658759320501, 45.34552576130821 ], [ -122.500734759906479, 45.345651761608472 ], [ -122.500817760455092, 45.345767761858376 ], [ -122.500967761207107, 45.345920762105536 ], [ -122.500917760211038, 45.345693761389384 ], [ -122.500900759602146, 45.345552760916 ], [ -122.500896758193392, 45.345220759728434 ], [ -122.501305758487845, 45.345223758913235 ], [ -122.501958758916473, 45.345218757576461 ], [ -122.502100759031251, 45.34522275730405 ], [ -122.502226759109561, 45.345220757042405 ], [ -122.502235757939786, 45.344943756030212 ], [ -122.50223175734267, 45.344803755535864 ], [ -122.502239756422654, 45.344585754737466 ], [ -122.502236751771903, 45.343490750814048 ], [ -122.502242746286569, 45.342197746162128 ], [ -122.502250745374852, 45.341981745371129 ], [ -122.502245744624318, 45.341805744749507 ], [ -122.502210743909188, 45.341642744234051 ], [ -122.502147743702011, 45.341603744219135 ], [ -122.502088743624881, 45.34159474430394 ], [ -122.501942743524225, 45.341593744590149 ], [ -122.5014317432165, 45.341600745629528 ], [ -122.499771742129582, 45.34160874896488 ], [ -122.49942974187924, 45.341611749672111 ], [ -122.498696741302822, 45.3416087511538 ], [ -122.498355741015274, 45.341602751826329 ], [ -122.497762740592947, 45.341610753062866 ], [ -122.49498973851064, 45.341622758753402 ], [ -122.494631738184921, 45.341610759438232 ], [ -122.494620739645683, 45.341960760749288 ], [ -122.494623742380796, 45.342611763140006 ], [ -122.494620743222256, 45.342812763886215 ], [ -122.494604747529323, 45.343841767707879 ], [ -122.494598748124915, 45.343984768246798 ], [ -122.494549749224063, 45.344255769346184 ], [ -122.49435474881524, 45.344194769525316 ], [ -122.494217748498144, 45.344144769624656 ], [ -122.49408674814805, 45.34408576967818 ], [ -122.4938097474909, 45.343980769863634 ], [ -122.493475746646979, 45.343841770040413 ], [ -122.493146745778176, 45.3436957701797 ], [ -122.493009745436652, 45.343639770255088 ], [ -122.49286574512324, 45.34359177037436 ], [ -122.492763744851075, 45.343545770414245 ], [ -122.492517745295501, 45.343697771485438 ], [ -122.492386745486201, 45.343767772015632 ], [ -122.492269745725395, 45.343846772550584 ], [ -122.492145745938132, 45.343920773081678 ], [ -122.49158474699621, 45.344278775573933 ], [ -122.491347747466634, 45.344435776649895 ], [ -122.490673748716574, 45.344861779638656 ], [ -122.490426749139957, 45.345009780705539 ], [ -122.49028974933249, 45.345081781259971 ], [ -122.4901037494988, 45.345156781927976 ], [ -122.490211751495337, 45.345614783416238 ], [ -122.490229752110551, 45.345758783917233 ], [ -122.490264752851971, 45.345929784483559 ], [ -122.490578753318132, 45.345981784020367 ], [ -122.491353754643583, 45.346151783030372 ], [ -122.491567754989163, 45.34619378273797 ], [ -122.491854755401263, 45.346237782299646 ], [ -122.492032755613849, 45.34625478198938 ], [ -122.492038756287968, 45.346414782571415 ], [ -122.492026759851043, 45.347268785770481 ], [ -122.492020760452831, 45.347413786322058 ], [ -122.492024760761424, 45.347486786584916 ], [ -122.492036761314893, 45.347616787042654 ], [ -122.492061761485573, 45.347652787123508 ], [ -122.492101761638978, 45.347681787146634 ], [ -122.492370762022404, 45.347721786725508 ], [ -122.49301476256052, 45.347726785380132 ], [ -122.493462762937114, 45.347730784446121 ], [ -122.493773763300112, 45.347757783887118 ], [ -122.493967763686626, 45.347812783679139 ], [ -122.49418676419829, 45.347892783510083 ], [ -122.494440764683702, 45.3479597832184 ], [ -122.494665764952856, 45.347980782818475 ], [ -122.49531576531615, 45.34794278130007 ], [ -122.495395764674527, 45.347774780513603 ], [ -122.495496764129499, 45.347625779752775 ], [ -122.495644763634559, 45.347479778903974 ], [ -122.495770763319342, 45.347380778274548 ], [ -122.495879763213253, 45.347334777875602 ], [ -122.496079763226234, 45.347299777324885 ] ], [ [ -122.4809896413758, 45.320669706301338 ], [ -122.481530640161324, 45.320289703885543 ], [ -122.481588640013385, 45.320244703610477 ], [ -122.481805639386963, 45.320058702513876 ], [ -122.481846639194842, 45.320005702238035 ], [ -122.482094638261785, 45.319740700784571 ], [ -122.482465636655775, 45.319293698419209 ], [ -122.482546636212334, 45.31917369781722 ], [ -122.482583635975928, 45.31911069751088 ], [ -122.482610635724797, 45.31904569721425 ], [ -122.48267763491684, 45.318839696306711 ], [ -122.482708634461645, 45.318724695811298 ], [ -122.482963630661814, 45.3177656916898 ], [ -122.483309625423956, 45.316445686036005 ], [ -122.483326624847479, 45.316303685462863 ], [ -122.483316624245759, 45.316159684927918 ], [ -122.483279623647874, 45.316020684457818 ], [ -122.483087621580623, 45.315549682976418 ], [ -122.482854619220305, 45.315013681312024 ], [ -122.482778618697935, 45.314898680998155 ], [ -122.482722618299647, 45.314810680754213 ], [ -122.482668617724968, 45.314679680341598 ], [ -122.482339614469623, 45.313940678051026 ], [ -122.482262613584055, 45.313737677398407 ], [ -122.48224561328874, 45.313668677161239 ], [ -122.482238612999566, 45.313599676907408 ], [ -122.482241612720642, 45.313531676640807 ], [ -122.482260612463918, 45.313466676359205 ], [ -122.48230061224892, 45.313408676069713 ], [ -122.482359612103295, 45.313364675802589 ], [ -122.482426612041053, 45.313339675595351 ], [ -122.482494612033079, 45.313327675436412 ], [ -122.485370612369806, 45.312984669361732 ], [ -122.486023612489859, 45.312917668027467 ], [ -122.486095612475637, 45.312903667855316 ], [ -122.486170612434165, 45.312882667651692 ], [ -122.486241612340422, 45.312849667409161 ], [ -122.486302612149245, 45.312794667099794 ], [ -122.486337611888217, 45.312726666784087 ], [ -122.486354611616235, 45.31265866649813 ], [ -122.486336607993309, 45.311788663228349 ], [ -122.486343605938274, 45.311292661335855 ], [ -122.486334604986283, 45.311064660485847 ], [ -122.486335603571163, 45.310723659190948 ], [ -122.486339596540532, 45.309029652760039 ], [ -122.486330590166588, 45.30749564695661 ], [ -122.486340585945925, 45.306477643080072 ], [ -122.486339583844597, 45.30597164116265 ], [ -122.48634358309539, 45.305790640469993 ], [ -122.486344582938202, 45.305752640324314 ], [ -122.486340582620414, 45.305676640042329 ], [ -122.486351582078612, 45.305544639524598 ], [ -122.486358577050595, 45.304332634917571 ], [ -122.486340576405283, 45.304179634364999 ], [ -122.486300576162819, 45.304126634225426 ], [ -122.486245575974252, 45.304088634165694 ], [ -122.486180575842369, 45.304065634178215 ], [ -122.486111575737326, 45.304049634223368 ], [ -122.485030574464801, 45.303888635268628 ], [ -122.484022573239102, 45.303728636201377 ], [ -122.483007572044357, 45.30357663717124 ], [ -122.480458568943291, 45.303168639486934 ], [ -122.477216564970476, 45.302638642348661 ], [ -122.476483564082386, 45.302520642996527 ], [ -122.474299561444425, 45.302169644915402 ], [ -122.474139561266682, 45.30214764506988 ], [ -122.474063561163661, 45.302132645125212 ], [ -122.473012560492634, 45.30210964661962 ], [ -122.471037559469124, 45.302124649658815 ], [ -122.470891559421474, 45.302132649911087 ], [ -122.470673559423673, 45.302162650360046 ], [ -122.470531559471638, 45.30219365069847 ], [ -122.470391559573471, 45.302237651086045 ], [ -122.470258559703453, 45.302287651487291 ], [ -122.470127559883181, 45.302349651933746 ], [ -122.469434561031434, 45.302726654496276 ], [ -122.469309561270677, 45.302802654991375 ], [ -122.469189561545065, 45.302886655511323 ], [ -122.468965562167213, 45.303070656592048 ], [ -122.467806565589271, 45.304074662411487 ], [ -122.467600566218621, 45.304258663471543 ], [ -122.467423566685824, 45.304398664309957 ], [ -122.467367566832365, 45.304442664574147 ], [ -122.467244567066629, 45.304517665067081 ], [ -122.467111567246633, 45.304580665527119 ], [ -122.46697956739068, 45.304634665949386 ], [ -122.46670656762096, 45.304729666755563 ], [ -122.466503567833868, 45.304810667397554 ], [ -122.464255569704051, 45.30558967405392 ], [ -122.464072569853755, 45.305652674596153 ], [ -122.46165357189787, 45.306504681871843 ], [ -122.459721573395953, 45.307155687600066 ], [ -122.459383573717076, 45.307284688668389 ], [ -122.459168573876823, 45.307355689302625 ], [ -122.458208574719919, 45.307705692276961 ], [ -122.456285576197871, 45.308356698051803 ], [ -122.456138576287316, 45.308400698470443 ], [ -122.45599757640008, 45.308449698900688 ], [ -122.455859576490653, 45.308492699301127 ], [ -122.45583857649828, 45.308497699355584 ], [ -122.455644576563998, 45.308542699853916 ], [ -122.455496576564997, 45.308564700182387 ], [ -122.4553485765381, 45.308579700481509 ], [ -122.454906576370931, 45.308602701283355 ], [ -122.454765576363968, 45.308621701588343 ], [ -122.454695576390563, 45.308638701771692 ], [ -122.454560576470527, 45.308678702155795 ], [ -122.453804577052125, 45.308936704453167 ], [ -122.453668577142963, 45.308979704852554 ], [ -122.453488577207892, 45.309022705322533 ], [ -122.45363857785577, 45.309163705678763 ], [ -122.456773590182351, 45.311792711663102 ], [ -122.456989591038507, 45.311974712070921 ], [ -122.458706597864506, 45.313422715280652 ], [ -122.458867598538873, 45.31356671561241 ], [ -122.459128599730889, 45.313824716250984 ], [ -122.459426601206545, 45.314147717095921 ], [ -122.460098604688909, 45.314913719147739 ], [ -122.46024060545804, 45.315083719613227 ], [ -122.460329605974181, 45.315198719939673 ], [ -122.460495607027269, 45.315435720640863 ], [ -122.461903616522449, 45.317581727105491 ], [ -122.462752622203851, 45.318860730902919 ], [ -122.462922623262102, 45.319096731577261 ], [ -122.463198624799475, 45.319434732484652 ], [ -122.464180629997529, 45.320567735408304 ], [ -122.464275630555008, 45.320690735744307 ], [ -122.464681632686364, 45.321153736920962 ], [ -122.46535163626038, 45.321930738904435 ], [ -122.46575863848679, 45.322415740155414 ], [ -122.466006639858549, 45.322714740929229 ], [ -122.467606649007408, 45.324712746152585 ], [ -122.467893650662788, 45.325073747091032 ], [ -122.469049657337976, 45.326526750838681 ], [ -122.46913565785924, 45.326640751139436 ], [ -122.469176658142914, 45.32670375131751 ], [ -122.469829661790001, 45.327491753280199 ], [ -122.470147663617936, 45.327887754280148 ], [ -122.47049066565971, 45.328331755422489 ], [ -122.471256665020704, 45.328043752848373 ], [ -122.473170663366801, 45.327312746397084 ], [ -122.473969662643839, 45.327000743687947 ], [ -122.475454661325031, 45.32642873870158 ], [ -122.476431660347018, 45.326026735332583 ], [ -122.476780659974438, 45.325877734110477 ], [ -122.476925659847822, 45.325822733630211 ], [ -122.477678659355391, 45.325577731298267 ], [ -122.478296658826807, 45.325346729271374 ], [ -122.47859065861131, 45.325245728343134 ], [ -122.478769658403877, 45.325165727706285 ], [ -122.478968658218093, 45.3250877270413 ], [ -122.47911065810456, 45.325036726585182 ], [ -122.479176658025864, 45.32500672634874 ], [ -122.479239657916338, 45.324969726090622 ], [ -122.479295657773292, 45.324925725818041 ], [ -122.479341657590496, 45.324873725532555 ], [ -122.47937365734893, 45.32480972522589 ], [ -122.479395657084083, 45.324741724921815 ], [ -122.479411655030091, 45.324239722942551 ], [ -122.479414645814543, 45.321998714230887 ], [ -122.479418645504595, 45.321922713928544 ], [ -122.47943064520814, 45.321848713619765 ], [ -122.479454644927785, 45.321776713297588 ], [ -122.479494644682603, 45.321710712970358 ], [ -122.479544644481024, 45.321653712660506 ], [ -122.479601644312837, 45.321603712365523 ], [ -122.480565642260871, 45.320951708137301 ], [ -122.480833641702603, 45.32077370697742 ], [ -122.4809896413758, 45.320669706301338 ] ], [ [ -122.50741875844696, 45.344231743056881 ], [ -122.506411757773989, 45.344234745091676 ], [ -122.505805757421072, 45.344248746359597 ], [ -122.505617757348546, 45.344261746783744 ], [ -122.505482757380435, 45.344290747158325 ], [ -122.505334757467423, 45.344334747612464 ], [ -122.505181757627753, 45.344396748140909 ], [ -122.505027758218276, 45.344559749031269 ], [ -122.504977758504126, 45.344634749399098 ], [ -122.504948758812802, 45.344711749731822 ], [ -122.50492575935597, 45.344842750244872 ], [ -122.504935760066829, 45.345007750812556 ], [ -122.504955761061936, 45.34523775159159 ], [ -122.505247761446725, 45.345280751154881 ], [ -122.505467761777751, 45.345322750859872 ], [ -122.505686762163776, 45.345377750612919 ], [ -122.506101763048775, 45.345517750271384 ], [ -122.506241763393589, 45.345575750194165 ], [ -122.506437763957024, 45.345675750152473 ], [ -122.506838765022479, 45.345859749993068 ], [ -122.50697876533377, 45.345909749886623 ], [ -122.507102765698292, 45.345974749865583 ], [ -122.50721376607963, 45.346045749892014 ], [ -122.507317766314799, 45.346083749815683 ], [ -122.507393766440515, 45.346100749721707 ], [ -122.50739976568606, 45.345923749083141 ], [ -122.507392765094011, 45.345786748612461 ], [ -122.507409762559845, 45.345192746475917 ], [ -122.50741875844696, 45.344231743056881 ] ], [ [ -122.407765509451536, 45.298013725209586 ], [ -122.407597509663901, 45.298094725846234 ], [ -122.40715550958322, 45.298135726688137 ], [ -122.406735509406374, 45.298147727357666 ], [ -122.406499509478465, 45.298200727958722 ], [ -122.406300509814542, 45.298319728827046 ], [ -122.405972510982266, 45.298681731066786 ], [ -122.405324512585295, 45.299207734578758 ], [ -122.405087513731516, 45.299551736605125 ], [ -122.40505751382274, 45.299580736790837 ], [ -122.405798513493394, 45.299384734743853 ], [ -122.408567512060173, 45.298601726884606 ], [ -122.408702512008929, 45.298568726527911 ], [ -122.408621511824748, 45.298530726462694 ], [ -122.408554511707479, 45.298508726454266 ], [ -122.408486511548801, 45.298475726394074 ], [ -122.408370511171455, 45.298390726152554 ], [ -122.407949509949603, 45.298121725464796 ], [ -122.407826509546794, 45.298030725203219 ], [ -122.407810509478949, 45.298014725148995 ], [ -122.407765509451536, 45.298013725209586 ] ], [ [ -122.462083703496589, 45.339206815816716 ], [ -122.462029703628488, 45.33924981610199 ], [ -122.461986703869101, 45.339317816468196 ], [ -122.461986704114082, 45.339378816719396 ], [ -122.4620717049295, 45.339565817318665 ], [ -122.462159705028313, 45.339573817174831 ], [ -122.462256705013417, 45.339551816889411 ], [ -122.462321704672917, 45.339454816359876 ], [ -122.462364704400116, 45.339378815960977 ], [ -122.462353704090418, 45.339303815674583 ], [ -122.462310703885109, 45.33926081558392 ], [ -122.462231703640583, 45.339214815553028 ], [ -122.462169703561614, 45.33920681564436 ], [ -122.462083703496589, 45.339206815816716 ] ], [ [ -122.388121343546203, 45.254857533470322 ], [ -122.389012343465282, 45.254764532215098 ], [ -122.389534342606382, 45.254485530338947 ], [ -122.390422340192345, 45.253748525824911 ], [ -122.391024338868945, 45.253336523218628 ], [ -122.391998338729465, 45.253223521813069 ], [ -122.395546339259681, 45.25309951815759 ], [ -122.396028338688581, 45.252906516781266 ], [ -122.396224337924934, 45.252682515495245 ], [ -122.396018327661224, 45.249838502226851 ], [ -122.395969326288252, 45.249307502248328 ], [ -122.395974323520662, 45.248226502206954 ], [ -122.395951322876243, 45.247977502217033 ], [ -122.395695322425524, 45.247830502419362 ], [ -122.393358321743577, 45.247828504312935 ], [ -122.392064321319111, 45.247809505360706 ], [ -122.391499320756367, 45.247657505812647 ], [ -122.391439321106446, 45.247797505866643 ], [ -122.390856322141133, 45.248254506356915 ], [ -122.390823323936402, 45.248939506410451 ], [ -122.39098432513866, 45.249379506296989 ], [ -122.390855325343836, 45.249470506405267 ], [ -122.39056332541648, 45.249527506644512 ], [ -122.389269325041013, 45.249515507694518 ], [ -122.389480325954182, 45.249838507536246 ], [ -122.389435330900454, 45.251252513978677 ], [ -122.389692332414199, 45.25165251579908 ], [ -122.389607333879965, 45.252064517964946 ], [ -122.389363335435618, 45.252513520454414 ], [ -122.3880053398873, 45.253851528435234 ], [ -122.387784342603155, 45.254622532565286 ], [ -122.387871343366569, 45.254827533536407 ], [ -122.388121343546203, 45.254857533470322 ] ], [ [ -122.33888084663009, 45.410138471468727 ], [ -122.338493846184761, 45.410138472611045 ], [ -122.338360846078302, 45.410152473084423 ], [ -122.338320846165374, 45.410192473433298 ], [ -122.338306846591792, 45.410325474242065 ], [ -122.338306847836236, 45.410699476400126 ], [ -122.338320848161814, 45.410792476895274 ], [ -122.338386848460985, 45.410859477086426 ], [ -122.338480848612789, 45.410872476883021 ], [ -122.338666848874183, 45.410886476412919 ], [ -122.339510849895575, 45.410900473993763 ], [ -122.339520848613503, 45.410512471731629 ], [ -122.339480848123998, 45.410379471084553 ], [ -122.339427847749548, 45.410285470700146 ], [ -122.339334847465807, 45.41023247066974 ], [ -122.339160847042251, 45.41016547079775 ], [ -122.338947846707171, 45.410138471270969 ], [ -122.33888084663009, 45.410138471468727 ] ], [ [ -122.278216637231893, 45.363494343941916 ], [ -122.278145637174617, 45.363496344120406 ], [ -122.278000637099254, 45.363514344576387 ], [ -122.277927637094038, 45.363534344877927 ], [ -122.277859637111192, 45.363560345207361 ], [ -122.277658637198101, 45.363649346261212 ], [ -122.277276637454932, 45.363849348468641 ], [ -122.276944637582446, 45.363991350179084 ], [ -122.276810637650712, 45.364054350907281 ], [ -122.276666637969598, 45.364204352232726 ], [ -122.276866638241117, 45.36423535196942 ], [ -122.277011638400779, 45.364245351696241 ], [ -122.27707763850762, 45.364261351647322 ], [ -122.277347639021244, 45.36435235161504 ], [ -122.277669639683324, 45.364477351684037 ], [ -122.277801639987103, 45.364539351782831 ], [ -122.277930640336066, 45.364617351993644 ], [ -122.278047640722278, 45.364711352337522 ], [ -122.278194641276173, 45.364852352919655 ], [ -122.278240641482142, 45.364907353173216 ], [ -122.278281641707565, 45.364970353491017 ], [ -122.27835064216174, 45.365101354189804 ], [ -122.278377642392584, 45.365170354579753 ], [ -122.278395642606355, 45.365236354971096 ], [ -122.278413643059693, 45.365382355888009 ], [ -122.278413643278213, 45.365455356367654 ], [ -122.278406643487472, 45.365527356857221 ], [ -122.278362643947659, 45.365694358058235 ], [ -122.278204644547145, 45.36594236006092 ], [ -122.278159644656043, 45.365992360495881 ], [ -122.278085644942152, 45.366110361446481 ], [ -122.278019645292233, 45.366247362503337 ], [ -122.277993645481061, 45.366318363031731 ], [ -122.277967645873261, 45.366457364007381 ], [ -122.277963646503807, 45.366669365411013 ], [ -122.277975647157859, 45.366884366796455 ], [ -122.2780166480388, 45.367166368553477 ], [ -122.278022648343423, 45.367266369196763 ], [ -122.278058650234158, 45.367887373194243 ], [ -122.278061650931022, 45.368119374712499 ], [ -122.278361651185065, 45.368112373949401 ], [ -122.278516651294225, 45.368101373506661 ], [ -122.278662651380145, 45.368085373052629 ], [ -122.278806651437208, 45.368060372544356 ], [ -122.278950651479278, 45.368030372003361 ], [ -122.279092651498459, 45.367993371421342 ], [ -122.279444651475927, 45.367878369826506 ], [ -122.279717651437721, 45.367782368545754 ], [ -122.280027651418038, 45.367681367144684 ], [ -122.280340651367723, 45.367569365665354 ], [ -122.280483651363099, 45.367524365030135 ], [ -122.280626651394527, 45.367491364473629 ], [ -122.280768651443026, 45.367464363958831 ], [ -122.281386651727317, 45.367371361879648 ], [ -122.281542651204219, 45.367150360065502 ], [ -122.281801651018455, 45.367010358536234 ], [ -122.281844650563499, 45.366846357364061 ], [ -122.281806650321059, 45.366777357004047 ], [ -122.281774650120255, 45.366720356708001 ], [ -122.281783649652425, 45.366562355655638 ], [ -122.281918649470668, 45.366461354676872 ], [ -122.282615649704923, 45.366329352166353 ], [ -122.282952649618011, 45.366199350522592 ], [ -122.28309764932358, 45.366058349262119 ], [ -122.283209648832951, 45.365862347722249 ], [ -122.283195648343053, 45.365704346727277 ], [ -122.283124647590355, 45.365476345411004 ], [ -122.282894647298363, 45.365448345770361 ], [ -122.282595647040807, 45.365452346500469 ], [ -122.282139646937054, 45.365554348239343 ], [ -122.282069645867168, 45.365220346226089 ], [ -122.281734643941832, 45.364681343496351 ], [ -122.280717641134828, 45.364051341760685 ], [ -122.280575641062001, 45.364069342210151 ], [ -122.280503641003634, 45.364071342391469 ], [ -122.280361640840582, 45.36405934264468 ], [ -122.280225640628871, 45.36402934276601 ], [ -122.279745639776621, 45.363888342963229 ], [ -122.279607639497343, 45.363836342944481 ], [ -122.279473639182726, 45.363771342830972 ], [ -122.279350638863036, 45.363701342658779 ], [ -122.279282638712388, 45.363671342620563 ], [ -122.279211638580108, 45.363648342635187 ], [ -122.279140638465833, 45.363631342689125 ], [ -122.279000638278063, 45.363610342877557 ], [ -122.27871563785618, 45.363554343173917 ], [ -122.278431637474327, 45.363511343552958 ], [ -122.278216637231893, 45.363494343941916 ] ], [ [ -122.282040631982682, 45.360622316306532 ], [ -122.28250563269421, 45.360723315899691 ], [ -122.283482633008632, 45.360544312496877 ], [ -122.283662633223486, 45.360563312208349 ], [ -122.283380632581043, 45.36043231200194 ], [ -122.283266631291212, 45.360038309699547 ], [ -122.282503629166058, 45.3595543082874 ], [ -122.281581628672015, 45.359656311051651 ], [ -122.280981629684391, 45.360166315751428 ], [ -122.280930629979778, 45.360279316606587 ], [ -122.2809736308716, 45.360563318364562 ], [ -122.282040631982682, 45.360622316306532 ] ] ] ] } }
]
}
